Workbook
Name \0: #REF!
Name \c: #REF!
Name \E: #REF!
Name \i: #REF!
Name \j: #REF!
Name \m: #REF!
Name \P: #REF!
Name \P: #REF!
Name \P: #REF!
Name \P: #REF!
Name \P: #REF!
Name \P: #REF!
Name \P: #REF!
Name \P: #REF!
Name \P: #REF!
Name \P: #REF!
Name \P: #REF!
Name \P: #REF!
Name \P: #REF!
Name \P: #REF!
Name \P: #REF!
Name \P: #REF!
Name \r: #N/A
Name \x: #REF!
Name \z: #REF!
Name __________ben1: #REF!
Name __________ben1: #REF!
Name __________ben1: #REF!
Name __________ben1: #REF!
Name __________ben1: #REF!
Name __________ben1: #REF!
Name __________ben1: #REF!
Name __________ben1: #REF!
Name __________ben1: #REF!
Name __________ben1: #REF!
Name __________ben1: #REF!
Name __________ben1: #REF!
Name __________ben1: #REF!
Name __________ben1: #REF!
Name __________ben1: #REF!
Name __________ben1: #REF!
Name __________ben10: #REF!
Name __________ben10: #REF!
Name __________ben10: #REF!
Name __________ben10: #REF!
Name __________ben10: #REF!
Name __________ben10: #REF!
Name __________ben10: #REF!
Name __________ben10: #REF!
Name __________ben10: #REF!
Name __________ben10: #REF!
Name __________ben10: #REF!
Name __________ben10: #REF!
Name __________ben10: #REF!
Name __________ben10: #REF!
Name __________ben10: #REF!
Name __________ben10: #REF!
Name __________ben15: #REF!
Name __________ben15: #REF!
Name __________ben15: #REF!

Sheet GDR 3760_Pto. 02_Cert. 01
F1: DÓLAR BNA | G1: DÓLAR MEP
F2: 1066.5 | G2: 1170
F4: 45667
B5: OBRA: EDIFICIO GDR 3760 | I5: Certificado | J5: 1 | N5: 45747
B6: PRESUPUESTO OBRA CIVIL
B7: PRESUPUESTO 02 - ALBANILERIA, INSTALACIONES Y TERMINACIONES | I7: Avance | L7: Importe
B8: Descripción | C8: U | D8: Cant | E8: P unit | F8: Subtotal | I8: Anterior | J8: Actual | K8: Acumulado | L8: Anterior | M8: Actual | N8: Acumulado
A9: 4 | B9: MAMPOSTERÍA | G9: =+SUM(F10:F23) -> 51045774 | H9: =+G9/$G$195 -> 0.060420265
A10: 4.01 | B10: Muro tipo 1 - Ladrillo hueco 8 x 18 x 33 | C10: m2 | D10: 621 | E10: 22140 | F10: =+E10*D10 -> 13748940 | K10: =+I10+J10 -> 0 | L10: =+F10*I10 -> 0 | M10: =+F10*J10 -> 0 | N10: =+F10*K10 -> 0
A11: 4.02 | B11: Muro tipo 2 - Ladrillo hueco 12 x 18 x 33 | C11: m2 | D11: 780 | E11: 24437 | F11: =+E11*D11 -> 19060860 | K11: =+I11+J11 -> 0 | L11: =+F11*I11 -> 0 | M11: =+F11*J11 -> 0 | N11: =+F11*K11 -> 0
A12: 4.03 | B12: Muro tipo 3 - Ladrillo comun en panderete | C12: m2 | D12: 56 | E12: 23248 | F12: =+E12*D12 -> 1301888 | K12: =+I12+J12 -> 0 | L12: =+F12*I12 -> 0 | M12: =+F12*J12 -> 0 | N12: =+F12*K12 -> 0
A13: 4.04 | B13: Muro tipo 4 - Ladrillo hueco portante 12 x 18 x 33 | C13: m2 | D13: 42 | E13: 28746 | F13: =+E13*D13 -> 1207332 | K13: =+I13+J13 -> 0 | L13: =+F13*I13 -> 0 | M13: =+F13*J13 -> 0 | N13: =+F13*K13 -> 0
A14: 4.05 | B14: Muro tipo 5 - Bloque HCCA e: 7,5 cm | C14: m2 | D14: 70 | E14: 36933 | F14: =+E14*D14 -> 2585310 | K14: =+I14+J14 -> 0 | L14: =+F14*I14 -> 0 | M14: =+F14*J14 -> 0 | N14: =+F14*K14 -> 0
A15: 4.06 | B15: Muro tipo 6 - Ladrillo hueco 18 x 18 x 33 | C15: m2 | D15: 5 | E15: 28672 | F15: =+E15*D15 -> 143360 | K15: =+I15+J15 -> 0 | L15: =+F15*I15 -> 0 | M15: =+F15*J15 -> 0 | N15: =+F15*K15 -> 0
A16: 4.07 | B16: Enchape de medianeras existentes - Contemplamos picado zonas sueltas y enchape con ladrillo comun para PB | C16: m2 | D16: 193 | E16: 18611 | F16: =+E16*D16 -> 3591923 | K16: =+I16+J16 -> 0 | L16: =+F16*I16 -> 0 | M16: =+F16*J16 -> 0 | N16: =+F16*K16 -> 0
A17: 4.08 | B17: Cordón de hormigón en umbrales carpinterías | C17: ml | D17: 61 | E17: 28578 | F17: =+E17*D17 -> 1743258 | K17: =+I17+J17 -> 0 | L17: =+F17*I17 -> 0 | M17: =+F17*J17 -> 0 | N17: =+F17*K17 -> 0
A18: 4.09 | B18: Banquina Sala tanque de bombeo | C18: gl | D18: 1 | E18: 280823 | F18: =+E18*D18 -> 280823 | K18: =+I18+J18 -> 0 | L18: =+F18*I18 -> 0 | M18: =+F18*J18 -> 0 | N18: =+F18*K18 -> 0
A19: 4.1 | B19: Banquina en parrillas | C19: gl | D19: 1 | E19: 801214 | F19: =+E19*D19 -> 801214 | K19: =+I19+J19 -> 0 | L19: =+F19*I19 -> 0 | M19: =+F19*J19 -> 0 | N19: =+F19*K19 -> 0
A20: 4.11 | B20: Excavación y amurado con Hº tanque de recuperación de agua de lluvia | C20: gl | D20: 1 | E20: 525234 | F20: =+E20*D20 -> 525234 | K20: =+I20+J20 -> 0 | L20: =+F20*I20 -> 0 | M20: =+F20*J20 -> 0 | N20: =+F20*K20 -> 0
A21: 4.12 | B21: Provisión y amurado de tapas de inspección para tanque de reserva | C21: u | D21: 3 | E21: 237784 | F21: =+E21*D21 -> 713352 | K21: =+I21+J21 -> 0 | L21: =+F21*I21 -> 0 | M21: =+F21*J21 -> 0 | N21: =+F21*K21 -> 0
... A23: 4.14 | B23: Amurado de bañera | C23: u | D23: 8 | E23: 177655 | F23: =+E23*D23 -> 1421240 | K23: =+I23+J23 -> 0 | L23: =+F23*I23 -> 0 | M23: =+F23*J23 -> 0 | N23: =+F23*K23 -> 0
A24: 5 | B24: AISLACIONES | G24: =+SUM(F25:F31) -> 19239698 | H24: =+G24/$G$195 -> 0.022773044
A25: 5.01 | B25: Cajón hidrofugo | C25: ml | D25: 136 | E25: 6496 | F25: =+E25*D25 -> 883456 | K25: =+I25+J25 -> 0 | L25: =+F25*I25 -> 0 | M25: =+F25*J25 -> 0 | N25: =+F25*K25 -> 0
A26: 5.02 | B26: Aislación hidrófuga horizontal (baños) - Inc. membrana geotextil y 35% en concepto de babetas | C26: m2 | D26: 77 | E26: 33270 | F26: =+E26*D26 -> 2561790 | K26: =+I26+J26 -> 0 | L26: =+F26*I26 -> 0 | M26: =+F26*J26 -> 0 | N26: =+F26*K26 -> 0
A27: 5.03 | B27: Azotado hidrófugo - Contrapiso de PB | C27: m2 | D27: 107 | E27: 6496 | F27: =+E27*D27 -> 695072 | K27: =+I27+J27 -> 0 | L27: =+F27*I27 -> 0 | M27: =+F27*J27 -> 0 | N27: =+F27*K27 -> 0
A28: 5.04 | B28: Aislación térmica en terrazas, eps e:2,00 cm | C28: m2 | D28: 186 | E28: 4832 | F28: =+E28*D28 -> 898752 | K28: =+I28+J28 -> 0 | L28: =+F28*I28 -> 0 | M28: =+F28*J28 -> 0 | N28: =+F28*K28 -> 0
A29: 5.05 | B29: Barrera de vapor | C29: m2 | D29: 186 | E29: 4134 | F29: =+E29*D29 -> 768924 | K29: =+I29+J29 -> 0 | L29: =+F29*I29 -> 0 | M29: =+F29*J29 -> 0 | N29: =+F29*K29 -> 0
A30: 5.06 | B30: Membrana asfáltica geotextil 4mm - Balcones y azotea - Inc. 20% en concepto de babetas | C30: m2 | D30: 390 | E30: 28187 | F30: =+E30*D30 -> 10992930 | K30: =+I30+J30 -> 0 | L30: =+F30*I30 -> 0 | M30: =+F30*J30 -> 0 | N30: =+F30*K30 -> 0
A31: 5.07 | B31: Impermeabilización de tanque de reserva de HºAº | C31: gl | D31: 1 | E31: 2438774 | F31: =+E31*D31 -> 2438774 | K31: =+I31+J31 -> 0 | L31: =+F31*I31 -> 0 | M31: =+F31*J31 -> 0 | N31: =+F31*K31 -> 0
A32: 6 | B32: CUBIERTAS | G32: =+SUM(F33) -> 1722875 | H32: =+G32/$G$195 -> 0.0020392788
A33: 6.02 | B33: Babeta de chapa galvanizada en medianeras | C33: ml | D33: 55 | E33: 31325 | F33: =+E33*D33 -> 1722875 | K33: =+I33+J33 -> 0 | L33: =+F33*I33 -> 0 | M33: =+F33*J33 -> 0 | N33: =+F33*K33 -> 0
A34: 7 | B34: REVOQUES | G34: =+SUM(F35:F40) -> 92324467 | H34: =+G34/$G$195 -> 0.10927974
A35: 7.01 | B35: Revoque Grueso Impermeable Exterior | C35: m2 | D35: 879 | E35: 19943 | F35: =+E35*D35 -> 17529897 | K35: =+I35+J35 -> 0 | L35: =+F35*I35 -> 0 | M35: =+F35*J35 -> 0 | N35: =+F35*K35 -> 0
A36: 7.02 | B36: Revoque Grueso Impermeable Exterior a mas de 3m - Medianero y fachadas | C36: m2 | D36: 716 | E36: 26767 | F36: =+E36*D36 -> 19165172 | K36: =+I36+J36 -> 0 | L36: =+F36*I36 -> 0 | M36: =+F36*J36 -> 0 | N36: =+F36*K36 -> 0
A37: 7.03 | B37: Yeso interior | C37: m2 | D37: 1439 | E37: 22963 | F37: =+E37*D37 -> 33043757 | K37: =+I37+J37 -> 0 | L37: =+F37*I37 -> 0 | M37: =+F37*J37 -> 0 | N37: =+F37*K37 -> 0
A38: 7.04 | B38: Arista en yeso | C38: ml | D38: 347 | E38: 16909 | F38: =+E38*D38 -> 5867423 | K38: =+I38+J38 -> 0 | L38: =+F38*I38 -> 0 | M38: =+F38*J38 -> 0 | N38: =+F38*K38 -> 0
A39: 7.05 | B39: Provisión y colocación de guardacanto yesero | C39: un | D39: 132 | E39: 19384 | F39: =+E39*D39 -> 2558688 | K39: =+I39+J39 -> 0 | L39: =+F39*I39 -> 0 | M39: =+F39*J39 -> 0 | N39: =+F39*K39 -> 0
A40: 7.06 | B40: Revoque Grueso Impermeable Interior b/ revestimiento | C40: m2 | D40: 710 | E40: 19943 | F40: =+E40*D40 -> 14159530 | K40: =+I40+J40 -> 0 | L40: =+F40*I40 -> 0 | M40: =+F40*J40 -> 0 | N40: =+F40*K40 -> 0
A41: 8 | B41: CONTRAPISOS Y CARPETAS | G41: =+SUM(F42:F49) -> 49520833 | H41: =+G41/$G$195 -> 0.058615271
A42: 8.01 | B42: Contrapiso de Hº armado e: 18 cm, incluye malla Ø 6 mm y film 200 mic. | C42: m2 | D42: 107 | E42: 58580 | F42: =+E42*D42 -> 6268060 | K42: =+I42+J42 -> 0 | L42: =+F42*I42 -> 0 | M42: =+F42*J42 -> 0 | N42: =+F42*K42 -> 0
A43: 8.02 | B43: Contrapiso de H13 subase bajo intertrabado y garden block | C43: m2 | D43: 258 | E43: 38729 | F43: =+E43*D43 -> 9992082 | K43: =+I43+J43 -> 0 | L43: =+F43*I43 -> 0 | M43: =+F43*J43 -> 0 | N43: =+F43*K43 -> 0
A44: 8.03 | B44: Monolítico e: 6 cm | C44: m2 | D44: 425 | E44: 22943 | F44: =+E44*D44 -> 9750775 | K44: =+I44+J44 -> 0 | L44: =+F44*I44 -> 0 | M44: =+F44*J44 -> 0 | N44: =+F44*K44 -> 0
A45: 8.04 | B45: Contrapiso alivianado en azoteas (RDC), e: 15 cm | C45: m2 | D45: 200 | E45: 40355 | F45: =+E45*D45 -> 8071000 | K45: =+I45+J45 -> 0 | L45: =+F45*I45 -> 0 | M45: =+F45*J45 -> 0 | N45: =+F45*K45 -> 0
A46: 8.05 | B46: Contrapiso con piedra binder e: 4/5 cm - En locales húmedos (baños) | C46: m2 | D46: 77 | E46: 31515 | F46: =+E46*D46 -> 2426655 | K46: =+I46+J46 -> 0 | L46: =+F46*I46 -> 0 | M46: =+F46*J46 -> 0 | N46: =+F46*K46 -> 0
A47: 8.06 | B47: Carpeta autonivelante e: 4/10 mm - En locales húmedos (baños) | C47: m2 | D47: 77 | E47: 19683 | F47: =+E47*D47 -> 1515591 | K47: =+I47+J47 -> 0 | L47: =+F47*I47 -> 0 | M47: =+F47*J47 -> 0 | N47: =+F47*K47 -> 0
A48: 8.07 | B48: Carpeta a la cal reforzada | C48: m2 | D48: 442 | E48: 14335 | F48: =+E48*D48 -> 6336070 | K48: =+I48+J48 -> 0 | L48: =+F48*I48 -> 0 | M48: =+F48*J48 -> 0 | N48: =+F48*K48 -> 0
A49: 8.08 | B49: Carpeta a la cal reforzada s/membrana | C49: m2 | D49: 360 | E49: 14335 | F49: =+E49*D49 -> 5160600 | K49: =+I49+J49 -> 0 | L49: =+F49*I49 -> 0 | M49: =+F49*J49 -> 0 | N49: =+F49*K49 -> 0
A50: 9 | B50: ESCALERAS | G50: =+SUM(F51:F53) -> 4852846 | H50: =+G50/$G$195 -> 0.005744065
A51: 9.01 | B51: Provisión y ejecución de cemento alisado arrodillado, e: 3,00 cm, en alzada y pedad | C51: gl | D51: 1 | E51: 2109310 | F51: =+E51*D51 -> 2109310 | K51: =+I51+J51 -> 0 | L51: =+F51*I51 -> 0 | M51: =+F51*J51 -> 0 | N51: =+F51*K51 -> 0
A52: 9.02 | B52: Provisión nariz escalera, hierro angulo 5/8 x 1/8" | C52: un | D52: 81 | E52: 28022 | F52: =+E52*D52 -> 2269782 | K52: =+I52+J52 -> 0 | L52: =+F52*I52 -> 0 | M52: =+F52*J52 -> 0 | N52: =+F52*K52 -> 0
A53: 9.03 | B53: Ejecución de zócalo rampante de concreto h: 10 cm | C53: ml | D53: 46 | E53: 10299 | F53: =+E53*D53 -> 473754 | K53: =+I53+J53 -> 0 | L53: =+F53*I53 -> 0 | M53: =+F53*J53 -> 0 | N53: =+F53*K53 -> 0
A54: 10 | B54: VENTILACIONES - PROVISION A CARGO DEL COMITENTE | G54: =+SUM(F55:F58) -> 4184652 | H54: =+G54/$G$195 -> 0.004953158
A55: 10.01 | B55: Montaje de conductos de ventilación de baños C27 - Provisión a cargo del comitente | C55: gl | D55: 1 | E55: 1844532 | F55: =+E55*D55 -> 1844532 | K55: =+I55+J55 -> 0 | L55: =+F55*I55 -> 0 | M55: =+F55*J55 -> 0 | N55: =+F55*K55 -> 0
A56: 10.02 | B56: Montaje de conductos de ventilación de parrillas C27 - Provisión a cargo del comitente | C56: gl | D56: 1 | E56: 1214937 | F56: =+E56*D56 -> 1214937 | K56: =+I56+J56 -> 0 | L56: =+F56*I56 -> 0 | M56: =+F56*J56 -> 0 | N56: =+F56*K56 -> 0
A57: 10.03 | B57: Montaje de campanas de parrillas C22 - Provisión a cargo del comitente | C57: gl | D57: 1 | E57: 539833 | F57: =+E57*D57 -> 539833 | K57: =+I57+J57 -> 0 | L57: =+F57*I57 -> 0 | M57: =+F57*J57 -> 0 | N57: =+F57*K57 -> 0
A58: 10.04 | B58: Montaje de sombreretes en chapa prepintada C25 - Provisión a cargo del comitente | C58: u | D58: 10 | E58: 58535 | F58: =+E58*D58 -> 585350 | K58: =+I58+J58 -> 0 | L58: =+F58*I58 -> 0 | M58: =+F58*J58 -> 0 | N58: =+F58*K58 -> 0
A59: 11 | B59: PISOS - PROVISION A CARGO DEL COMITENTE | G59: =+SUM(F60:F70) -> 31170783 | H59: =+G59/$G$195 -> 0.036895258
A60: 11.01 | B60: Provisión y ejecución de alisado de cemento a la llana metálica, e: 6,00 cm | C60: m2 | D60: 0 | E60: 0 | F60: =+E60*D60 -> 0 | K60: =+I60+J60 -> 0 | L60: =+F60*I60 -> 0 | M60: =+F60*J60 -> 0 | N60: =+F60*K60 -> 0
A61: 11.02 | B61: Provisión y ejecución de cemento alisado arrodillado, e: 3,00 cm | C61: m2 | D61: 39 | E61: 19280 | F61: =+E61*D61 -> 751920 | K61: =+I61+J61 -> 0 | L61: =+F61*I61 -> 0 | M61: =+F61*J61 -> 0 | N61: =+F61*K61 -> 0
A62: 11.03 | B62: Colocación de porcelanato a definir en sspacios comunes - Provisión a cargo del comitente | C62: m2 | D62: 48 | E62: 25362 | F62: =+E62*D62 -> 1217376 | K62: =+I62+J62 -> 0 | L62: =+F62*I62 -> 0 | M62: =+F62*J62 -> 0 | N62: =+F62*K62 -> 0
A63: 11.04 | B63: Colocación de pavimento intertrabado de H°, incluye provisión y colocación de cama de arena + tomado de junta - Provisión a cargo del comitente | C63: m2 | D63: 174 | E63: 19164 | F63: =+E63*D63 -> 3334536 | K63: =+I63+J63 -> 0 | L63: =+F63*I63 -> 0 | M63: =+F63*J63 -> 0 | N63: =+F63*K63 -> 0
A64: 11.05 | B64: Colocación de garden block, incluye provisión y colocación de cama de arena + tomado de junta - Provisión a cargo del comitente | C64: m2 | D64: 92 | E64: 19164 | F64: =+E64*D64 -> 1763088 | K64: =+I64+J64 -> 0 | L64: =+F64*I64 -> 0 | M64: =+F64*J64 -> 0 | N64: =+F64*K64 -> 0
A65: 11.06 | B65: Provisión y colocación de relleno de piedra binder | C65: m2 | D65: 8 | E65: 14043 | F65: =+E65*D65 -> 112344 | K65: =+I65+J65 -> 0 | L65: =+F65*I65 -> 0 | M65: =+F65*J65 -> 0 | N65: =+F65*K65 -> 0
A66: 11.07 | B66: Colocación de baldoson granítico vereda 40 x 40 - Provisión a cargo del comitente | C66: m2 | D66: 46 | E66: 26630 | F66: =+E66*D66 -> 1224980 | K66: =+I66+J66 -> 0 | L66: =+F66*I66 -> 0 | M66: =+F66*J66 -> 0 | N66: =+F66*K66 -> 0
A67: 11.08 | B67: Colocación de porcelanato a definir Interior UF - Provisión a cargo del comitente | C67: m2 | D67: 562 | E67: 25362 | F67: =+E67*D67 -> 14253444 | K67: =+I67+J67 -> 0 | L67: =+F67*I67 -> 0 | M67: =+F67*J67 -> 0 | N67: =+F67*K67 -> 0
A68: 11.09 | B68: Colocación de porcelanato a definir Baños - Provisión a cargo del comitente | C68: m2 | D68: 73 | E68: 30109 | F68: =+E68*D68 -> 2197957 | K68: =+I68+J68 -> 0 | L68: =+F68*I68 -> 0 | M68: =+F68*J68 -> 0 | N68: =+F68*K68 -> 0
A69: 11.1 | B69: Colocación de porcelanato a definir Balcones - Provisión a cargo del comitente | C69: m2 | D69: 143 | E69: 25362 | F69: =+E69*D69 -> 3626766 | K69: =+I69+J69 -> 0 | L69: =+F69*I69 -> 0 | M69: =+F69*J69 -> 0 | N69: =+F69*K69 -> 0
A70: 11.11 | B70: Colocación de porcelanato a definir Palier - Provisión a cargo del comitente | C70: m2 | D70: 106 | E70: 25362 | F70: =+E70*D70 -> 2688372 | K70: =+I70+J70 -> 0 | L70: =+F70*I70 -> 0 | M70: =+F70*J70 -> 0 | N70: =+F70*K70 -> 0
A71: 12 | B71: ZOCALOS Y SOLIAS - PROVISION A CARGO DEL COMITENTE | G71: =+SUM(F72:F74) -> 8990052 | H71: =+G71/$G$195 -> 0.010641064
A72: =+A71+0.01 -> 12.01 | B72: Ejecución de zócalo de concreto h: 10 cm | C72: ml | D72: 19 | E72: 6496 | F72: =+E72*D72 -> 123424 | K72: =+I72+J72 -> 0 | L72: =+F72*I72 -> 0 | M72: =+F72*J72 -> 0 | N72: =+F72*K72 -> 0
A73: 12.02 | B73: Provisión y colocación de zócalo de MDF prepintado color bco. h: 7cm | C73: ml | D73: 626 | E73: 9059 | F73: =+E73*D73 -> 5670934 | K73: =+I73+J73 -> 0 | L73: =+F73*I73 -> 0 | M73: =+F73*J73 -> 0 | N73: =+F73*K73 -> 0
A74: 12.03 | B74: Colocación de zócalo de porcelanato - Provisión a cargo del comitente | C74: ml | D74: 386 | E74: 8279 | F74: =+E74*D74 -> 3195694 | K74: =+I74+J74 -> 0 | L74: =+F74*I74 -> 0 | M74: =+F74*J74 -> 0 | N74: =+F74*K74 -> 0
A75: 13 | B75: REVESTIMIENTOS - PROVISION A CARGO DEL COMITENTE | G75: =+SUM(F76:F79) -> 14836279 | H75: =+G75/$G$195 -> 0.017560943
A76: 13.01 | B76: Colocación de porcelanato en baños - Provisión a cargo del comitente | C76: m2 | D76: 413 | E76: 30109 | F76: =+E76*D76 -> 12435017 | K76: =+I76+J76 -> 0 | L76: =+F76*I76 -> 0 | M76: =+F76*J76 -> 0 | N76: =+F76*K76 -> 0
A77: 13.02 | B77: Colocación de revestimiento en cocinas - Provisión a cargo del comitente | C77: m2 | D77: 18 | E77: 30109 | F77: =+E77*D77 -> 541962 | K77: =+I77+J77 -> 0 | L77: =+F77*I77 -> 0 | M77: =+F77*J77 -> 0 | N77: =+F77*K77 -> 0
A78: 13.03 | B78: Colocación de listones refractarios en parrillas - Provisión a cargo del comitente | C78: m2 | D78: 20 | E78: 92965 | F78: =+E78*D78 -> 1859300 | K78: =+I78+J78 -> 0 | L78: =+F78*I78 -> 0 | M78: =+F78*J78 -> 0 | N78: =+F78*K78 -> 0
A79: 13.04 | B79: Revestimiento Simil madera - Cotizado en provisiones | C79: m2 | D79: 0 | E79: 0 | F79: =+E79*D79 -> 0 | K79: =+I79+J79 -> 0 | L79: =+F79*I79 -> 0 | M79: =+F79*J79 -> 0 | N79: =+F79*K79 -> 0
A80: 14 | B80: CIELORRASOS | G80: =+SUM(F81:F87) -> 33813897 | H80: =+G80/$G$195 -> 0.040023776
A81: =+A80+0.01 -> 14.01 | B81: Aplicado de yeso | C81: m2 | D81: 460 | E81: 23624 | F81: =+E81*D81 -> 10867040 | K81: =+I81+J81 -> 0 | L81: =+F81*I81 -> 0 | M81: =+F81*J81 -> 0 | N81: =+F81*K81 -> 0
A82: 14.02 | B82: Buña en yeso aplicado | C82: ml | D82: 434 | E82: 16659 | F82: =+E82*D82 -> 7230006 | K82: =+I82+J82 -> 0 | L82: =+F82*I82 -> 0 | M82: =+F82*J82 -> 0 | N82: =+F82*K82 -> 0
A83: 14.03 | B83: Cielorraso suspendido en placa STD | C83: m2 | D83: 115 | E83: 35817 | F83: =+E83*D83 -> 4118955 | K83: =+I83+J83 -> 0 | L83: =+F83*I83 -> 0 | M83: =+F83*J83 -> 0 | N83: =+F83*K83 -> 0
A84: 14.04 | B84: Cielorraso suspendido en placa RH | C84: m2 | D84: 89 | E84: 41132 | F84: =+E84*D84 -> 3660748 | K84: =+I84+J84 -> 0 | L84: =+F84*I84 -> 0 | M84: =+F84*J84 -> 0 | N84: =+F84*K84 -> 0
A85: 14.05 | B85: Buña Z en cielorraso suspendido | C85: ml | D85: 530 | E85: 9274 | F85: =+E85*D85 -> 4915220 | K85: =+I85+J85 -> 0 | L85: =+F85*I85 -> 0 | M85: =+F85*J85 -> 0 | N85: =+F85*K85 -> 0
A86: 14.06 | B86: Cantonera / Cajón | C86: ml | D86: 56 | E86: 9274 | F86: =+E86*D86 -> 519344 | K86: =+I86+J86 -> 0 | L86: =+F86*I86 -> 0 | M86: =+F86*J86 -> 0 | N86: =+F86*K86 -> 0
A87: 14.07 | B87: Hormigon visto, maquillaje | C87: m2 | D87: 469 | E87: 5336 | F87: =+E87*D87 -> 2502584 | K87: =+I87+J87 -> 0 | L87: =+F87*I87 -> 0 | M87: =+F87*J87 -> 0 | N87: =+F87*K87 -> 0
A88: 15 | B88: PINTURA | G88: =+SUM(F89:F100) -> 81675029 | H88: =+G88/$G$195 -> 0.096674544
A89: 15.01 | B89: Latex exterior mate en paredes, color bco., sin enduido, a mas de 3 m de altura - Medianeras | C89: m2 | D89: 739 | E89: 22075 | F89: =+E89*D89 -> 16313425 | K89: =+I89+J89 -> 0 | L89: =+F89*I89 -> 0 | M89: =+F89*J89 -> 0 | N89: =+F89*K89 -> 0
A90: 15.02 | B90: Latex interior mate en paredes, color bco., con enduido parcial | C90: m2 | D90: 1439 | E90: 8883 | F90: =+E90*D90 -> 12782637 | K90: =+I90+J90 -> 0 | L90: =+F90*I90 -> 0 | M90: =+F90*J90 -> 0 | N90: =+F90*K90 -> 0
A91: 15.03 | B91: Latex interior mate en paredes, color bco., con enduido completo | C91: m2 | D91: 462 | E91: 14295 | F91: =+E91*D91 -> 6604290 | K91: =+I91+J91 -> 0 | L91: =+F91*I91 -> 0 | M91: =+F91*J91 -> 0 | N91: =+F91*K91 -> 0
A92: 15.04 | B92: Latex exterior acrílico en cielorraso, color a definir, sin enduido - Sector cocheras | C92: m2 | D92: 144 | E92: 7538 | F92: =+E92*D92 -> 1085472 | K92: =+I92+J92 -> 0 | L92: =+F92*I92 -> 0 | M92: =+F92*J92 -> 0 | N92: =+F92*K92 -> 0
A93: 15.05 | B93: Latex interior mate en cielorraso, color bco., con enduido parcial | C93: m2 | D93: 460 | E93: 8883 | F93: =+E93*D93 -> 4086180 | K93: =+I93+J93 -> 0 | L93: =+F93*I93 -> 0 | M93: =+F93*J93 -> 0 | N93: =+F93*K93 -> 0
A94: 15.06 | B94: Latex interior mate en cielorraso, color bco., con enduido completo | C94: m2 | D94: 204 | E94: 15750 | F94: =+E94*D94 -> 3213000 | K94: =+I94+J94 -> 0 | L94: =+F94*I94 -> 0 | M94: =+F94*J94 -> 0 | N94: =+F94*K94 -> 0
A95: 15.07 | B95: Impermeabilizane de Hº, silicona transparente | C95: m2 | D95: 262 | E95: 17154 | F95: =+E95*D95 -> 4494348 | K95: =+I95+J95 -> 0 | L95: =+F95*I95 -> 0 | M95: =+F95*J95 -> 0 | N95: =+F95*K95 -> 0
A96: 15.08 | B96: Revestimiento tipo Tarquini hasta 3 m de altura | C96: m2 | D96: 756 | E96: 26534 | F96: =+E96*D96 -> 20059704 | K96: =+I96+J96 -> 0 | L96: =+F96*I96 -> 0 | M96: =+F96*J96 -> 0 | N96: =+F96*K96 -> 0
A97: 15.09 | B97: Revestimiento tipo Tarquini a mas de 3 m de altura | C97: m2 | D97: 56 | E97: 31737 | F97: =+E97*D97 -> 1777272 | K97: =+I97+J97 -> 0 | L97: =+F97*I97 -> 0 | M97: =+F97*J97 -> 0 | N97: =+F97*K97 -> 0
A98: 15.1 | B98: Franjas división cocheras | C98: gl | D98: 1 | E98: 885031 | F98: =+E98*D98 -> 885031 | K98: =+I98+J98 -> 0 | L98: =+F98*I98 -> 0 | M98: =+F98*J98 -> 0 | N98: =+F98*K98 -> 0
A99: 15.11 | B99: Esmalte sintetico en puertas color bco. - Puertas placa, de chapa y de ascensor | C99: un | D99: 73 | E99: 83386 | F99: =+E99*D99 -> 6087178 | K99: =+I99+J99 -> 0 | L99: =+F99*I99 -> 0 | M99: =+F99*J99 -> 0 | N99: =+F99*K99 -> 0
A100: 15.12 | B100: Esmalte sintético convertidor antioxido color negro satinado en herrería - Barandas, herrerías, etc. | C100: gl | D100: 1 | E100: 4286492 | F100: =+E100*D100 -> 4286492 | K100: =+I100+J100 -> 0 | L100: =+F100*I100 -> 0 | M100: =+F100*J100 -> 0 | N100: =+F100*K100 -> 0
A101: 16 | B101: MARMOLES Y GRANITOS - PROVISION A CARGO DEL COMITENTE | G101: =+SUM(F102) -> 0 | H101: =+G101/$G$195 -> 0
E102: 0 | F102: =+E102*D102 -> 0 | K102: =+I102+J102 -> 0 | L102: =+F102*I102 -> 0 | M102: =+F102*J102 -> 0 | N102: =+F102*K102 -> 0
...

Sheet GDR 3760_Pto. 02_Cert. 02
F1: DÓLAR BNA | G1: DÓLAR MEP
F2: 1066.5 | G2: 1170
F4: 45667
B5: OBRA: EDIFICIO GDR 3760 | I5: Certificado | J5: 2 | N5: 45777
B6: PRESUPUESTO OBRA CIVIL
B7: PRESUPUESTO 02 - ALBANILERIA, INSTALACIONES Y TERMINACIONES | I7: Avance | L7: Importe
B8: Descripción | C8: U | D8: Cant | E8: P unit | F8: Subtotal | I8: Anterior | J8: Actual | K8: Acumulado | L8: Anterior | M8: Actual | N8: Acumulado
A9: 4 | B9: MAMPOSTERÍA | G9: =+SUM(F10:F23) -> 51045774 | H9: =+G9/$G$195 -> 0.060420265
A10: 4.01 | B10: Muro tipo 1 - Ladrillo hueco 8 x 18 x 33 | C10: m2 | D10: 621 | E10: 22140 | F10: =+E10*D10 -> 13748940 | I10: ='GDR 3760_Pto. 02_Cert. 01'!K10 -> 0 | K10: =+I10+J10 -> 0 | L10: =+F10*I10 -> 0 | M10: =+F10*J10 -> 0 | N10: =+F10*K10 -> 0
A11: 4.02 | B11: Muro tipo 2 - Ladrillo hueco 12 x 18 x 33 | C11: m2 | D11: 780 | E11: 24437 | F11: =+E11*D11 -> 19060860 | I11: ='GDR 3760_Pto. 02_Cert. 01'!K11 -> 0 | K11: =+I11+J11 -> 0 | L11: =+F11*I11 -> 0 | M11: =+F11*J11 -> 0 | N11: =+F11*K11 -> 0
A12: 4.03 | B12: Muro tipo 3 - Ladrillo comun en panderete | C12: m2 | D12: 56 | E12: 23248 | F12: =+E12*D12 -> 1301888 | I12: ='GDR 3760_Pto. 02_Cert. 01'!K12 -> 0 | K12: =+I12+J12 -> 0 | L12: =+F12*I12 -> 0 | M12: =+F12*J12 -> 0 | N12: =+F12*K12 -> 0
A13: 4.04 | B13: Muro tipo 4 - Ladrillo hueco portante 12 x 18 x 33 | C13: m2 | D13: 42 | E13: 28746 | F13: =+E13*D13 -> 1207332 | I13: ='GDR 3760_Pto. 02_Cert. 01'!K13 -> 0 | K13: =+I13+J13 -> 0 | L13: =+F13*I13 -> 0 | M13: =+F13*J13 -> 0 | N13: =+F13*K13 -> 0
A14: 4.05 | B14: Muro tipo 5 - Bloque HCCA e: 7,5 cm | C14: m2 | D14: 70 | E14: 36933 | F14: =+E14*D14 -> 2585310 | I14: ='GDR 3760_Pto. 02_Cert. 01'!K14 -> 0 | K14: =+I14+J14 -> 0 | L14: =+F14*I14 -> 0 | M14: =+F14*J14 -> 0 | N14: =+F14*K14 -> 0
A15: 4.06 | B15: Muro tipo 6 - Ladrillo hueco 18 x 18 x 33 | C15: m2 | D15: 5 | E15: 28672 | F15: =+E15*D15 -> 143360 | I15: ='GDR 3760_Pto. 02_Cert. 01'!K15 -> 0 | K15: =+I15+J15 -> 0 | L15: =+F15*I15 -> 0 | M15: =+F15*J15 -> 0 | N15: =+F15*K15 -> 0
A16: 4.07 | B16: Enchape de medianeras existentes - Contemplamos picado zonas sueltas y enchape con ladrillo comun para PB | C16: m2 | D16: 193 | E16: 18611 | F16: =+E16*D16 -> 3591923 | I16: ='GDR 3760_Pto. 02_Cert. 01'!K16 -> 0 | K16: =+I16+J16 -> 0 | L16: =+F16*I16 -> 0 | M16: =+F16*J16 -> 0 | N16: =+F16*K16 -> 0
A17: 4.08 | B17: Cordón de hormigón en umbrales carpinterías | C17: ml | D17: 61 | E17: 28578 | F17: =+E17*D17 -> 1743258 | I17: ='GDR 3760_Pto. 02_Cert. 01'!K17 -> 0 | K17: =+I17+J17 -> 0 | L17: =+F17*I17 -> 0 | M17: =+F17*J17 -> 0 | N17: =+F17*K17 -> 0
A18: 4.09 | B18: Banquina Sala tanque de bombeo | C18: gl | D18: 1 | E18: 280823 | F18: =+E18*D18 -> 280823 | I18: ='GDR 3760_Pto. 02_Cert. 01'!K18 -> 0 | K18: =+I18+J18 -> 0 | L18: =+F18*I18 -> 0 | M18: =+F18*J18 -> 0 | N18: =+F18*K18 -> 0
A19: 4.1 | B19: Banquina en parrillas | C19: gl | D19: 1 | E19: 801214 | F19: =+E19*D19 -> 801214 | I19: ='GDR 3760_Pto. 02_Cert. 01'!K19 -> 0 | K19: =+I19+J19 -> 0 | L19: =+F19*I19 -> 0 | M19: =+F19*J19 -> 0 | N19: =+F19*K19 -> 0
A20: 4.11 | B20: Excavación y amurado con Hº tanque de recuperación de agua de lluvia | C20: gl | D20: 1 | E20: 525234 | F20: =+E20*D20 -> 525234 | I20: ='GDR 3760_Pto. 02_Cert. 01'!K20 -> 0 | K20: =+I20+J20 -> 0 | L20: =+F20*I20 -> 0 | M20: =+F20*J20 -> 0 | N20: =+F20*K20 -> 0
A21: 4.12 | B21: Provisión y amurado de tapas de inspección para tanque de reserva | C21: u | D21: 3 | E21: 237784 | F21: =+E21*D21 -> 713352 | I21: ='GDR 3760_Pto. 02_Cert. 01'!K21 -> 0 | K21: =+I21+J21 -> 0 | L21: =+F21*I21 -> 0 | M21: =+F21*J21 -> 0 | N21: =+F21*K21 -> 0
... A23: 4.14 | B23: Amurado de bañera | C23: u | D23: 8 | E23: 177655 | F23: =+E23*D23 -> 1421240 | I23: ='GDR 3760_Pto. 02_Cert. 01'!K23 -> 0 | K23: =+I23+J23 -> 0 | L23: =+F23*I23 -> 0 | M23: =+F23*J23 -> 0 | N23: =+F23*K23 -> 0
A24: 5 | B24: AISLACIONES | G24: =+SUM(F25:F31) -> 19239698 | H24: =+G24/$G$195 -> 0.022773044
A25: 5.01 | B25: Cajón hidrofugo | C25: ml | D25: 136 | E25: 6496 | F25: =+E25*D25 -> 883456 | I25: ='GDR 3760_Pto. 02_Cert. 01'!K25 -> 0 | K25: =+I25+J25 -> 0 | L25: =+F25*I25 -> 0 | M25: =+F25*J25 -> 0 | N25: =+F25*K25 -> 0
A26: 5.02 | B26: Aislación hidrófuga horizontal (baños) - Inc. membrana geotextil y 35% en concepto de babetas | C26: m2 | D26: 77 | E26: 33270 | F26: =+E26*D26 -> 2561790 | I26: ='GDR 3760_Pto. 02_Cert. 01'!K26 -> 0 | K26: =+I26+J26 -> 0 | L26: =+F26*I26 -> 0 | M26: =+F26*J26 -> 0 | N26: =+F26*K26 -> 0
A27: 5.03 | B27: Azotado hidrófugo - Contrapiso de PB | C27: m2 | D27: 107 | E27: 6496 | F27: =+E27*D27 -> 695072 | I27: ='GDR 3760_Pto. 02_Cert. 01'!K27 -> 0 | K27: =+I27+J27 -> 0 | L27: =+F27*I27 -> 0 | M27: =+F27*J27 -> 0 | N27: =+F27*K27 -> 0
A28: 5.04 | B28: Aislación térmica en terrazas, eps e:2,00 cm | C28: m2 | D28: 186 | E28: 4832 | F28: =+E28*D28 -> 898752 | I28: ='GDR 3760_Pto. 02_Cert. 01'!K28 -> 0 | K28: =+I28+J28 -> 0 | L28: =+F28*I28 -> 0 | M28: =+F28*J28 -> 0 | N28: =+F28*K28 -> 0
A29: 5.05 | B29: Barrera de vapor | C29: m2 | D29: 186 | E29: 4134 | F29: =+E29*D29 -> 768924 | I29: ='GDR 3760_Pto. 02_Cert. 01'!K29 -> 0 | K29: =+I29+J29 -> 0 | L29: =+F29*I29 -> 0 | M29: =+F29*J29 -> 0 | N29: =+F29*K29 -> 0
A30: 5.06 | B30: Membrana asfáltica geotextil 4mm - Balcones y azotea - Inc. 20% en concepto de babetas | C30: m2 | D30: 390 | E30: 28187 | F30: =+E30*D30 -> 10992930 | I30: ='GDR 3760_Pto. 02_Cert. 01'!K30 -> 0 | K30: =+I30+J30 -> 0 | L30: =+F30*I30 -> 0 | M30: =+F30*J30 -> 0 | N30: =+F30*K30 -> 0
A31: 5.07 | B31: Impermeabilización de tanque de reserva de HºAº | C31: gl | D31: 1 | E31: 2438774 | F31: =+E31*D31 -> 2438774 | I31: ='GDR 3760_Pto. 02_Cert. 01'!K31 -> 0 | K31: =+I31+J31 -> 0 | L31: =+F31*I31 -> 0 | M31: =+F31*J31 -> 0 | N31: =+F31*K31 -> 0
A32: 6 | B32: CUBIERTAS | G32: =+SUM(F33) -> 1722875 | H32: =+G32/$G$195 -> 0.0020392788
A33: 6.02 | B33: Babeta de chapa galvanizada en medianeras | C33: ml | D33: 55 | E33: 31325 | F33: =+E33*D33 -> 1722875 | I33: ='GDR 3760_Pto. 02_Cert. 01'!K33 -> 0 | K33: =+I33+J33 -> 0 | L33: =+F33*I33 -> 0 | M33: =+F33*J33 -> 0 | N33: =+F33*K33 -> 0
A34: 7 | B34: REVOQUES | G34: =+SUM(F35:F40) -> 92324467 | H34: =+G34/$G$195 -> 0.10927974
A35: 7.01 | B35: Revoque Grueso Impermeable Exterior | C35: m2 | D35: 879 | E35: 19943 | F35: =+E35*D35 -> 17529897 | I35: ='GDR 3760_Pto. 02_Cert. 01'!K35 -> 0 | K35: =+I35+J35 -> 0 | L35: =+F35*I35 -> 0 | M35: =+F35*J35 -> 0 | N35: =+F35*K35 -> 0
A36: 7.02 | B36: Revoque Grueso Impermeable Exterior a mas de 3m - Medianero y fachadas | C36: m2 | D36: 716 | E36: 26767 | F36: =+E36*D36 -> 19165172 | I36: ='GDR 3760_Pto. 02_Cert. 01'!K36 -> 0 | K36: =+I36+J36 -> 0 | L36: =+F36*I36 -> 0 | M36: =+F36*J36 -> 0 | N36: =+F36*K36 -> 0
A37: 7.03 | B37: Yeso interior | C37: m2 | D37: 1439 | E37: 22963 | F37: =+E37*D37 -> 33043757 | I37: ='GDR 3760_Pto. 02_Cert. 01'!K37 -> 0 | K37: =+I37+J37 -> 0 | L37: =+F37*I37 -> 0 | M37: =+F37*J37 -> 0 | N37: =+F37*K37 -> 0
A38: 7.04 | B38: Arista en yeso | C38: ml | D38: 347 | E38: 16909 | F38: =+E38*D38 -> 5867423 | I38: ='GDR 3760_Pto. 02_Cert. 01'!K38 -> 0 | K38: =+I38+J38 -> 0 | L38: =+F38*I38 -> 0 | M38: =+F38*J38 -> 0 | N38: =+F38*K38 -> 0
A39: 7.05 | B39: Provisión y colocación de guardacanto yesero | C39: un | D39: 132 | E39: 19384 | F39: =+E39*D39 -> 2558688 | I39: ='GDR 3760_Pto. 02_Cert. 01'!K39 -> 0 | K39: =+I39+J39 -> 0 | L39: =+F39*I39 -> 0 | M39: =+F39*J39 -> 0 | N39: =+F39*K39 -> 0
A40: 7.06 | B40: Revoque Grueso Impermeable Interior b/ revestimiento | C40: m2 | D40: 710 | E40: 19943 | F40: =+E40*D40 -> 14159530 | I40: ='GDR 3760_Pto. 02_Cert. 01'!K40 -> 0 | K40: =+I40+J40 -> 0 | L40: =+F40*I40 -> 0 | M40: =+F40*J40 -> 0 | N40: =+F40*K40 -> 0
A41: 8 | B41: CONTRAPISOS Y CARPETAS | G41: =+SUM(F42:F49) -> 49520833 | H41: =+G41/$G$195 -> 0.058615271
A42: 8.01 | B42: Contrapiso de Hº armado e: 18 cm, incluye malla Ø 6 mm y film 200 mic. | C42: m2 | D42: 107 | E42: 58580 | F42: =+E42*D42 -> 6268060 | I42: ='GDR 3760_Pto. 02_Cert. 01'!K42 -> 0 | K42: =+I42+J42 -> 0 | L42: =+F42*I42 -> 0 | M42: =+F42*J42 -> 0 | N42: =+F42*K42 -> 0
A43: 8.02 | B43: Contrapiso de H13 subase bajo intertrabado y garden block | C43: m2 | D43: 258 | E43: 38729 | F43: =+E43*D43 -> 9992082 | I43: ='GDR 3760_Pto. 02_Cert. 01'!K43 -> 0 | K43: =+I43+J43 -> 0 | L43: =+F43*I43 -> 0 | M43: =+F43*J43 -> 0 | N43: =+F43*K43 -> 0
A44: 8.03 | B44: Monolítico e: 6 cm | C44: m2 | D44: 425 | E44: 22943 | F44: =+E44*D44 -> 9750775 | I44: ='GDR 3760_Pto. 02_Cert. 01'!K44 -> 0 | K44: =+I44+J44 -> 0 | L44: =+F44*I44 -> 0 | M44: =+F44*J44 -> 0 | N44: =+F44*K44 -> 0
A45: 8.04 | B45: Contrapiso alivianado en azoteas (RDC), e: 15 cm | C45: m2 | D45: 200 | E45: 40355 | F45: =+E45*D45 -> 8071000 | I45: ='GDR 3760_Pto. 02_Cert. 01'!K45 -> 0 | K45: =+I45+J45 -> 0 | L45: =+F45*I45 -> 0 | M45: =+F45*J45 -> 0 | N45: =+F45*K45 -> 0
A46: 8.05 | B46: Contrapiso con piedra binder e: 4/5 cm - En locales húmedos (baños) | C46: m2 | D46: 77 | E46: 31515 | F46: =+E46*D46 -> 2426655 | I46: ='GDR 3760_Pto. 02_Cert. 01'!K46 -> 0 | K46: =+I46+J46 -> 0 | L46: =+F46*I46 -> 0 | M46: =+F46*J46 -> 0 | N46: =+F46*K46 -> 0
A47: 8.06 | B47: Carpeta autonivelante e: 4/10 mm - En locales húmedos (baños) | C47: m2 | D47: 77 | E47: 19683 | F47: =+E47*D47 -> 1515591 | I47: ='GDR 3760_Pto. 02_Cert. 01'!K47 -> 0 | K47: =+I47+J47 -> 0 | L47: =+F47*I47 -> 0 | M47: =+F47*J47 -> 0 | N47: =+F47*K47 -> 0
A48: 8.07 | B48: Carpeta a la cal reforzada | C48: m2 | D48: 442 | E48: 14335 | F48: =+E48*D48 -> 6336070 | I48: ='GDR 3760_Pto. 02_Cert. 01'!K48 -> 0 | K48: =+I48+J48 -> 0 | L48: =+F48*I48 -> 0 | M48: =+F48*J48 -> 0 | N48: =+F48*K48 -> 0
A49: 8.08 | B49: Carpeta a la cal reforzada s/membrana | C49: m2 | D49: 360 | E49: 14335 | F49: =+E49*D49 -> 5160600 | I49: ='GDR 3760_Pto. 02_Cert. 01'!K49 -> 0 | K49: =+I49+J49 -> 0 | L49: =+F49*I49 -> 0 | M49: =+F49*J49 -> 0 | N49: =+F49*K49 -> 0
A50: 9 | B50: ESCALERAS | G50: =+SUM(F51:F53) -> 4852846 | H50: =+G50/$G$195 -> 0.005744065
A51: 9.01 | B51: Provisión y ejecución de cemento alisado arrodillado, e: 3,00 cm, en alzada y pedad | C51: gl | D51: 1 | E51: 2109310 | F51: =+E51*D51 -> 2109310 | I51: ='GDR 3760_Pto. 02_Cert. 01'!K51 -> 0 | K51: =+I51+J51 -> 0 | L51: =+F51*I51 -> 0 | M51: =+F51*J51 -> 0 | N51: =+F51*K51 -> 0
A52: 9.02 | B52: Provisión nariz escalera, hierro angulo 5/8 x 1/8" | C52: un | D52: 81 | E52: 28022 | F52: =+E52*D52 -> 2269782 | I52: ='GDR 3760_Pto. 02_Cert. 01'!K52 -> 0 | K52: =+I52+J52 -> 0 | L52: =+F52*I52 -> 0 | M52: =+F52*J52 -> 0 | N52: =+F52*K52 -> 0
A53: 9.03 | B53: Ejecución de zócalo rampante de concreto h: 10 cm | C53: ml | D53: 46 | E53: 10299 | F53: =+E53*D53 -> 473754 | I53: ='GDR 3760_Pto. 02_Cert. 01'!K53 -> 0 | K53: =+I53+J53 -> 0 | L53: =+F53*I53 -> 0 | M53: =+F53*J53 -> 0 | N53: =+F53*K53 -> 0
A54: 10 | B54: VENTILACIONES - PROVISION A CARGO DEL COMITENTE | G54: =+SUM(F55:F58) -> 4184652 | H54: =+G54/$G$195 -> 0.004953158
A55: 10.01 | B55: Montaje de conductos de ventilación de baños C27 - Provisión a cargo del comitente | C55: gl | D55: 1 | E55: 1844532 | F55: =+E55*D55 -> 1844532 | I55: ='GDR 3760_Pto. 02_Cert. 01'!K55 -> 0 | K55: =+I55+J55 -> 0 | L55: =+F55*I55 -> 0 | M55: =+F55*J55 -> 0 | N55: =+F55*K55 -> 0
A56: 10.02 | B56: Montaje de conductos de ventilación de parrillas C27 - Provisión a cargo del comitente | C56: gl | D56: 1 | E56: 1214937 | F56: =+E56*D56 -> 1214937 | I56: ='GDR 3760_Pto. 02_Cert. 01'!K56 -> 0 | K56: =+I56+J56 -> 0 | L56: =+F56*I56 -> 0 | M56: =+F56*J56 -> 0 | N56: =+F56*K56 -> 0
A57: 10.03 | B57: Montaje de campanas de parrillas C22 - Provisión a cargo del comitente | C57: gl | D57: 1 | E57: 539833 | F57: =+E57*D57 -> 539833 | I57: ='GDR 3760_Pto. 02_Cert. 01'!K57 -> 0 | K57: =+I57+J57 -> 0 | L57: =+F57*I57 -> 0 | M57: =+F57*J57 -> 0 | N57: =+F57*K57 -> 0
A58: 10.04 | B58: Montaje de sombreretes en chapa prepintada C25 - Provisión a cargo del comitente | C58: u | D58: 10 | E58: 58535 | F58: =+E58*D58 -> 585350 | I58: ='GDR 3760_Pto. 02_Cert. 01'!K58 -> 0 | K58: =+I58+J58 -> 0 | L58: =+F58*I58 -> 0 | M58: =+F58*J58 -> 0 | N58: =+F58*K58 -> 0
A59: 11 | B59: PISOS - PROVISION A CARGO DEL COMITENTE | G59: =+SUM(F60:F70) -> 31170783 | H59: =+G59/$G$195 -> 0.036895258
A60: 11.01 | B60: Provisión y ejecución de alisado de cemento a la llana metálica, e: 6,00 cm | C60: m2 | D60: 0 | E60: 0 | F60: =+E60*D60 -> 0 | I60: ='GDR 3760_Pto. 02_Cert. 01'!K60 -> 0 | K60: =+I60+J60 -> 0 | L60: =+F60*I60 -> 0 | M60: =+F60*J60 -> 0 | N60: =+F60*K60 -> 0
A61: 11.02 | B61: Provisión y ejecución de cemento alisado arrodillado, e: 3,00 cm | C61: m2 | D61: 39 | E61: 19280 | F61: =+E61*D61 -> 751920 | I61: ='GDR 3760_Pto. 02_Cert. 01'!K61 -> 0 | K61: =+I61+J61 -> 0 | L61: =+F61*I61 -> 0 | M61: =+F61*J61 -> 0 | N61: =+F61*K61 -> 0
A62: 11.03 | B62: Colocación de porcelanato a definir en sspacios comunes - Provisión a cargo del comitente | C62: m2 | D62: 48 | E62: 25362 | F62: =+E62*D62 -> 1217376 | I62: ='GDR 3760_Pto. 02_Cert. 01'!K62 -> 0 | K62: =+I62+J62 -> 0 | L62: =+F62*I62 -> 0 | M62: =+F62*J62 -> 0 | N62: =+F62*K62 -> 0
A63: 11.04 | B63: Colocación de pavimento intertrabado de H°, incluye provisión y colocación de cama de arena + tomado de junta - Provisión a cargo del comitente | C63: m2 | D63: 174 | E63: 19164 | F63: =+E63*D63 -> 3334536 | I63: ='GDR 3760_Pto. 02_Cert. 01'!K63 -> 0 | K63: =+I63+J63 -> 0 | L63: =+F63*I63 -> 0 | M63: =+F63*J63 -> 0 | N63: =+F63*K63 -> 0
A64: 11.05 | B64: Colocación de garden block, incluye provisión y colocación de cama de arena + tomado de junta - Provisión a cargo del comitente | C64: m2 | D64: 92 | E64: 19164 | F64: =+E64*D64 -> 1763088 | I64: ='GDR 3760_Pto. 02_Cert. 01'!K64 -> 0 | K64: =+I64+J64 -> 0 | L64: =+F64*I64 -> 0 | M64: =+F64*J64 -> 0 | N64: =+F64*K64 -> 0
A65: 11.06 | B65: Provisión y colocación de relleno de piedra binder | C65: m2 | D65: 8 | E65: 14043 | F65: =+E65*D65 -> 112344 | I65: ='GDR 3760_Pto. 02_Cert. 01'!K65 -> 0 | K65: =+I65+J65 -> 0 | L65: =+F65*I65 -> 0 | M65: =+F65*J65 -> 0 | N65: =+F65*K65 -> 0
A66: 11.07 | B66: Colocación de baldoson granítico vereda 40 x 40 - Provisión a cargo del comitente | C66: m2 | D66: 46 | E66: 26630 | F66: =+E66*D66 -> 1224980 | I66: ='GDR 3760_Pto. 02_Cert. 01'!K66 -> 0 | K66: =+I66+J66 -> 0 | L66: =+F66*I66 -> 0 | M66: =+F66*J66 -> 0 | N66: =+F66*K66 -> 0
A67: 11.08 | B67: Colocación de porcelanato a definir Interior UF - Provisión a cargo del comitente | C67: m2 | D67: 562 | E67: 25362 | F67: =+E67*D67 -> 14253444 | I67: ='GDR 3760_Pto. 02_Cert. 01'!K67 -> 0 | K67: =+I67+J67 -> 0 | L67: =+F67*I67 -> 0 | M67: =+F67*J67 -> 0 | N67: =+F67*K67 -> 0
A68: 11.09 | B68: Colocación de porcelanato a definir Baños - Provisión a cargo del comitente | C68: m2 | D68: 73 | E68: 30109 | F68: =+E68*D68 -> 2197957 | I68: ='GDR 3760_Pto. 02_Cert. 01'!K68 -> 0 | K68: =+I68+J68 -> 0 | L68: =+F68*I68 -> 0 | M68: =+F68*J68 -> 0 | N68: =+F68*K68 -> 0
A69: 11.1 | B69: Colocación de porcelanato a definir Balcones - Provisión a cargo del comitente | C69: m2 | D69: 143 | E69: 25362 | F69: =+E69*D69 -> 3626766 | I69: ='GDR 3760_Pto. 02_Cert. 01'!K69 -> 0 | K69: =+I69+J69 -> 0 | L69: =+F69*I69 -> 0 | M69: =+F69*J69 -> 0 | N69: =+F69*K69 -> 0
A70: 11.11 | B70: Colocación de porcelanato a definir Palier - Provisión a cargo del comitente | C70: m2 | D70: 106 | E70: 25362 | F70: =+E70*D70 -> 2688372 | I70: ='GDR 3760_Pto. 02_Cert. 01'!K70 -> 0 | K70: =+I70+J70 -> 0 | L70: =+F70*I70 -> 0 | M70: =+F70*J70 -> 0 | N70: =+F70*K70 -> 0
A71: 12 | B71: ZOCALOS Y SOLIAS - PROVISION A CARGO DEL COMITENTE | G71: =+SUM(F72:F74) -> 8990052 | H71: =+G71/$G$195 -> 0.010641064
A72: =+A71+0.01 -> 12.01 | B72: Ejecución de zócalo de concreto h: 10 cm | C72: ml | D72: 19 | E72: 6496 | F72: =+E72*D72 -> 123424 | I72: ='GDR 3760_Pto. 02_Cert. 01'!K72 -> 0 | K72: =+I72+J72 -> 0 | L72: =+F72*I72 -> 0 | M72: =+F72*J72 -> 0 | N72: =+F72*K72 -> 0
A73: 12.02 | B73: Provisión y colocación de zócalo de MDF prepintado color bco. h: 7cm | C73: ml | D73: 626 | E73: 9059 | F73: =+E73*D73 -> 5670934 | I73: ='GDR 3760_Pto. 02_Cert. 01'!K73 -> 0 | K73: =+I73+J73 -> 0 | L73: =+F73*I73 -> 0 | M73: =+F73*J73 -> 0 | N73: =+F73*K73 -> 0
A74: 12.03 | B74: Colocación de zócalo de porcelanato - Provisión a cargo del comitente | C74: ml | D74: 386 | E74: 8279 | F74: =+E74*D74 -> 3195694 | I74: ='GDR 3760_Pto. 02_Cert. 01'!K74 -> 0 | K74: =+I74+J74 -> 0 | L74: =+F74*I74 -> 0 | M74: =+F74*J74 -> 0 | N74: =+F74*K74 -> 0
A75: 13 | B75: REVESTIMIENTOS - PROVISION A CARGO DEL COMITENTE | G75: =+SUM(F76:F79) -> 14836279 | H75: =+G75/$G$195 -> 0.017560943
A76: 13.01 | B76: Colocación de porcelanato en baños - Provisión a cargo del comitente | C76: m2 | D76: 413 | E76: 30109 | F76: =+E76*D76 -> 12435017 | I76: ='GDR 3760_Pto. 02_Cert. 01'!K76 -> 0 | K76: =+I76+J76 -> 0 | L76: =+F76*I76 -> 0 | M76: =+F76*J76 -> 0 | N76: =+F76*K76 -> 0
A77: 13.02 | B77: Colocación de revestimiento en cocinas - Provisión a cargo del comitente | C77: m2 | D77: 18 | E77: 30109 | F77: =+E77*D77 -> 541962 | I77: ='GDR 3760_Pto. 02_Cert. 01'!K77 -> 0 | K77: =+I77+J77 -> 0 | L77: =+F77*I77 -> 0 | M77: =+F77*J77 -> 0 | N77: =+F77*K77 -> 0
A78: 13.03 | B78: Colocación de listones refractarios en parrillas - Provisión a cargo del comitente | C78: m2 | D78: 20 | E78: 92965 | F78: =+E78*D78 -> 1859300 | I78: ='GDR 3760_Pto. 02_Cert. 01'!K78 -> 0 | K78: =+I78+J78 -> 0 | L78: =+F78*I78 -> 0 | M78: =+F78*J78 -> 0 | N78: =+F78*K78 -> 0
A79: 13.04 | B79: Revestimiento Simil madera - Cotizado en provisiones | C79: m2 | D79: 0 | E79: 0 | F79: =+E79*D79 -> 0 | I79: ='GDR 3760_Pto. 02_Cert. 01'!K79 -> 0 | K79: =+I79+J79 -> 0 | L79: =+F79*I79 -> 0 | M79: =+F79*J79 -> 0 | N79: =+F79*K79 -> 0
A80: 14 | B80: CIELORRASOS | G80: =+SUM(F81:F87) -> 33813897 | H80: =+G80/$G$195 -> 0.040023776
A81: =+A80+0.01 -> 14.01 | B81: Aplicado de yeso | C81: m2 | D81: 460 | E81: 23624 | F81: =+E81*D81 -> 10867040 | I81: ='GDR 3760_Pto. 02_Cert. 01'!K81 -> 0 | K81: =+I81+J81 -> 0 | L81: =+F81*I81 -> 0 | M81: =+F81*J81 -> 0 | N81: =+F81*K81 -> 0
A82: 14.02 | B82: Buña en yeso aplicado | C82: ml | D82: 434 | E82: 16659 | F82: =+E82*D82 -> 7230006 | I82: ='GDR 3760_Pto. 02_Cert. 01'!K82 -> 0 | K82: =+I82+J82 -> 0 | L82: =+F82*I82 -> 0 | M82: =+F82*J82 -> 0 | N82: =+F82*K82 -> 0
A83: 14.03 | B83: Cielorraso suspendido en placa STD | C83: m2 | D83: 115 | E83: 35817 | F83: =+E83*D83 -> 4118955 | I83: ='GDR 3760_Pto. 02_Cert. 01'!K83 -> 0 | K83: =+I83+J83 -> 0 | L83: =+F83*I83 -> 0 | M83: =+F83*J83 -> 0 | N83: =+F83*K83 -> 0
A84: 14.04 | B84: Cielorraso suspendido en placa RH | C84: m2 | D84: 89 | E84: 41132 | F84: =+E84*D84 -> 3660748 | I84: ='GDR 3760_Pto. 02_Cert. 01'!K84 -> 0 | K84: =+I84+J84 -> 0 | L84: =+F84*I84 -> 0 | M84: =+F84*J84 -> 0 | N84: =+F84*K84 -> 0
A85: 14.05 | B85: Buña Z en cielorraso suspendido | C85: ml | D85: 530 | E85: 9274 | F85: =+E85*D85 -> 4915220 | I85: ='GDR 3760_Pto. 02_Cert. 01'!K85 -> 0 | K85: =+I85+J85 -> 0 | L85: =+F85*I85 -> 0 | M85: =+F85*J85 -> 0 | N85: =+F85*K85 -> 0
A86: 14.06 | B86: Cantonera / Cajón | C86: ml | D86: 56 | E86: 9274 | F86: =+E86*D86 -> 519344 | I86: ='GDR 3760_Pto. 02_Cert. 01'!K86 -> 0 | K86: =+I86+J86 -> 0 | L86: =+F86*I86 -> 0 | M86: =+F86*J86 -> 0 | N86: =+F86*K86 -> 0
A87: 14.07 | B87: Hormigon visto, maquillaje | C87: m2 | D87: 469 | E87: 5336 | F87: =+E87*D87 -> 2502584 | I87: ='GDR 3760_Pto. 02_Cert. 01'!K87 -> 0 | K87: =+I87+J87 -> 0 | L87: =+F87*I87 -> 0 | M87: =+F87*J87 -> 0 | N87: =+F87*K87 -> 0
A88: 15 | B88: PINTURA | G88: =+SUM(F89:F100) -> 81675029 | H88: =+G88/$G$195 -> 0.096674544
A89: 15.01 | B89: Latex exterior mate en paredes, color bco., sin enduido, a mas de 3 m de altura - Medianeras | C89: m2 | D89: 739 | E89: 22075 | F89: =+E89*D89 -> 16313425 | I89: ='GDR 3760_Pto. 02_Cert. 01'!K89 -> 0 | K89: =+I89+J89 -> 0 | L89: =+F89*I89 -> 0 | M89: =+F89*J89 -> 0 | N89: =+F89*K89 -> 0
A90: 15.02 | B90: Latex interior mate en paredes, color bco., con enduido parcial | C90: m2 | D90: 1439 | E90: 8883 | F90: =+E90*D90 -> 12782637 | I90: ='GDR 3760_Pto. 02_Cert. 01'!K90 -> 0 | K90: =+I90+J90 -> 0 | L90: =+F90*I90 -> 0 | M90: =+F90*J90 -> 0 | N90: =+F90*K90 -> 0
A91: 15.03 | B91: Latex interior mate en paredes, color bco., con enduido completo | C91: m2 | D91: 462 | E91: 14295 | F91: =+E91*D91 -> 6604290 | I91: ='GDR 3760_Pto. 02_Cert. 01'!K91 -> 0 | K91: =+I91+J91 -> 0 | L91: =+F91*I91 -> 0 | M91: =+F91*J91 -> 0 | N91: =+F91*K91 -> 0
A92: 15.04 | B92: Latex exterior acrílico en cielorraso, color a definir, sin enduido - Sector cocheras | C92: m2 | D92: 144 | E92: 7538 | F92: =+E92*D92 -> 1085472 | I92: ='GDR 3760_Pto. 02_Cert. 01'!K92 -> 0 | K92: =+I92+J92 -> 0 | L92: =+F92*I92 -> 0 | M92: =+F92*J92 -> 0 | N92: =+F92*K92 -> 0
A93: 15.05 | B93: Latex interior mate en cielorraso, color bco., con enduido parcial | C93: m2 | D93: 460 | E93: 8883 | F93: =+E93*D93 -> 4086180 | I93: ='GDR 3760_Pto. 02_Cert. 01'!K93 -> 0 | K93: =+I93+J93 -> 0 | L93: =+F93*I93 -> 0 | M93: =+F93*J93 -> 0 | N93: =+F93*K93 -> 0
A94: 15.06 | B94: Latex interior mate en cielorraso, color bco., con enduido completo | C94: m2 | D94: 204 | E94: 15750 | F94: =+E94*D94 -> 3213000 | I94: ='GDR 3760_Pto. 02_Cert. 01'!K94 -> 0 | K94: =+I94+J94 -> 0 | L94: =+F94*I94 -> 0 | M94: =+F94*J94 -> 0 | N94: =+F94*K94 -> 0
A95: 15.07 | B95: Impermeabilizane de Hº, silicona transparente | C95: m2 | D95: 262 | E95: 17154 | F95: =+E95*D95 -> 4494348 | I95: ='GDR 3760_Pto. 02_Cert. 01'!K95 -> 0 | K95: =+I95+J95 -> 0 | L95: =+F95*I95 -> 0 | M95: =+F95*J95 -> 0 | N95: =+F95*K95 -> 0
A96: 15.08 | B96: Revestimiento tipo Tarquini hasta 3 m de altura | C96: m2 | D96: 756 | E96: 26534 | F96: =+E96*D96 -> 20059704 | I96: ='GDR 3760_Pto. 02_Cert. 01'!K96 -> 0 | K96: =+I96+J96 -> 0 | L96: =+F96*I96 -> 0 | M96: =+F96*J96 -> 0 | N96: =+F96*K96 -> 0
A97: 15.09 | B97: Revestimiento tipo Tarquini a mas de 3 m de altura | C97: m2 | D97: 56 | E97: 31737 | F97: =+E97*D97 -> 1777272 | I97: ='GDR 3760_Pto. 02_Cert. 01'!K97 -> 0 | K97: =+I97+J97 -> 0 | L97: =+F97*I97 -> 0 | M97: =+F97*J97 -> 0 | N97: =+F97*K97 -> 0
A98: 15.1 | B98: Franjas división cocheras | C98: gl | D98: 1 | E98: 885031 | F98: =+E98*D98 -> 885031 | I98: ='GDR 3760_Pto. 02_Cert. 01'!K98 -> 0 | K98: =+I98+J98 -> 0 | L98: =+F98*I98 -> 0 | M98: =+F98*J98 -> 0 | N98: =+F98*K98 -> 0
A99: 15.11 | B99: Esmalte sintetico en puertas color bco. - Puertas placa, de chapa y de ascensor | C99: un | D99: 73 | E99: 83386 | F99: =+E99*D99 -> 6087178 | I99: ='GDR 3760_Pto. 02_Cert. 01'!K99 -> 0 | K99: =+I99+J99 -> 0 | L99: =+F99*I99 -> 0 | M99: =+F99*J99 -> 0 | N99: =+F99*K99 -> 0
A100: 15.12 | B100: Esmalte sintético convertidor antioxido color negro satinado en herrería - Barandas, herrerías, etc. | C100: gl | D100: 1 | E100: 4286492 | F100: =+E100*D100 -> 4286492 | I100: ='GDR 3760_Pto. 02_Cert. 01'!K100 -> 0 | K100: =+I100+J100 -> 0 | L100: =+F100*I100 -> 0 | M100: =+F100*J100 -> 0 | N100: =+F100*K100 -> 0
A101: 16 | B101: MARMOLES Y GRANITOS - PROVISION A CARGO DEL COMITENTE | G101: =+SUM(F102) -> 0 | H101: =+G101/$G$195 -> 0
E102: 0 | F102: =+E102*D102 -> 0 | I102: ='GDR 3760_Pto. 02_Cert. 01'!K102 -> 0 | K102: =+I102+J102 -> 0 | L102: =+F102*I102 -> 0 | M102: =+F102*J102 -> 0 | N102: =+F102*K102 -> 0
...

Sheet GDR 3760_Pto. 02_Cert. 03
F1: DÓLAR BNA | G1: DÓLAR MEP
F2: 1066.5 | G2: 1170
F4: 45667
B5: OBRA: EDIFICIO GDR 3760 | I5: Certificado | J5: 3 | N5: 45808
B6: PRESUPUESTO OBRA CIVIL
B7: PRESUPUESTO 02 - ALBANILERIA, INSTALACIONES Y TERMINACIONES | I7: Avance | L7: Importe
B8: Descripción | C8: U | D8: Cant | E8: P unit | F8: Subtotal | I8: Anterior | J8: Actual | K8: Acumulado | L8: Anterior | M8: Actual | N8: Acumulado
A9: 4 | B9: MAMPOSTERÍA | G9: =+SUM(F10:F23) -> 51045774 | H9: =+G9/$G$195 -> 0.060420265
A10: 4.01 | B10: Muro tipo 1 - Ladrillo hueco 8 x 18 x 33 | C10: m2 | D10: 621 | E10: 22140 | F10: =+E10*D10 -> 13748940 | I10: 0 | K10: =+I10+J10 -> 0 | L10: =+F10*I10 -> 0 | M10: =+F10*J10 -> 0 | N10: =+F10*K10 -> 0
A11: 4.02 | B11: Muro tipo 2 - Ladrillo hueco 12 x 18 x 33 | C11: m2 | D11: 780 | E11: 24437 | F11: =+E11*D11 -> 19060860 | I11: 0 | K11: =+I11+J11 -> 0 | L11: =+F11*I11 -> 0 | M11: =+F11*J11 -> 0 | N11: =+F11*K11 -> 0
A12: 4.03 | B12: Muro tipo 3 - Ladrillo comun en panderete | C12: m2 | D12: 56 | E12: 23248 | F12: =+E12*D12 -> 1301888 | I12: 0 | K12: =+I12+J12 -> 0 | L12: =+F12*I12 -> 0 | M12: =+F12*J12 -> 0 | N12: =+F12*K12 -> 0
A13: 4.04 | B13: Muro tipo 4 - Ladrillo hueco portante 12 x 18 x 33 | C13: m2 | D13: 42 | E13: 28746 | F13: =+E13*D13 -> 1207332 | I13: 0 | K13: =+I13+J13 -> 0 | L13: =+F13*I13 -> 0 | M13: =+F13*J13 -> 0 | N13: =+F13*K13 -> 0
A14: 4.05 | B14: Muro tipo 5 - Bloque HCCA e: 7,5 cm | C14: m2 | D14: 70 | E14: 36933 | F14: =+E14*D14 -> 2585310 | I14: 0 | K14: =+I14+J14 -> 0 | L14: =+F14*I14 -> 0 | M14: =+F14*J14 -> 0 | N14: =+F14*K14 -> 0
A15: 4.06 | B15: Muro tipo 6 - Ladrillo hueco 18 x 18 x 33 | C15: m2 | D15: 5 | E15: 28672 | F15: =+E15*D15 -> 143360 | I15: 0 | K15: =+I15+J15 -> 0 | L15: =+F15*I15 -> 0 | M15: =+F15*J15 -> 0 | N15: =+F15*K15 -> 0
A16: 4.07 | B16: Enchape de medianeras existentes - Contemplamos picado zonas sueltas y enchape con ladrillo comun para PB | C16: m2 | D16: 193 | E16: 18611 | F16: =+E16*D16 -> 3591923 | I16: 0 | K16: =+I16+J16 -> 0 | L16: =+F16*I16 -> 0 | M16: =+F16*J16 -> 0 | N16: =+F16*K16 -> 0
A17: 4.08 | B17: Cordón de hormigón en umbrales carpinterías | C17: ml | D17: 61 | E17: 28578 | F17: =+E17*D17 -> 1743258 | I17: 0 | K17: =+I17+J17 -> 0 | L17: =+F17*I17 -> 0 | M17: =+F17*J17 -> 0 | N17: =+F17*K17 -> 0
A18: 4.09 | B18: Banquina Sala tanque de bombeo | C18: gl | D18: 1 | E18: 280823 | F18: =+E18*D18 -> 280823 | I18: 0 | K18: =+I18+J18 -> 0 | L18: =+F18*I18 -> 0 | M18: =+F18*J18 -> 0 | N18: =+F18*K18 -> 0
A19: 4.1 | B19: Banquina en parrillas | C19: gl | D19: 1 | E19: 801214 | F19: =+E19*D19 -> 801214 | I19: 0 | K19: =+I19+J19 -> 0 | L19: =+F19*I19 -> 0 | M19: =+F19*J19 -> 0 | N19: =+F19*K19 -> 0
A20: 4.11 | B20: Excavación y amurado con Hº tanque de recuperación de agua de lluvia | C20: gl | D20: 1 | E20: 525234 | F20: =+E20*D20 -> 525234 | I20: 0 | K20: =+I20+J20 -> 0 | L20: =+F20*I20 -> 0 | M20: =+F20*J20 -> 0 | N20: =+F20*K20 -> 0
A21: 4.12 | B21: Provisión y amurado de tapas de inspección para tanque de reserva | C21: u | D21: 3 | E21: 237784 | F21: =+E21*D21 -> 713352 | I21: 0 | K21: =+I21+J21 -> 0 | L21: =+F21*I21 -> 0 | M21: =+F21*J21 -> 0 | N21: =+F21*K21 -> 0
... A23: 4.14 | B23: Amurado de bañera | C23: u | D23: 8 | E23: 177655 | F23: =+E23*D23 -> 1421240 | I23: 0 | K23: =+I23+J23 -> 0 | L23: =+F23*I23 -> 0 | M23: =+F23*J23 -> 0 | N23: =+F23*K23 -> 0
A24: 5 | B24: AISLACIONES | G24: =+SUM(F25:F31) -> 19239698 | H24: =+G24/$G$195 -> 0.022773044
A25: 5.01 | B25: Cajón hidrofugo | C25: ml | D25: 136 | E25: 6496 | F25: =+E25*D25 -> 883456 | I25: 0 | K25: =+I25+J25 -> 0 | L25: =+F25*I25 -> 0 | M25: =+F25*J25 -> 0 | N25: =+F25*K25 -> 0
A26: 5.02 | B26: Aislación hidrófuga horizontal (baños) - Inc. membrana geotextil y 35% en concepto de babetas | C26: m2 | D26: 77 | E26: 33270 | F26: =+E26*D26 -> 2561790 | I26: 0 | K26: =+I26+J26 -> 0 | L26: =+F26*I26 -> 0 | M26: =+F26*J26 -> 0 | N26: =+F26*K26 -> 0
A27: 5.03 | B27: Azotado hidrófugo - Contrapiso de PB | C27: m2 | D27: 107 | E27: 6496 | F27: =+E27*D27 -> 695072 | I27: 0 | K27: =+I27+J27 -> 0 | L27: =+F27*I27 -> 0 | M27: =+F27*J27 -> 0 | N27: =+F27*K27 -> 0
A28: 5.04 | B28: Aislación térmica en terrazas, eps e:2,00 cm | C28: m2 | D28: 186 | E28: 4832 | F28: =+E28*D28 -> 898752 | I28: 0 | K28: =+I28+J28 -> 0 | L28: =+F28*I28 -> 0 | M28: =+F28*J28 -> 0 | N28: =+F28*K28 -> 0
A29: 5.05 | B29: Barrera de vapor | C29: m2 | D29: 186 | E29: 4134 | F29: =+E29*D29 -> 768924 | I29: 0 | K29: =+I29+J29 -> 0 | L29: =+F29*I29 -> 0 | M29: =+F29*J29 -> 0 | N29: =+F29*K29 -> 0
A30: 5.06 | B30: Membrana asfáltica geotextil 4mm - Balcones y azotea - Inc. 20% en concepto de babetas | C30: m2 | D30: 390 | E30: 28187 | F30: =+E30*D30 -> 10992930 | I30: 0 | K30: =+I30+J30 -> 0 | L30: =+F30*I30 -> 0 | M30: =+F30*J30 -> 0 | N30: =+F30*K30 -> 0
A31: 5.07 | B31: Impermeabilización de tanque de reserva de HºAº | C31: gl | D31: 1 | E31: 2438774 | F31: =+E31*D31 -> 2438774 | I31: 0 | K31: =+I31+J31 -> 0 | L31: =+F31*I31 -> 0 | M31: =+F31*J31 -> 0 | N31: =+F31*K31 -> 0
A32: 6 | B32: CUBIERTAS | G32: =+SUM(F33) -> 1722875 | H32: =+G32/$G$195 -> 0.0020392788
A33: 6.02 | B33: Babeta de chapa galvanizada en medianeras | C33: ml | D33: 55 | E33: 31325 | F33: =+E33*D33 -> 1722875 | I33: 0 | K33: =+I33+J33 -> 0 | L33: =+F33*I33 -> 0 | M33: =+F33*J33 -> 0 | N33: =+F33*K33 -> 0
A34: 7 | B34: REVOQUES | G34: =+SUM(F35:F40) -> 92324467 | H34: =+G34/$G$195 -> 0.10927974
A35: 7.01 | B35: Revoque Grueso Impermeable Exterior | C35: m2 | D35: 879 | E35: 19943 | F35: =+E35*D35 -> 17529897 | I35: 0 | K35: =+I35+J35 -> 0 | L35: =+F35*I35 -> 0 | M35: =+F35*J35 -> 0 | N35: =+F35*K35 -> 0
A36: 7.02 | B36: Revoque Grueso Impermeable Exterior a mas de 3m - Medianero y fachadas | C36: m2 | D36: 716 | E36: 26767 | F36: =+E36*D36 -> 19165172 | I36: 0 | K36: =+I36+J36 -> 0 | L36: =+F36*I36 -> 0 | M36: =+F36*J36 -> 0 | N36: =+F36*K36 -> 0
A37: 7.03 | B37: Yeso interior | C37: m2 | D37: 1439 | E37: 22963 | F37: =+E37*D37 -> 33043757 | I37: 0 | K37: =+I37+J37 -> 0 | L37: =+F37*I37 -> 0 | M37: =+F37*J37 -> 0 | N37: =+F37*K37 -> 0
A38: 7.04 | B38: Arista en yeso | C38: ml | D38: 347 | E38: 16909 | F38: =+E38*D38 -> 5867423 | I38: 0 | K38: =+I38+J38 -> 0 | L38: =+F38*I38 -> 0 | M38: =+F38*J38 -> 0 | N38: =+F38*K38 -> 0
A39: 7.05 | B39: Provisión y colocación de guardacanto yesero | C39: un | D39: 132 | E39: 19384 | F39: =+E39*D39 -> 2558688 | I39: 0 | K39: =+I39+J39 -> 0 | L39: =+F39*I39 -> 0 | M39: =+F39*J39 -> 0 | N39: =+F39*K39 -> 0
A40: 7.06 | B40: Revoque Grueso Impermeable Interior b/ revestimiento | C40: m2 | D40: 710 | E40: 19943 | F40: =+E40*D40 -> 14159530 | I40: 0 | K40: =+I40+J40 -> 0 | L40: =+F40*I40 -> 0 | M40: =+F40*J40 -> 0 | N40: =+F40*K40 -> 0
A41: 8 | B41: CONTRAPISOS Y CARPETAS | G41: =+SUM(F42:F49) -> 49520833 | H41: =+G41/$G$195 -> 0.058615271
A42: 8.01 | B42: Contrapiso de Hº armado e: 18 cm, incluye malla Ø 6 mm y film 200 mic. | C42: m2 | D42: 107 | E42: 58580 | F42: =+E42*D42 -> 6268060 | I42: 0 | K42: =+I42+J42 -> 0 | L42: =+F42*I42 -> 0 | M42: =+F42*J42 -> 0 | N42: =+F42*K42 -> 0
A43: 8.02 | B43: Contrapiso de H13 subase bajo intertrabado y garden block | C43: m2 | D43: 258 | E43: 38729 | F43: =+E43*D43 -> 9992082 | I43: 0 | K43: =+I43+J43 -> 0 | L43: =+F43*I43 -> 0 | M43: =+F43*J43 -> 0 | N43: =+F43*K43 -> 0
A44: 8.03 | B44: Monolítico e: 6 cm | C44: m2 | D44: 425 | E44: 22943 | F44: =+E44*D44 -> 9750775 | I44: 0 | K44: =+I44+J44 -> 0 | L44: =+F44*I44 -> 0 | M44: =+F44*J44 -> 0 | N44: =+F44*K44 -> 0
A45: 8.04 | B45: Contrapiso alivianado en azoteas (RDC), e: 15 cm | C45: m2 | D45: 200 | E45: 40355 | F45: =+E45*D45 -> 8071000 | I45: 0 | K45: =+I45+J45 -> 0 | L45: =+F45*I45 -> 0 | M45: =+F45*J45 -> 0 | N45: =+F45*K45 -> 0
A46: 8.05 | B46: Contrapiso con piedra binder e: 4/5 cm - En locales húmedos (baños) | C46: m2 | D46: 77 | E46: 31515 | F46: =+E46*D46 -> 2426655 | I46: 0 | K46: =+I46+J46 -> 0 | L46: =+F46*I46 -> 0 | M46: =+F46*J46 -> 0 | N46: =+F46*K46 -> 0
A47: 8.06 | B47: Carpeta autonivelante e: 4/10 mm - En locales húmedos (baños) | C47: m2 | D47: 77 | E47: 19683 | F47: =+E47*D47 -> 1515591 | I47: 0 | K47: =+I47+J47 -> 0 | L47: =+F47*I47 -> 0 | M47: =+F47*J47 -> 0 | N47: =+F47*K47 -> 0
A48: 8.07 | B48: Carpeta a la cal reforzada | C48: m2 | D48: 442 | E48: 14335 | F48: =+E48*D48 -> 6336070 | I48: 0 | K48: =+I48+J48 -> 0 | L48: =+F48*I48 -> 0 | M48: =+F48*J48 -> 0 | N48: =+F48*K48 -> 0
A49: 8.08 | B49: Carpeta a la cal reforzada s/membrana | C49: m2 | D49: 360 | E49: 14335 | F49: =+E49*D49 -> 5160600 | I49: 0 | K49: =+I49+J49 -> 0 | L49: =+F49*I49 -> 0 | M49: =+F49*J49 -> 0 | N49: =+F49*K49 -> 0
A50: 9 | B50: ESCALERAS | G50: =+SUM(F51:F53) -> 4852846 | H50: =+G50/$G$195 -> 0.005744065
A51: 9.01 | B51: Provisión y ejecución de cemento alisado arrodillado, e: 3,00 cm, en alzada y pedad | C51: gl | D51: 1 | E51: 2109310 | F51: =+E51*D51 -> 2109310 | I51: 0 | K51: =+I51+J51 -> 0 | L51: =+F51*I51 -> 0 | M51: =+F51*J51 -> 0 | N51: =+F51*K51 -> 0
A52: 9.02 | B52: Provisión nariz escalera, hierro angulo 5/8 x 1/8" | C52: un | D52: 81 | E52: 28022 | F52: =+E52*D52 -> 2269782 | I52: 0 | K52: =+I52+J52 -> 0 | L52: =+F52*I52 -> 0 | M52: =+F52*J52 -> 0 | N52: =+F52*K52 -> 0
A53: 9.03 | B53: Ejecución de zócalo rampante de concreto h: 10 cm | C53: ml | D53: 46 | E53: 10299 | F53: =+E53*D53 -> 473754 | I53: 0 | K53: =+I53+J53 -> 0 | L53: =+F53*I53 -> 0 | M53: =+F53*J53 -> 0 | N53: =+F53*K53 -> 0
A54: 10 | B54: VENTILACIONES - PROVISION A CARGO DEL COMITENTE | G54: =+SUM(F55:F58) -> 4184652 | H54: =+G54/$G$195 -> 0.004953158
A55: 10.01 | B55: Montaje de conductos de ventilación de baños C27 - Provisión a cargo del comitente | C55: gl | D55: 1 | E55: 1844532 | F55: =+E55*D55 -> 1844532 | I55: 0 | K55: =+I55+J55 -> 0 | L55: =+F55*I55 -> 0 | M55: =+F55*J55 -> 0 | N55: =+F55*K55 -> 0
A56: 10.02 | B56: Montaje de conductos de ventilación de parrillas C27 - Provisión a cargo del comitente | C56: gl | D56: 1 | E56: 1214937 | F56: =+E56*D56 -> 1214937 | I56: 0 | K56: =+I56+J56 -> 0 | L56: =+F56*I56 -> 0 | M56: =+F56*J56 -> 0 | N56: =+F56*K56 -> 0
A57: 10.03 | B57: Montaje de campanas de parrillas C22 - Provisión a cargo del comitente | C57: gl | D57: 1 | E57: 539833 | F57: =+E57*D57 -> 539833 | I57: 0 | K57: =+I57+J57 -> 0 | L57: =+F57*I57 -> 0 | M57: =+F57*J57 -> 0 | N57: =+F57*K57 -> 0
A58: 10.04 | B58: Montaje de sombreretes en chapa prepintada C25 - Provisión a cargo del comitente | C58: u | D58: 10 | E58: 58535 | F58: =+E58*D58 -> 585350 | I58: 0 | K58: =+I58+J58 -> 0 | L58: =+F58*I58 -> 0 | M58: =+F58*J58 -> 0 | N58: =+F58*K58 -> 0
A59: 11 | B59: PISOS - PROVISION A CARGO DEL COMITENTE | G59: =+SUM(F60:F70) -> 31170783 | H59: =+G59/$G$195 -> 0.036895258
A60: 11.01 | B60: Provisión y ejecución de alisado de cemento a la llana metálica, e: 6,00 cm | C60: m2 | D60: 0 | E60: 0 | F60: =+E60*D60 -> 0 | I60: 0 | K60: =+I60+J60 -> 0 | L60: =+F60*I60 -> 0 | M60: =+F60*J60 -> 0 | N60: =+F60*K60 -> 0
A61: 11.02 | B61: Provisión y ejecución de cemento alisado arrodillado, e: 3,00 cm | C61: m2 | D61: 39 | E61: 19280 | F61: =+E61*D61 -> 751920 | I61: 0 | K61: =+I61+J61 -> 0 | L61: =+F61*I61 -> 0 | M61: =+F61*J61 -> 0 | N61: =+F61*K61 -> 0
A62: 11.03 | B62: Colocación de porcelanato a definir en sspacios comunes - Provisión a cargo del comitente | C62: m2 | D62: 48 | E62: 25362 | F62: =+E62*D62 -> 1217376 | I62: 0 | K62: =+I62+J62 -> 0 | L62: =+F62*I62 -> 0 | M62: =+F62*J62 -> 0 | N62: =+F62*K62 -> 0
A63: 11.04 | B63: Colocación de pavimento intertrabado de H°, incluye provisión y colocación de cama de arena + tomado de junta - Provisión a cargo del comitente | C63: m2 | D63: 174 | E63: 19164 | F63: =+E63*D63 -> 3334536 | I63: 0 | K63: =+I63+J63 -> 0 | L63: =+F63*I63 -> 0 | M63: =+F63*J63 -> 0 | N63: =+F63*K63 -> 0
A64: 11.05 | B64: Colocación de garden block, incluye provisión y colocación de cama de arena + tomado de junta - Provisión a cargo del comitente | C64: m2 | D64: 92 | E64: 19164 | F64: =+E64*D64 -> 1763088 | I64: 0 | K64: =+I64+J64 -> 0 | L64: =+F64*I64 -> 0 | M64: =+F64*J64 -> 0 | N64: =+F64*K64 -> 0
A65: 11.06 | B65: Provisión y colocación de relleno de piedra binder | C65: m2 | D65: 8 | E65: 14043 | F65: =+E65*D65 -> 112344 | I65: 0 | K65: =+I65+J65 -> 0 | L65: =+F65*I65 -> 0 | M65: =+F65*J65 -> 0 | N65: =+F65*K65 -> 0
A66: 11.07 | B66: Colocación de baldoson granítico vereda 40 x 40 - Provisión a cargo del comitente | C66: m2 | D66: 46 | E66: 26630 | F66: =+E66*D66 -> 1224980 | I66: 0 | K66: =+I66+J66 -> 0 | L66: =+F66*I66 -> 0 | M66: =+F66*J66 -> 0 | N66: =+F66*K66 -> 0
A67: 11.08 | B67: Colocación de porcelanato a definir Interior UF - Provisión a cargo del comitente | C67: m2 | D67: 562 | E67: 25362 | F67: =+E67*D67 -> 14253444 | I67: 0 | K67: =+I67+J67 -> 0 | L67: =+F67*I67 -> 0 | M67: =+F67*J67 -> 0 | N67: =+F67*K67 -> 0
A68: 11.09 | B68: Colocación de porcelanato a definir Baños - Provisión a cargo del comitente | C68: m2 | D68: 73 | E68: 30109 | F68: =+E68*D68 -> 2197957 | I68: 0 | K68: =+I68+J68 -> 0 | L68: =+F68*I68 -> 0 | M68: =+F68*J68 -> 0 | N68: =+F68*K68 -> 0
A69: 11.1 | B69: Colocación de porcelanato a definir Balcones - Provisión a cargo del comitente | C69: m2 | D69: 143 | E69: 25362 | F69: =+E69*D69 -> 3626766 | I69: 0 | K69: =+I69+J69 -> 0 | L69: =+F69*I69 -> 0 | M69: =+F69*J69 -> 0 | N69: =+F69*K69 -> 0
A70: 11.11 | B70: Colocación de porcelanato a definir Palier - Provisión a cargo del comitente | C70: m2 | D70: 106 | E70: 25362 | F70: =+E70*D70 -> 2688372 | I70: 0 | K70: =+I70+J70 -> 0 | L70: =+F70*I70 -> 0 | M70: =+F70*J70 -> 0 | N70: =+F70*K70 -> 0
A71: 12 | B71: ZOCALOS Y SOLIAS - PROVISION A CARGO DEL COMITENTE | G71: =+SUM(F72:F74) -> 8990052 | H71: =+G71/$G$195 -> 0.010641064
A72: =+A71+0.01 -> 12.01 | B72: Ejecución de zócalo de concreto h: 10 cm | C72: ml | D72: 19 | E72: 6496 | F72: =+E72*D72 -> 123424 | I72: 0 | K72: =+I72+J72 -> 0 | L72: =+F72*I72 -> 0 | M72: =+F72*J72 -> 0 | N72: =+F72*K72 -> 0
A73: 12.02 | B73: Provisión y colocación de zócalo de MDF prepintado color bco. h: 7cm | C73: ml | D73: 626 | E73: 9059 | F73: =+E73*D73 -> 5670934 | I73: 0 | K73: =+I73+J73 -> 0 | L73: =+F73*I73 -> 0 | M73: =+F73*J73 -> 0 | N73: =+F73*K73 -> 0
A74: 12.03 | B74: Colocación de zócalo de porcelanato - Provisión a cargo del comitente | C74: ml | D74: 386 | E74: 8279 | F74: =+E74*D74 -> 3195694 | I74: 0 | K74: =+I74+J74 -> 0 | L74: =+F74*I74 -> 0 | M74: =+F74*J74 -> 0 | N74: =+F74*K74 -> 0
A75: 13 | B75: REVESTIMIENTOS - PROVISION A CARGO DEL COMITENTE | G75: =+SUM(F76:F79) -> 14836279 | H75: =+G75/$G$195 -> 0.017560943
A76: 13.01 | B76: Colocación de porcelanato en baños - Provisión a cargo del comitente | C76: m2 | D76: 413 | E76: 30109 | F76: =+E76*D76 -> 12435017 | I76: 0 | K76: =+I76+J76 -> 0 | L76: =+F76*I76 -> 0 | M76: =+F76*J76 -> 0 | N76: =+F76*K76 -> 0
A77: 13.02 | B77: Colocación de revestimiento en cocinas - Provisión a cargo del comitente | C77: m2 | D77: 18 | E77: 30109 | F77: =+E77*D77 -> 541962 | I77: 0 | K77: =+I77+J77 -> 0 | L77: =+F77*I77 -> 0 | M77: =+F77*J77 -> 0 | N77: =+F77*K77 -> 0
A78: 13.03 | B78: Colocación de listones refractarios en parrillas - Provisión a cargo del comitente | C78: m2 | D78: 20 | E78: 92965 | F78: =+E78*D78 -> 1859300 | I78: 0 | K78: =+I78+J78 -> 0 | L78: =+F78*I78 -> 0 | M78: =+F78*J78 -> 0 | N78: =+F78*K78 -> 0
A79: 13.04 | B79: Revestimiento Simil madera - Cotizado en provisiones | C79: m2 | D79: 0 | E79: 0 | F79: =+E79*D79 -> 0 | I79: 0 | K79: =+I79+J79 -> 0 | L79: =+F79*I79 -> 0 | M79: =+F79*J79 -> 0 | N79: =+F79*K79 -> 0
A80: 14 | B80: CIELORRASOS | G80: =+SUM(F81:F87) -> 33813897 | H80: =+G80/$G$195 -> 0.040023776
A81: =+A80+0.01 -> 14.01 | B81: Aplicado de yeso | C81: m2 | D81: 460 | E81: 23624 | F81: =+E81*D81 -> 10867040 | I81: 0 | K81: =+I81+J81 -> 0 | L81: =+F81*I81 -> 0 | M81: =+F81*J81 -> 0 | N81: =+F81*K81 -> 0
A82: 14.02 | B82: Buña en yeso aplicado | C82: ml | D82: 434 | E82: 16659 | F82: =+E82*D82 -> 7230006 | I82: 0 | K82: =+I82+J82 -> 0 | L82: =+F82*I82 -> 0 | M82: =+F82*J82 -> 0 | N82: =+F82*K82 -> 0
A83: 14.03 | B83: Cielorraso suspendido en placa STD | C83: m2 | D83: 115 | E83: 35817 | F83: =+E83*D83 -> 4118955 | I83: 0 | K83: =+I83+J83 -> 0 | L83: =+F83*I83 -> 0 | M83: =+F83*J83 -> 0 | N83: =+F83*K83 -> 0
A84: 14.04 | B84: Cielorraso suspendido en placa RH | C84: m2 | D84: 89 | E84: 41132 | F84: =+E84*D84 -> 3660748 | I84: 0 | K84: =+I84+J84 -> 0 | L84: =+F84*I84 -> 0 | M84: =+F84*J84 -> 0 | N84: =+F84*K84 -> 0
A85: 14.05 | B85: Buña Z en cielorraso suspendido | C85: ml | D85: 530 | E85: 9274 | F85: =+E85*D85 -> 4915220 | I85: 0 | K85: =+I85+J85 -> 0 | L85: =+F85*I85 -> 0 | M85: =+F85*J85 -> 0 | N85: =+F85*K85 -> 0
A86: 14.06 | B86: Cantonera / Cajón | C86: ml | D86: 56 | E86: 9274 | F86: =+E86*D86 -> 519344 | I86: 0 | K86: =+I86+J86 -> 0 | L86: =+F86*I86 -> 0 | M86: =+F86*J86 -> 0 | N86: =+F86*K86 -> 0
A87: 14.07 | B87: Hormigon visto, maquillaje | C87: m2 | D87: 469 | E87: 5336 | F87: =+E87*D87 -> 2502584 | I87: 0 | K87: =+I87+J87 -> 0 | L87: =+F87*I87 -> 0 | M87: =+F87*J87 -> 0 | N87: =+F87*K87 -> 0
A88: 15 | B88: PINTURA | G88: =+SUM(F89:F100) -> 81675029 | H88: =+G88/$G$195 -> 0.096674544
A89: 15.01 | B89: Latex exterior mate en paredes, color bco., sin enduido, a mas de 3 m de altura - Medianeras | C89: m2 | D89: 739 | E89: 22075 | F89: =+E89*D89 -> 16313425 | I89: 0 | K89: =+I89+J89 -> 0 | L89: =+F89*I89 -> 0 | M89: =+F89*J89 -> 0 | N89: =+F89*K89 -> 0
A90: 15.02 | B90: Latex interior mate en paredes, color bco., con enduido parcial | C90: m2 | D90: 1439 | E90: 8883 | F90: =+E90*D90 -> 12782637 | I90: 0 | K90: =+I90+J90 -> 0 | L90: =+F90*I90 -> 0 | M90: =+F90*J90 -> 0 | N90: =+F90*K90 -> 0
A91: 15.03 | B91: Latex interior mate en paredes, color bco., con enduido completo | C91: m2 | D91: 462 | E91: 14295 | F91: =+E91*D91 -> 6604290 | I91: 0 | K91: =+I91+J91 -> 0 | L91: =+F91*I91 -> 0 | M91: =+F91*J91 -> 0 | N91: =+F91*K91 -> 0
A92: 15.04 | B92: Latex exterior acrílico en cielorraso, color a definir, sin enduido - Sector cocheras | C92: m2 | D92: 144 | E92: 7538 | F92: =+E92*D92 -> 1085472 | I92: 0 | K92: =+I92+J92 -> 0 | L92: =+F92*I92 -> 0 | M92: =+F92*J92 -> 0 | N92: =+F92*K92 -> 0
A93: 15.05 | B93: Latex interior mate en cielorraso, color bco., con enduido parcial | C93: m2 | D93: 460 | E93: 8883 | F93: =+E93*D93 -> 4086180 | I93: 0 | K93: =+I93+J93 -> 0 | L93: =+F93*I93 -> 0 | M93: =+F93*J93 -> 0 | N93: =+F93*K93 -> 0
A94: 15.06 | B94: Latex interior mate en cielorraso, color bco., con enduido completo | C94: m2 | D94: 204 | E94: 15750 | F94: =+E94*D94 -> 3213000 | I94: 0 | K94: =+I94+J94 -> 0 | L94: =+F94*I94 -> 0 | M94: =+F94*J94 -> 0 | N94: =+F94*K94 -> 0
A95: 15.07 | B95: Impermeabilizane de Hº, silicona transparente | C95: m2 | D95: 262 | E95: 17154 | F95: =+E95*D95 -> 4494348 | I95: 0 | K95: =+I95+J95 -> 0 | L95: =+F95*I95 -> 0 | M95: =+F95*J95 -> 0 | N95: =+F95*K95 -> 0
A96: 15.08 | B96: Revestimiento tipo Tarquini hasta 3 m de altura | C96: m2 | D96: 756 | E96: 26534 | F96: =+E96*D96 -> 20059704 | I96: 0 | K96: =+I96+J96 -> 0 | L96: =+F96*I96 -> 0 | M96: =+F96*J96 -> 0 | N96: =+F96*K96 -> 0
A97: 15.09 | B97: Revestimiento tipo Tarquini a mas de 3 m de altura | C97: m2 | D97: 56 | E97: 31737 | F97: =+E97*D97 -> 1777272 | I97: 0 | K97: =+I97+J97 -> 0 | L97: =+F97*I97 -> 0 | M97: =+F97*J97 -> 0 | N97: =+F97*K97 -> 0
A98: 15.1 | B98: Franjas división cocheras | C98: gl | D98: 1 | E98: 885031 | F98: =+E98*D98 -> 885031 | I98: 0 | K98: =+I98+J98 -> 0 | L98: =+F98*I98 -> 0 | M98: =+F98*J98 -> 0 | N98: =+F98*K98 -> 0
A99: 15.11 | B99: Esmalte sintetico en puertas color bco. - Puertas placa, de chapa y de ascensor | C99: un | D99: 73 | E99: 83386 | F99: =+E99*D99 -> 6087178 | I99: 0 | K99: =+I99+J99 -> 0 | L99: =+F99*I99 -> 0 | M99: =+F99*J99 -> 0 | N99: =+F99*K99 -> 0
A100: 15.12 | B100: Esmalte sintético convertidor antioxido color negro satinado en herrería - Barandas, herrerías, etc. | C100: gl | D100: 1 | E100: 4286492 | F100: =+E100*D100 -> 4286492 | I100: 0 | K100: =+I100+J100 -> 0 | L100: =+F100*I100 -> 0 | M100: =+F100*J100 -> 0 | N100: =+F100*K100 -> 0
A101: 16 | B101: MARMOLES Y GRANITOS - PROVISION A CARGO DEL COMITENTE | G101: =+SUM(F102) -> 0 | H101: =+G101/$G$195 -> 0
E102: 0 | F102: =+E102*D102 -> 0 | I102: 0 | K102: =+I102+J102 -> 0 | L102: =+F102*I102 -> 0 | M102: =+F102*J102 -> 0 | N102: =+F102*K102 -> 0
...

Sheet GDR 3760_Pto. 02_Cert. 04
F1: DÓLAR BNA | G1: DÓLAR MEP
F2: 1066.5 | G2: 1170
F4: 45667
B5: OBRA: EDIFICIO GDR 3760 | I5: Certificado | J5: 4 | N5: 45838
B6: PRESUPUESTO OBRA CIVIL
B7: PRESUPUESTO 02 - ALBANILERIA, INSTALACIONES Y TERMINACIONES | I7: Avance | L7: Importe
B8: Descripción | C8: U | D8: Cant | E8: P unit | F8: Subtotal | I8: Anterior | J8: Actual | K8: Acumulado | L8: Anterior | M8: Actual | N8: Acumulado
A9: 4 | B9: MAMPOSTERÍA | G9: =+SUM(F10:F23) -> 51045774 | H9: =+G9/$G$195 -> 0.060420265
A10: 4.01 | B10: Muro tipo 1 - Ladrillo hueco 8 x 18 x 33 | C10: m2 | D10: 621 | E10: 22140 | F10: =+E10*D10 -> 13748940 | I10: 0 | K10: =+I10+J10 -> 0 | L10: =+F10*I10 -> 0 | M10: =+F10*J10 -> 0 | N10: =+F10*K10 -> 0
A11: 4.02 | B11: Muro tipo 2 - Ladrillo hueco 12 x 18 x 33 | C11: m2 | D11: 780 | E11: 24437 | F11: =+E11*D11 -> 19060860 | I11: 0 | K11: =+I11+J11 -> 0 | L11: =+F11*I11 -> 0 | M11: =+F11*J11 -> 0 | N11: =+F11*K11 -> 0
A12: 4.03 | B12: Muro tipo 3 - Ladrillo comun en panderete | C12: m2 | D12: 56 | E12: 23248 | F12: =+E12*D12 -> 1301888 | I12: 0 | K12: =+I12+J12 -> 0 | L12: =+F12*I12 -> 0 | M12: =+F12*J12 -> 0 | N12: =+F12*K12 -> 0
A13: 4.04 | B13: Muro tipo 4 - Ladrillo hueco portante 12 x 18 x 33 | C13: m2 | D13: 42 | E13: 28746 | F13: =+E13*D13 -> 1207332 | I13: 0 | K13: =+I13+J13 -> 0 | L13: =+F13*I13 -> 0 | M13: =+F13*J13 -> 0 | N13: =+F13*K13 -> 0
A14: 4.05 | B14: Muro tipo 5 - Bloque HCCA e: 7,5 cm | C14: m2 | D14: 70 | E14: 36933 | F14: =+E14*D14 -> 2585310 | I14: 0 | K14: =+I14+J14 -> 0 | L14: =+F14*I14 -> 0 | M14: =+F14*J14 -> 0 | N14: =+F14*K14 -> 0
A15: 4.06 | B15: Muro tipo 6 - Ladrillo hueco 18 x 18 x 33 | C15: m2 | D15: 5 | E15: 28672 | F15: =+E15*D15 -> 143360 | I15: 0 | K15: =+I15+J15 -> 0 | L15: =+F15*I15 -> 0 | M15: =+F15*J15 -> 0 | N15: =+F15*K15 -> 0
A16: 4.07 | B16: Enchape de medianeras existentes - Contemplamos picado zonas sueltas y enchape con ladrillo comun para PB | C16: m2 | D16: 193 | E16: 18611 | F16: =+E16*D16 -> 3591923 | I16: 0 | K16: =+I16+J16 -> 0 | L16: =+F16*I16 -> 0 | M16: =+F16*J16 -> 0 | N16: =+F16*K16 -> 0
A17: 4.08 | B17: Cordón de hormigón en umbrales carpinterías | C17: ml | D17: 61 | E17: 28578 | F17: =+E17*D17 -> 1743258 | I17: 0 | K17: =+I17+J17 -> 0 | L17: =+F17*I17 -> 0 | M17: =+F17*J17 -> 0 | N17: =+F17*K17 -> 0
A18: 4.09 | B18: Banquina Sala tanque de bombeo | C18: gl | D18: 1 | E18: 280823 | F18: =+E18*D18 -> 280823 | I18: 0 | K18: =+I18+J18 -> 0 | L18: =+F18*I18 -> 0 | M18: =+F18*J18 -> 0 | N18: =+F18*K18 -> 0
A19: 4.1 | B19: Banquina en parrillas | C19: gl | D19: 1 | E19: 801214 | F19: =+E19*D19 -> 801214 | I19: 0 | K19: =+I19+J19 -> 0 | L19: =+F19*I19 -> 0 | M19: =+F19*J19 -> 0 | N19: =+F19*K19 -> 0
A20: 4.11 | B20: Excavación y amurado con Hº tanque de recuperación de agua de lluvia | C20: gl | D20: 1 | E20: 525234 | F20: =+E20*D20 -> 525234 | I20: 0 | K20: =+I20+J20 -> 0 | L20: =+F20*I20 -> 0 | M20: =+F20*J20 -> 0 | N20: =+F20*K20 -> 0
A21: 4.12 | B21: Provisión y amurado de tapas de inspección para tanque de reserva | C21: u | D21: 3 | E21: 237784 | F21: =+E21*D21 -> 713352 | I21: 0 | K21: =+I21+J21 -> 0 | L21: =+F21*I21 -> 0 | M21: =+F21*J21 -> 0 | N21: =+F21*K21 -> 0
... A23: 4.14 | B23: Amurado de bañera | C23: u | D23: 8 | E23: 177655 | F23: =+E23*D23 -> 1421240 | I23: 0 | K23: =+I23+J23 -> 0 | L23: =+F23*I23 -> 0 | M23: =+F23*J23 -> 0 | N23: =+F23*K23 -> 0
A24: 5 | B24: AISLACIONES | G24: =+SUM(F25:F31) -> 19239698 | H24: =+G24/$G$195 -> 0.022773044
A25: 5.01 | B25: Cajón hidrofugo | C25: ml | D25: 136 | E25: 6496 | F25: =+E25*D25 -> 883456 | I25: 0 | K25: =+I25+J25 -> 0 | L25: =+F25*I25 -> 0 | M25: =+F25*J25 -> 0 | N25: =+F25*K25 -> 0
A26: 5.02 | B26: Aislación hidrófuga horizontal (baños) - Inc. membrana geotextil y 35% en concepto de babetas | C26: m2 | D26: 77 | E26: 33270 | F26: =+E26*D26 -> 2561790 | I26: 0 | K26: =+I26+J26 -> 0 | L26: =+F26*I26 -> 0 | M26: =+F26*J26 -> 0 | N26: =+F26*K26 -> 0
A27: 5.03 | B27: Azotado hidrófugo - Contrapiso de PB | C27: m2 | D27: 107 | E27: 6496 | F27: =+E27*D27 -> 695072 | I27: 0 | K27: =+I27+J27 -> 0 | L27: =+F27*I27 -> 0 | M27: =+F27*J27 -> 0 | N27: =+F27*K27 -> 0
A28: 5.04 | B28: Aislación térmica en terrazas, eps e:2,00 cm | C28: m2 | D28: 186 | E28: 4832 | F28: =+E28*D28 -> 898752 | I28: 0 | K28: =+I28+J28 -> 0 | L28: =+F28*I28 -> 0 | M28: =+F28*J28 -> 0 | N28: =+F28*K28 -> 0
A29: 5.05 | B29: Barrera de vapor | C29: m2 | D29: 186 | E29: 4134 | F29: =+E29*D29 -> 768924 | I29: 0 | K29: =+I29+J29 -> 0 | L29: =+F29*I29 -> 0 | M29: =+F29*J29 -> 0 | N29: =+F29*K29 -> 0
A30: 5.06 | B30: Membrana asfáltica geotextil 4mm - Balcones y azotea - Inc. 20% en concepto de babetas | C30: m2 | D30: 390 | E30: 28187 | F30: =+E30*D30 -> 10992930 | I30: 0 | K30: =+I30+J30 -> 0 | L30: =+F30*I30 -> 0 | M30: =+F30*J30 -> 0 | N30: =+F30*K30 -> 0
A31: 5.07 | B31: Impermeabilización de tanque de reserva de HºAº | C31: gl | D31: 1 | E31: 2438774 | F31: =+E31*D31 -> 2438774 | I31: 0 | K31: =+I31+J31 -> 0 | L31: =+F31*I31 -> 0 | M31: =+F31*J31 -> 0 | N31: =+F31*K31 -> 0
A32: 6 | B32: CUBIERTAS | G32: =+SUM(F33) -> 1722875 | H32: =+G32/$G$195 -> 0.0020392788
A33: 6.02 | B33: Babeta de chapa galvanizada en medianeras | C33: ml | D33: 55 | E33: 31325 | F33: =+E33*D33 -> 1722875 | I33: 0 | K33: =+I33+J33 -> 0 | L33: =+F33*I33 -> 0 | M33: =+F33*J33 -> 0 | N33: =+F33*K33 -> 0
A34: 7 | B34: REVOQUES | G34: =+SUM(F35:F40) -> 92324467 | H34: =+G34/$G$195 -> 0.10927974
A35: 7.01 | B35: Revoque Grueso Impermeable Exterior | C35: m2 | D35: 879 | E35: 19943 | F35: =+E35*D35 -> 17529897 | I35: 0 | K35: =+I35+J35 -> 0 | L35: =+F35*I35 -> 0 | M35: =+F35*J35 -> 0 | N35: =+F35*K35 -> 0
A36: 7.02 | B36: Revoque Grueso Impermeable Exterior a mas de 3m - Medianero y fachadas | C36: m2 | D36: 716 | E36: 26767 | F36: =+E36*D36 -> 19165172 | I36: 0 | K36: =+I36+J36 -> 0 | L36: =+F36*I36 -> 0 | M36: =+F36*J36 -> 0 | N36: =+F36*K36 -> 0
A37: 7.03 | B37: Yeso interior | C37: m2 | D37: 1439 | E37: 22963 | F37: =+E37*D37 -> 33043757 | I37: 0 | K37: =+I37+J37 -> 0 | L37: =+F37*I37 -> 0 | M37: =+F37*J37 -> 0 | N37: =+F37*K37 -> 0
A38: 7.04 | B38: Arista en yeso | C38: ml | D38: 347 | E38: 16909 | F38: =+E38*D38 -> 5867423 | I38: 0 | K38: =+I38+J38 -> 0 | L38: =+F38*I38 -> 0 | M38: =+F38*J38 -> 0 | N38: =+F38*K38 -> 0
A39: 7.05 | B39: Provisión y colocación de guardacanto yesero | C39: un | D39: 132 | E39: 19384 | F39: =+E39*D39 -> 2558688 | I39: 0 | K39: =+I39+J39 -> 0 | L39: =+F39*I39 -> 0 | M39: =+F39*J39 -> 0 | N39: =+F39*K39 -> 0
A40: 7.06 | B40: Revoque Grueso Impermeable Interior b/ revestimiento | C40: m2 | D40: 710 | E40: 19943 | F40: =+E40*D40 -> 14159530 | I40: 0 | K40: =+I40+J40 -> 0 | L40: =+F40*I40 -> 0 | M40: =+F40*J40 -> 0 | N40: =+F40*K40 -> 0
A41: 8 | B41: CONTRAPISOS Y CARPETAS | G41: =+SUM(F42:F49) -> 49520833 | H41: =+G41/$G$195 -> 0.058615271
A42: 8.01 | B42: Contrapiso de Hº armado e: 18 cm, incluye malla Ø 6 mm y film 200 mic. | C42: m2 | D42: 107 | E42: 58580 | F42: =+E42*D42 -> 6268060 | I42: 0 | K42: =+I42+J42 -> 0 | L42: =+F42*I42 -> 0 | M42: =+F42*J42 -> 0 | N42: =+F42*K42 -> 0
A43: 8.02 | B43: Contrapiso de H13 subase bajo intertrabado y garden block | C43: m2 | D43: 258 | E43: 38729 | F43: =+E43*D43 -> 9992082 | I43: 0 | K43: =+I43+J43 -> 0 | L43: =+F43*I43 -> 0 | M43: =+F43*J43 -> 0 | N43: =+F43*K43 -> 0
A44: 8.03 | B44: Monolítico e: 6 cm | C44: m2 | D44: 425 | E44: 22943 | F44: =+E44*D44 -> 9750775 | I44: 0 | K44: =+I44+J44 -> 0 | L44: =+F44*I44 -> 0 | M44: =+F44*J44 -> 0 | N44: =+F44*K44 -> 0
A45: 8.04 | B45: Contrapiso alivianado en azoteas (RDC), e: 15 cm | C45: m2 | D45: 200 | E45: 40355 | F45: =+E45*D45 -> 8071000 | I45: 0 | K45: =+I45+J45 -> 0 | L45: =+F45*I45 -> 0 | M45: =+F45*J45 -> 0 | N45: =+F45*K45 -> 0
A46: 8.05 | B46: Contrapiso con piedra binder e: 4/5 cm - En locales húmedos (baños) | C46: m2 | D46: 77 | E46: 31515 | F46: =+E46*D46 -> 2426655 | I46: 0 | K46: =+I46+J46 -> 0 | L46: =+F46*I46 -> 0 | M46: =+F46*J46 -> 0 | N46: =+F46*K46 -> 0
A47: 8.06 | B47: Carpeta autonivelante e: 4/10 mm - En locales húmedos (baños) | C47: m2 | D47: 77 | E47: 19683 | F47: =+E47*D47 -> 1515591 | I47: 0 | K47: =+I47+J47 -> 0 | L47: =+F47*I47 -> 0 | M47: =+F47*J47 -> 0 | N47: =+F47*K47 -> 0
A48: 8.07 | B48: Carpeta a la cal reforzada | C48: m2 | D48: 442 | E48: 14335 | F48: =+E48*D48 -> 6336070 | I48: 0 | K48: =+I48+J48 -> 0 | L48: =+F48*I48 -> 0 | M48: =+F48*J48 -> 0 | N48: =+F48*K48 -> 0
A49: 8.08 | B49: Carpeta a la cal reforzada s/membrana | C49: m2 | D49: 360 | E49: 14335 | F49: =+E49*D49 -> 5160600 | I49: 0 | K49: =+I49+J49 -> 0 | L49: =+F49*I49 -> 0 | M49: =+F49*J49 -> 0 | N49: =+F49*K49 -> 0
A50: 9 | B50: ESCALERAS | G50: =+SUM(F51:F53) -> 4852846 | H50: =+G50/$G$195 -> 0.005744065
A51: 9.01 | B51: Provisión y ejecución de cemento alisado arrodillado, e: 3,00 cm, en alzada y pedad | C51: gl | D51: 1 | E51: 2109310 | F51: =+E51*D51 -> 2109310 | I51: 0 | K51: =+I51+J51 -> 0 | L51: =+F51*I51 -> 0 | M51: =+F51*J51 -> 0 | N51: =+F51*K51 -> 0
A52: 9.02 | B52: Provisión nariz escalera, hierro angulo 5/8 x 1/8" | C52: un | D52: 81 | E52: 28022 | F52: =+E52*D52 -> 2269782 | I52: 0 | K52: =+I52+J52 -> 0 | L52: =+F52*I52 -> 0 | M52: =+F52*J52 -> 0 | N52: =+F52*K52 -> 0
A53: 9.03 | B53: Ejecución de zócalo rampante de concreto h: 10 cm | C53: ml | D53: 46 | E53: 10299 | F53: =+E53*D53 -> 473754 | I53: 0 | K53: =+I53+J53 -> 0 | L53: =+F53*I53 -> 0 | M53: =+F53*J53 -> 0 | N53: =+F53*K53 -> 0
A54: 10 | B54: VENTILACIONES - PROVISION A CARGO DEL COMITENTE | G54: =+SUM(F55:F58) -> 4184652 | H54: =+G54/$G$195 -> 0.004953158
A55: 10.01 | B55: Montaje de conductos de ventilación de baños C27 - Provisión a cargo del comitente | C55: gl | D55: 1 | E55: 1844532 | F55: =+E55*D55 -> 1844532 | I55: 0 | K55: =+I55+J55 -> 0 | L55: =+F55*I55 -> 0 | M55: =+F55*J55 -> 0 | N55: =+F55*K55 -> 0
A56: 10.02 | B56: Montaje de conductos de ventilación de parrillas C27 - Provisión a cargo del comitente | C56: gl | D56: 1 | E56: 1214937 | F56: =+E56*D56 -> 1214937 | I56: 0 | K56: =+I56+J56 -> 0 | L56: =+F56*I56 -> 0 | M56: =+F56*J56 -> 0 | N56: =+F56*K56 -> 0
A57: 10.03 | B57: Montaje de campanas de parrillas C22 - Provisión a cargo del comitente | C57: gl | D57: 1 | E57: 539833 | F57: =+E57*D57 -> 539833 | I57: 0 | K57: =+I57+J57 -> 0 | L57: =+F57*I57 -> 0 | M57: =+F57*J57 -> 0 | N57: =+F57*K57 -> 0
A58: 10.04 | B58: Montaje de sombreretes en chapa prepintada C25 - Provisión a cargo del comitente | C58: u | D58: 10 | E58: 58535 | F58: =+E58*D58 -> 585350 | I58: 0 | K58: =+I58+J58 -> 0 | L58: =+F58*I58 -> 0 | M58: =+F58*J58 -> 0 | N58: =+F58*K58 -> 0
A59: 11 | B59: PISOS - PROVISION A CARGO DEL COMITENTE | G59: =+SUM(F60:F70) -> 31170783 | H59: =+G59/$G$195 -> 0.036895258
A60: 11.01 | B60: Provisión y ejecución de alisado de cemento a la llana metálica, e: 6,00 cm | C60: m2 | D60: 0 | E60: 0 | F60: =+E60*D60 -> 0 | I60: 0 | K60: =+I60+J60 -> 0 | L60: =+F60*I60 -> 0 | M60: =+F60*J60 -> 0 | N60: =+F60*K60 -> 0
A61: 11.02 | B61: Provisión y ejecución de cemento alisado arrodillado, e: 3,00 cm | C61: m2 | D61: 39 | E61: 19280 | F61: =+E61*D61 -> 751920 | I61: 0 | K61: =+I61+J61 -> 0 | L61: =+F61*I61 -> 0 | M61: =+F61*J61 -> 0 | N61: =+F61*K61 -> 0
A62: 11.03 | B62: Colocación de porcelanato a definir en sspacios comunes - Provisión a cargo del comitente | C62: m2 | D62: 48 | E62: 25362 | F62: =+E62*D62 -> 1217376 | I62: 0 | K62: =+I62+J62 -> 0 | L62: =+F62*I62 -> 0 | M62: =+F62*J62 -> 0 | N62: =+F62*K62 -> 0
A63: 11.04 | B63: Colocación de pavimento intertrabado de H°, incluye provisión y colocación de cama de arena + tomado de junta - Provisión a cargo del comitente | C63: m2 | D63: 174 | E63: 19164 | F63: =+E63*D63 -> 3334536 | I63: 0 | K63: =+I63+J63 -> 0 | L63: =+F63*I63 -> 0 | M63: =+F63*J63 -> 0 | N63: =+F63*K63 -> 0
A64: 11.05 | B64: Colocación de garden block, incluye provisión y colocación de cama de arena + tomado de junta - Provisión a cargo del comitente | C64: m2 | D64: 92 | E64: 19164 | F64: =+E64*D64 -> 1763088 | I64: 0 | K64: =+I64+J64 -> 0 | L64: =+F64*I64 -> 0 | M64: =+F64*J64 -> 0 | N64: =+F64*K64 -> 0
A65: 11.06 | B65: Provisión y colocación de relleno de piedra binder | C65: m2 | D65: 8 | E65: 14043 | F65: =+E65*D65 -> 112344 | I65: 0 | K65: =+I65+J65 -> 0 | L65: =+F65*I65 -> 0 | M65: =+F65*J65 -> 0 | N65: =+F65*K65 -> 0
A66: 11.07 | B66: Colocación de baldoson granítico vereda 40 x 40 - Provisión a cargo del comitente | C66: m2 | D66: 46 | E66: 26630 | F66: =+E66*D66 -> 1224980 | I66: 0 | K66: =+I66+J66 -> 0 | L66: =+F66*I66 -> 0 | M66: =+F66*J66 -> 0 | N66: =+F66*K66 -> 0
A67: 11.08 | B67: Colocación de porcelanato a definir Interior UF - Provisión a cargo del comitente | C67: m2 | D67: 562 | E67: 25362 | F67: =+E67*D67 -> 14253444 | I67: 0 | K67: =+I67+J67 -> 0 | L67: =+F67*I67 -> 0 | M67: =+F67*J67 -> 0 | N67: =+F67*K67 -> 0
A68: 11.09 | B68: Colocación de porcelanato a definir Baños - Provisión a cargo del comitente | C68: m2 | D68: 73 | E68: 30109 | F68: =+E68*D68 -> 2197957 | I68: 0 | K68: =+I68+J68 -> 0 | L68: =+F68*I68 -> 0 | M68: =+F68*J68 -> 0 | N68: =+F68*K68 -> 0
A69: 11.1 | B69: Colocación de porcelanato a definir Balcones - Provisión a cargo del comitente | C69: m2 | D69: 143 | E69: 25362 | F69: =+E69*D69 -> 3626766 | I69: 0 | K69: =+I69+J69 -> 0 | L69: =+F69*I69 -> 0 | M69: =+F69*J69 -> 0 | N69: =+F69*K69 -> 0
A70: 11.11 | B70: Colocación de porcelanato a definir Palier - Provisión a cargo del comitente | C70: m2 | D70: 106 | E70: 25362 | F70: =+E70*D70 -> 2688372 | I70: 0 | K70: =+I70+J70 -> 0 | L70: =+F70*I70 -> 0 | M70: =+F70*J70 -> 0 | N70: =+F70*K70 -> 0
A71: 12 | B71: ZOCALOS Y SOLIAS - PROVISION A CARGO DEL COMITENTE | G71: =+SUM(F72:F74) -> 8990052 | H71: =+G71/$G$195 -> 0.010641064
A72: =+A71+0.01 -> 12.01 | B72: Ejecución de zócalo de concreto h: 10 cm | C72: ml | D72: 19 | E72: 6496 | F72: =+E72*D72 -> 123424 | I72: 0 | K72: =+I72+J72 -> 0 | L72: =+F72*I72 -> 0 | M72: =+F72*J72 -> 0 | N72: =+F72*K72 -> 0
A73: 12.02 | B73: Provisión y colocación de zócalo de MDF prepintado color bco. h: 7cm | C73: ml | D73: 626 | E73: 9059 | F73: =+E73*D73 -> 5670934 | I73: 0 | K73: =+I73+J73 -> 0 | L73: =+F73*I73 -> 0 | M73: =+F73*J73 -> 0 | N73: =+F73*K73 -> 0
A74: 12.03 | B74: Colocación de zócalo de porcelanato - Provisión a cargo del comitente | C74: ml | D74: 386 | E74: 8279 | F74: =+E74*D74 -> 3195694 | I74: 0 | K74: =+I74+J74 -> 0 | L74: =+F74*I74 -> 0 | M74: =+F74*J74 -> 0 | N74: =+F74*K74 -> 0
A75: 13 | B75: REVESTIMIENTOS - PROVISION A CARGO DEL COMITENTE | G75: =+SUM(F76:F79) -> 14836279 | H75: =+G75/$G$195 -> 0.017560943
A76: 13.01 | B76: Colocación de porcelanato en baños - Provisión a cargo del comitente | C76: m2 | D76: 413 | E76: 30109 | F76: =+E76*D76 -> 12435017 | I76: 0 | K76: =+I76+J76 -> 0 | L76: =+F76*I76 -> 0 | M76: =+F76*J76 -> 0 | N76: =+F76*K76 -> 0
A77: 13.02 | B77: Colocación de revestimiento en cocinas - Provisión a cargo del comitente | C77: m2 | D77: 18 | E77: 30109 | F77: =+E77*D77 -> 541962 | I77: 0 | K77: =+I77+J77 -> 0 | L77: =+F77*I77 -> 0 | M77: =+F77*J77 -> 0 | N77: =+F77*K77 -> 0
A78: 13.03 | B78: Colocación de listones refractarios en parrillas - Provisión a cargo del comitente | C78: m2 | D78: 20 | E78: 92965 | F78: =+E78*D78 -> 1859300 | I78: 0 | K78: =+I78+J78 -> 0 | L78: =+F78*I78 -> 0 | M78: =+F78*J78 -> 0 | N78: =+F78*K78 -> 0
A79: 13.04 | B79: Revestimiento Simil madera - Cotizado en provisiones | C79: m2 | D79: 0 | E79: 0 | F79: =+E79*D79 -> 0 | I79: 0 | K79: =+I79+J79 -> 0 | L79: =+F79*I79 -> 0 | M79: =+F79*J79 -> 0 | N79: =+F79*K79 -> 0
A80: 14 | B80: CIELORRASOS | G80: =+SUM(F81:F87) -> 33813897 | H80: =+G80/$G$195 -> 0.040023776
A81: =+A80+0.01 -> 14.01 | B81: Aplicado de yeso | C81: m2 | D81: 460 | E81: 23624 | F81: =+E81*D81 -> 10867040 | I81: 0 | K81: =+I81+J81 -> 0 | L81: =+F81*I81 -> 0 | M81: =+F81*J81 -> 0 | N81: =+F81*K81 -> 0
A82: 14.02 | B82: Buña en yeso aplicado | C82: ml | D82: 434 | E82: 16659 | F82: =+E82*D82 -> 7230006 | I82: 0 | K82: =+I82+J82 -> 0 | L82: =+F82*I82 -> 0 | M82: =+F82*J82 -> 0 | N82: =+F82*K82 -> 0
A83: 14.03 | B83: Cielorraso suspendido en placa STD | C83: m2 | D83: 115 | E83: 35817 | F83: =+E83*D83 -> 4118955 | I83: 0 | K83: =+I83+J83 -> 0 | L83: =+F83*I83 -> 0 | M83: =+F83*J83 -> 0 | N83: =+F83*K83 -> 0
A84: 14.04 | B84: Cielorraso suspendido en placa RH | C84: m2 | D84: 89 | E84: 41132 | F84: =+E84*D84 -> 3660748 | I84: 0 | K84: =+I84+J84 -> 0 | L84: =+F84*I84 -> 0 | M84: =+F84*J84 -> 0 | N84: =+F84*K84 -> 0
A85: 14.05 | B85: Buña Z en cielorraso suspendido | C85: ml | D85: 530 | E85: 9274 | F85: =+E85*D85 -> 4915220 | I85: 0 | K85: =+I85+J85 -> 0 | L85: =+F85*I85 -> 0 | M85: =+F85*J85 -> 0 | N85: =+F85*K85 -> 0
A86: 14.06 | B86: Cantonera / Cajón | C86: ml | D86: 56 | E86: 9274 | F86: =+E86*D86 -> 519344 | I86: 0 | K86: =+I86+J86 -> 0 | L86: =+F86*I86 -> 0 | M86: =+F86*J86 -> 0 | N86: =+F86*K86 -> 0
A87: 14.07 | B87: Hormigon visto, maquillaje | C87: m2 | D87: 469 | E87: 5336 | F87: =+E87*D87 -> 2502584 | I87: 0 | K87: =+I87+J87 -> 0 | L87: =+F87*I87 -> 0 | M87: =+F87*J87 -> 0 | N87: =+F87*K87 -> 0
A88: 15 | B88: PINTURA | G88: =+SUM(F89:F100) -> 81675029 | H88: =+G88/$G$195 -> 0.096674544
A89: 15.01 | B89: Latex exterior mate en paredes, color bco., sin enduido, a mas de 3 m de altura - Medianeras | C89: m2 | D89: 739 | E89: 22075 | F89: =+E89*D89 -> 16313425 | I89: 0 | K89: =+I89+J89 -> 0 | L89: =+F89*I89 -> 0 | M89: =+F89*J89 -> 0 | N89: =+F89*K89 -> 0
A90: 15.02 | B90: Latex interior mate en paredes, color bco., con enduido parcial | C90: m2 | D90: 1439 | E90: 8883 | F90: =+E90*D90 -> 12782637 | I90: 0 | K90: =+I90+J90 -> 0 | L90: =+F90*I90 -> 0 | M90: =+F90*J90 -> 0 | N90: =+F90*K90 -> 0
A91: 15.03 | B91: Latex interior mate en paredes, color bco., con enduido completo | C91: m2 | D91: 462 | E91: 14295 | F91: =+E91*D91 -> 6604290 | I91: 0 | K91: =+I91+J91 -> 0 | L91: =+F91*I91 -> 0 | M91: =+F91*J91 -> 0 | N91: =+F91*K91 -> 0
A92: 15.04 | B92: Latex exterior acrílico en cielorraso, color a definir, sin enduido - Sector cocheras | C92: m2 | D92: 144 | E92: 7538 | F92: =+E92*D92 -> 1085472 | I92: 0 | K92: =+I92+J92 -> 0 | L92: =+F92*I92 -> 0 | M92: =+F92*J92 -> 0 | N92: =+F92*K92 -> 0
A93: 15.05 | B93: Latex interior mate en cielorraso, color bco., con enduido parcial | C93: m2 | D93: 460 | E93: 8883 | F93: =+E93*D93 -> 4086180 | I93: 0 | K93: =+I93+J93 -> 0 | L93: =+F93*I93 -> 0 | M93: =+F93*J93 -> 0 | N93: =+F93*K93 -> 0
A94: 15.06 | B94: Latex interior mate en cielorraso, color bco., con enduido completo | C94: m2 | D94: 204 | E94: 15750 | F94: =+E94*D94 -> 3213000 | I94: 0 | K94: =+I94+J94 -> 0 | L94: =+F94*I94 -> 0 | M94: =+F94*J94 -> 0 | N94: =+F94*K94 -> 0
A95: 15.07 | B95: Impermeabilizane de Hº, silicona transparente | C95: m2 | D95: 262 | E95: 17154 | F95: =+E95*D95 -> 4494348 | I95: 0 | K95: =+I95+J95 -> 0 | L95: =+F95*I95 -> 0 | M95: =+F95*J95 -> 0 | N95: =+F95*K95 -> 0
A96: 15.08 | B96: Revestimiento tipo Tarquini hasta 3 m de altura | C96: m2 | D96: 756 | E96: 26534 | F96: =+E96*D96 -> 20059704 | I96: 0 | K96: =+I96+J96 -> 0 | L96: =+F96*I96 -> 0 | M96: =+F96*J96 -> 0 | N96: =+F96*K96 -> 0
A97: 15.09 | B97: Revestimiento tipo Tarquini a mas de 3 m de altura | C97: m2 | D97: 56 | E97: 31737 | F97: =+E97*D97 -> 1777272 | I97: 0 | K97: =+I97+J97 -> 0 | L97: =+F97*I97 -> 0 | M97: =+F97*J97 -> 0 | N97: =+F97*K97 -> 0
A98: 15.1 | B98: Franjas división cocheras | C98: gl | D98: 1 | E98: 885031 | F98: =+E98*D98 -> 885031 | I98: 0 | K98: =+I98+J98 -> 0 | L98: =+F98*I98 -> 0 | M98: =+F98*J98 -> 0 | N98: =+F98*K98 -> 0
A99: 15.11 | B99: Esmalte sintetico en puertas color bco. - Puertas placa, de chapa y de ascensor | C99: un | D99: 73 | E99: 83386 | F99: =+E99*D99 -> 6087178 | I99: 0 | K99: =+I99+J99 -> 0 | L99: =+F99*I99 -> 0 | M99: =+F99*J99 -> 0 | N99: =+F99*K99 -> 0
A100: 15.12 | B100: Esmalte sintético convertidor antioxido color negro satinado en herrería - Barandas, herrerías, etc. | C100: gl | D100: 1 | E100: 4286492 | F100: =+E100*D100 -> 4286492 | I100: 0 | K100: =+I100+J100 -> 0 | L100: =+F100*I100 -> 0 | M100: =+F100*J100 -> 0 | N100: =+F100*K100 -> 0
A101: 16 | B101: MARMOLES Y GRANITOS - PROVISION A CARGO DEL COMITENTE | G101: =+SUM(F102) -> 0 | H101: =+G101/$G$195 -> 0
E102: 0 | F102: =+E102*D102 -> 0 | I102: 0 | K102: =+I102+J102 -> 0 | L102: =+F102*I102 -> 0 | M102: =+F102*J102 -> 0 | N102: =+F102*K102 -> 0
...

Sheet GDR 3760_Pto. 02_Cert. 05
F1: DÓLAR BNA | G1: DÓLAR MEP
F2: 1066.5 | G2: 1170
F4: 45667
B5: OBRA: EDIFICIO GDR 3760 | I5: Certificado | J5: 5 | N5: 45869
B6: PRESUPUESTO OBRA CIVIL
B7: PRESUPUESTO 02 - ALBANILERIA, INSTALACIONES Y TERMINACIONES | I7: Avance | L7: Importe
B8: Descripción | C8: U | D8: Cant | E8: P unit | F8: Subtotal | I8: Anterior | J8: Actual | K8: Acumulado | L8: Anterior | M8: Actual | N8: Acumulado
A9: 4 | B9: MAMPOSTERÍA | G9: =+SUM(F10:F23) -> 51045774 | H9: =+G9/$G$195 -> 0.060420265
A10: 4.01 | B10: Muro tipo 1 - Ladrillo hueco 8 x 18 x 33 | C10: m2 | D10: 621 | E10: 22140 | F10: =+E10*D10 -> 13748940 | I10: 0 | K10: =+I10+J10 -> 0 | L10: =+F10*I10 -> 0 | M10: =+F10*J10 -> 0 | N10: =+F10*K10 -> 0
A11: 4.02 | B11: Muro tipo 2 - Ladrillo hueco 12 x 18 x 33 | C11: m2 | D11: 780 | E11: 24437 | F11: =+E11*D11 -> 19060860 | I11: 0 | K11: =+I11+J11 -> 0 | L11: =+F11*I11 -> 0 | M11: =+F11*J11 -> 0 | N11: =+F11*K11 -> 0
A12: 4.03 | B12: Muro tipo 3 - Ladrillo comun en panderete | C12: m2 | D12: 56 | E12: 23248 | F12: =+E12*D12 -> 1301888 | I12: 0 | K12: =+I12+J12 -> 0 | L12: =+F12*I12 -> 0 | M12: =+F12*J12 -> 0 | N12: =+F12*K12 -> 0
A13: 4.04 | B13: Muro tipo 4 - Ladrillo hueco portante 12 x 18 x 33 | C13: m2 | D13: 42 | E13: 28746 | F13: =+E13*D13 -> 1207332 | I13: 0 | K13: =+I13+J13 -> 0 | L13: =+F13*I13 -> 0 | M13: =+F13*J13 -> 0 | N13: =+F13*K13 -> 0
A14: 4.05 | B14: Muro tipo 5 - Bloque HCCA e: 7,5 cm | C14: m2 | D14: 70 | E14: 36933 | F14: =+E14*D14 -> 2585310 | I14: 0 | K14: =+I14+J14 -> 0 | L14: =+F14*I14 -> 0 | M14: =+F14*J14 -> 0 | N14: =+F14*K14 -> 0
A15: 4.06 | B15: Muro tipo 6 - Ladrillo hueco 18 x 18 x 33 | C15: m2 | D15: 5 | E15: 28672 | F15: =+E15*D15 -> 143360 | I15: 0 | K15: =+I15+J15 -> 0 | L15: =+F15*I15 -> 0 | M15: =+F15*J15 -> 0 | N15: =+F15*K15 -> 0
A16: 4.07 | B16: Enchape de medianeras existentes - Contemplamos picado zonas sueltas y enchape con ladrillo comun para PB | C16: m2 | D16: 193 | E16: 18611 | F16: =+E16*D16 -> 3591923 | I16: 0 | K16: =+I16+J16 -> 0 | L16: =+F16*I16 -> 0 | M16: =+F16*J16 -> 0 | N16: =+F16*K16 -> 0
A17: 4.08 | B17: Cordón de hormigón en umbrales carpinterías | C17: ml | D17: 61 | E17: 28578 | F17: =+E17*D17 -> 1743258 | I17: 0 | K17: =+I17+J17 -> 0 | L17: =+F17*I17 -> 0 | M17: =+F17*J17 -> 0 | N17: =+F17*K17 -> 0
A18: 4.09 | B18: Banquina Sala tanque de bombeo | C18: gl | D18: 1 | E18: 280823 | F18: =+E18*D18 -> 280823 | I18: 0 | K18: =+I18+J18 -> 0 | L18: =+F18*I18 -> 0 | M18: =+F18*J18 -> 0 | N18: =+F18*K18 -> 0
A19: 4.1 | B19: Banquina en parrillas | C19: gl | D19: 1 | E19: 801214 | F19: =+E19*D19 -> 801214 | I19: 0 | K19: =+I19+J19 -> 0 | L19: =+F19*I19 -> 0 | M19: =+F19*J19 -> 0 | N19: =+F19*K19 -> 0
A20: 4.11 | B20: Excavación y amurado con Hº tanque de recuperación de agua de lluvia | C20: gl | D20: 1 | E20: 525234 | F20: =+E20*D20 -> 525234 | I20: 0 | K20: =+I20+J20 -> 0 | L20: =+F20*I20 -> 0 | M20: =+F20*J20 -> 0 | N20: =+F20*K20 -> 0
A21: 4.12 | B21: Provisión y amurado de tapas de inspección para tanque de reserva | C21: u | D21: 3 | E21: 237784 | F21: =+E21*D21 -> 713352 | I21: 0 | K21: =+I21+J21 -> 0 | L21: =+F21*I21 -> 0 | M21: =+F21*J21 -> 0 | N21: =+F21*K21 -> 0
... A23: 4.14 | B23: Amurado de bañera | C23: u | D23: 8 | E23: 177655 | F23: =+E23*D23 -> 1421240 | I23: 0 | K23: =+I23+J23 -> 0 | L23: =+F23*I23 -> 0 | M23: =+F23*J23 -> 0 | N23: =+F23*K23 -> 0
A24: 5 | B24: AISLACIONES | G24: =+SUM(F25:F31) -> 19239698 | H24: =+G24/$G$195 -> 0.022773044
A25: 5.01 | B25: Cajón hidrofugo | C25: ml | D25: 136 | E25: 6496 | F25: =+E25*D25 -> 883456 | I25: 0 | K25: =+I25+J25 -> 0 | L25: =+F25*I25 -> 0 | M25: =+F25*J25 -> 0 | N25: =+F25*K25 -> 0
A26: 5.02 | B26: Aislación hidrófuga horizontal (baños) - Inc. membrana geotextil y 35% en concepto de babetas | C26: m2 | D26: 77 | E26: 33270 | F26: =+E26*D26 -> 2561790 | I26: 0 | K26: =+I26+J26 -> 0 | L26: =+F26*I26 -> 0 | M26: =+F26*J26 -> 0 | N26: =+F26*K26 -> 0
A27: 5.03 | B27: Azotado hidrófugo - Contrapiso de PB | C27: m2 | D27: 107 | E27: 6496 | F27: =+E27*D27 -> 695072 | I27: 0 | K27: =+I27+J27 -> 0 | L27: =+F27*I27 -> 0 | M27: =+F27*J27 -> 0 | N27: =+F27*K27 -> 0
A28: 5.04 | B28: Aislación térmica en terrazas, eps e:2,00 cm | C28: m2 | D28: 186 | E28: 4832 | F28: =+E28*D28 -> 898752 | I28: 0 | K28: =+I28+J28 -> 0 | L28: =+F28*I28 -> 0 | M28: =+F28*J28 -> 0 | N28: =+F28*K28 -> 0
A29: 5.05 | B29: Barrera de vapor | C29: m2 | D29: 186 | E29: 4134 | F29: =+E29*D29 -> 768924 | I29: 0 | K29: =+I29+J29 -> 0 | L29: =+F29*I29 -> 0 | M29: =+F29*J29 -> 0 | N29: =+F29*K29 -> 0
A30: 5.06 | B30: Membrana asfáltica geotextil 4mm - Balcones y azotea - Inc. 20% en concepto de babetas | C30: m2 | D30: 390 | E30: 28187 | F30: =+E30*D30 -> 10992930 | I30: 0 | K30: =+I30+J30 -> 0 | L30: =+F30*I30 -> 0 | M30: =+F30*J30 -> 0 | N30: =+F30*K30 -> 0
A31: 5.07 | B31: Impermeabilización de tanque de reserva de HºAº | C31: gl | D31: 1 | E31: 2438774 | F31: =+E31*D31 -> 2438774 | I31: 0 | K31: =+I31+J31 -> 0 | L31: =+F31*I31 -> 0 | M31: =+F31*J31 -> 0 | N31: =+F31*K31 -> 0
A32: 6 | B32: CUBIERTAS | G32: =+SUM(F33) -> 1722875 | H32: =+G32/$G$195 -> 0.0020392788
A33: 6.02 | B33: Babeta de chapa galvanizada en medianeras | C33: ml | D33: 55 | E33: 31325 | F33: =+E33*D33 -> 1722875 | I33: 0 | K33: =+I33+J33 -> 0 | L33: =+F33*I33 -> 0 | M33: =+F33*J33 -> 0 | N33: =+F33*K33 -> 0
A34: 7 | B34: REVOQUES | G34: =+SUM(F35:F40) -> 92324467 | H34: =+G34/$G$195 -> 0.10927974
A35: 7.01 | B35: Revoque Grueso Impermeable Exterior | C35: m2 | D35: 879 | E35: 19943 | F35: =+E35*D35 -> 17529897 | I35: 0 | K35: =+I35+J35 -> 0 | L35: =+F35*I35 -> 0 | M35: =+F35*J35 -> 0 | N35: =+F35*K35 -> 0
A36: 7.02 | B36: Revoque Grueso Impermeable Exterior a mas de 3m - Medianero y fachadas | C36: m2 | D36: 716 | E36: 26767 | F36: =+E36*D36 -> 19165172 | I36: 0 | K36: =+I36+J36 -> 0 | L36: =+F36*I36 -> 0 | M36: =+F36*J36 -> 0 | N36: =+F36*K36 -> 0
A37: 7.03 | B37: Yeso interior | C37: m2 | D37: 1439 | E37: 22963 | F37: =+E37*D37 -> 33043757 | I37: 0 | K37: =+I37+J37 -> 0 | L37: =+F37*I37 -> 0 | M37: =+F37*J37 -> 0 | N37: =+F37*K37 -> 0
A38: 7.04 | B38: Arista en yeso | C38: ml | D38: 347 | E38: 16909 | F38: =+E38*D38 -> 5867423 | I38: 0 | K38: =+I38+J38 -> 0 | L38: =+F38*I38 -> 0 | M38: =+F38*J38 -> 0 | N38: =+F38*K38 -> 0
A39: 7.05 | B39: Provisión y colocación de guardacanto yesero | C39: un | D39: 132 | E39: 19384 | F39: =+E39*D39 -> 2558688 | I39: 0 | K39: =+I39+J39 -> 0 | L39: =+F39*I39 -> 0 | M39: =+F39*J39 -> 0 | N39: =+F39*K39 -> 0
A40: 7.06 | B40: Revoque Grueso Impermeable Interior b/ revestimiento | C40: m2 | D40: 710 | E40: 19943 | F40: =+E40*D40 -> 14159530 | I40: 0 | K40: =+I40+J40 -> 0 | L40: =+F40*I40 -> 0 | M40: =+F40*J40 -> 0 | N40: =+F40*K40 -> 0
A41: 8 | B41: CONTRAPISOS Y CARPETAS | G41: =+SUM(F42:F49) -> 49520833 | H41: =+G41/$G$195 -> 0.058615271
A42: 8.01 | B42: Contrapiso de Hº armado e: 18 cm, incluye malla Ø 6 mm y film 200 mic. | C42: m2 | D42: 107 | E42: 58580 | F42: =+E42*D42 -> 6268060 | I42: 0 | K42: =+I42+J42 -> 0 | L42: =+F42*I42 -> 0 | M42: =+F42*J42 -> 0 | N42: =+F42*K42 -> 0
A43: 8.02 | B43: Contrapiso de H13 subase bajo intertrabado y garden block | C43: m2 | D43: 258 | E43: 38729 | F43: =+E43*D43 -> 9992082 | I43: 0 | K43: =+I43+J43 -> 0 | L43: =+F43*I43 -> 0 | M43: =+F43*J43 -> 0 | N43: =+F43*K43 -> 0
A44: 8.03 | B44: Monolítico e: 6 cm | C44: m2 | D44: 425 | E44: 22943 | F44: =+E44*D44 -> 9750775 | I44: 0 | K44: =+I44+J44 -> 0 | L44: =+F44*I44 -> 0 | M44: =+F44*J44 -> 0 | N44: =+F44*K44 -> 0
A45: 8.04 | B45: Contrapiso alivianado en azoteas (RDC), e: 15 cm | C45: m2 | D45: 200 | E45: 40355 | F45: =+E45*D45 -> 8071000 | I45: 0 | K45: =+I45+J45 -> 0 | L45: =+F45*I45 -> 0 | M45: =+F45*J45 -> 0 | N45: =+F45*K45 -> 0
A46: 8.05 | B46: Contrapiso con piedra binder e: 4/5 cm - En locales húmedos (baños) | C46: m2 | D46: 77 | E46: 31515 | F46: =+E46*D46 -> 2426655 | I46: 0 | K46: =+I46+J46 -> 0 | L46: =+F46*I46 -> 0 | M46: =+F46*J46 -> 0 | N46: =+F46*K46 -> 0
A47: 8.06 | B47: Carpeta autonivelante e: 4/10 mm - En locales húmedos (baños) | C47: m2 | D47: 77 | E47: 19683 | F47: =+E47*D47 -> 1515591 | I47: 0 | K47: =+I47+J47 -> 0 | L47: =+F47*I47 -> 0 | M47: =+F47*J47 -> 0 | N47: =+F47*K47 -> 0
A48: 8.07 | B48: Carpeta a la cal reforzada | C48: m2 | D48: 442 | E48: 14335 | F48: =+E48*D48 -> 6336070 | I48: 0 | K48: =+I48+J48 -> 0 | L48: =+F48*I48 -> 0 | M48: =+F48*J48 -> 0 | N48: =+F48*K48 -> 0
A49: 8.08 | B49: Carpeta a la cal reforzada s/membrana | C49: m2 | D49: 360 | E49: 14335 | F49: =+E49*D49 -> 5160600 | I49: 0 | K49: =+I49+J49 -> 0 | L49: =+F49*I49 -> 0 | M49: =+F49*J49 -> 0 | N49: =+F49*K49 -> 0
A50: 9 | B50: ESCALERAS | G50: =+SUM(F51:F53) -> 4852846 | H50: =+G50/$G$195 -> 0.005744065
A51: 9.01 | B51: Provisión y ejecución de cemento alisado arrodillado, e: 3,00 cm, en alzada y pedad | C51: gl | D51: 1 | E51: 2109310 | F51: =+E51*D51 -> 2109310 | I51: 0 | K51: =+I51+J51 -> 0 | L51: =+F51*I51 -> 0 | M51: =+F51*J51 -> 0 | N51: =+F51*K51 -> 0
A52: 9.02 | B52: Provisión nariz escalera, hierro angulo 5/8 x 1/8" | C52: un | D52: 81 | E52: 28022 | F52: =+E52*D52 -> 2269782 | I52: 0 | K52: =+I52+J52 -> 0 | L52: =+F52*I52 -> 0 | M52: =+F52*J52 -> 0 | N52: =+F52*K52 -> 0
A53: 9.03 | B53: Ejecución de zócalo rampante de concreto h: 10 cm | C53: ml | D53: 46 | E53: 10299 | F53: =+E53*D53 -> 473754 | I53: 0 | K53: =+I53+J53 -> 0 | L53: =+F53*I53 -> 0 | M53: =+F53*J53 -> 0 | N53: =+F53*K53 -> 0
A54: 10 | B54: VENTILACIONES - PROVISION A CARGO DEL COMITENTE | G54: =+SUM(F55:F58) -> 4184652 | H54: =+G54/$G$195 -> 0.004953158
A55: 10.01 | B55: Montaje de conductos de ventilación de baños C27 - Provisión a cargo del comitente | C55: gl | D55: 1 | E55: 1844532 | F55: =+E55*D55 -> 1844532 | I55: 0 | K55: =+I55+J55 -> 0 | L55: =+F55*I55 -> 0 | M55: =+F55*J55 -> 0 | N55: =+F55*K55 -> 0
A56: 10.02 | B56: Montaje de conductos de ventilación de parrillas C27 - Provisión a cargo del comitente | C56: gl | D56: 1 | E56: 1214937 | F56: =+E56*D56 -> 1214937 | I56: 0 | K56: =+I56+J56 -> 0 | L56: =+F56*I56 -> 0 | M56: =+F56*J56 -> 0 | N56: =+F56*K56 -> 0
A57: 10.03 | B57: Montaje de campanas de parrillas C22 - Provisión a cargo del comitente | C57: gl | D57: 1 | E57: 539833 | F57: =+E57*D57 -> 539833 | I57: 0 | K57: =+I57+J57 -> 0 | L57: =+F57*I57 -> 0 | M57: =+F57*J57 -> 0 | N57: =+F57*K57 -> 0
A58: 10.04 | B58: Montaje de sombreretes en chapa prepintada C25 - Provisión a cargo del comitente | C58: u | D58: 10 | E58: 58535 | F58: =+E58*D58 -> 585350 | I58: 0 | K58: =+I58+J58 -> 0 | L58: =+F58*I58 -> 0 | M58: =+F58*J58 -> 0 | N58: =+F58*K58 -> 0
A59: 11 | B59: PISOS - PROVISION A CARGO DEL COMITENTE | G59: =+SUM(F60:F70) -> 31170783 | H59: =+G59/$G$195 -> 0.036895258
A60: 11.01 | B60: Provisión y ejecución de alisado de cemento a la llana metálica, e: 6,00 cm | C60: m2 | D60: 0 | E60: 0 | F60: =+E60*D60 -> 0 | I60: 0 | K60: =+I60+J60 -> 0 | L60: =+F60*I60 -> 0 | M60: =+F60*J60 -> 0 | N60: =+F60*K60 -> 0
A61: 11.02 | B61: Provisión y ejecución de cemento alisado arrodillado, e: 3,00 cm | C61: m2 | D61: 39 | E61: 19280 | F61: =+E61*D61 -> 751920 | I61: 0 | K61: =+I61+J61 -> 0 | L61: =+F61*I61 -> 0 | M61: =+F61*J61 -> 0 | N61: =+F61*K61 -> 0
A62: 11.03 | B62: Colocación de porcelanato a definir en sspacios comunes - Provisión a cargo del comitente | C62: m2 | D62: 48 | E62: 25362 | F62: =+E62*D62 -> 1217376 | I62: 0 | K62: =+I62+J62 -> 0 | L62: =+F62*I62 -> 0 | M62: =+F62*J62 -> 0 | N62: =+F62*K62 -> 0
A63: 11.04 | B63: Colocación de pavimento intertrabado de H°, incluye provisión y colocación de cama de arena + tomado de junta - Provisión a cargo del comitente | C63: m2 | D63: 174 | E63: 19164 | F63: =+E63*D63 -> 3334536 | I63: 0 | K63: =+I63+J63 -> 0 | L63: =+F63*I63 -> 0 | M63: =+F63*J63 -> 0 | N63: =+F63*K63 -> 0
A64: 11.05 | B64: Colocación de garden block, incluye provisión y colocación de cama de arena + tomado de junta - Provisión a cargo del comitente | C64: m2 | D64: 92 | E64: 19164 | F64: =+E64*D64 -> 1763088 | I64: 0 | K64: =+I64+J64 -> 0 | L64: =+F64*I64 -> 0 | M64: =+F64*J64 -> 0 | N64: =+F64*K64 -> 0
A65: 11.06 | B65: Provisión y colocación de relleno de piedra binder | C65: m2 | D65: 8 | E65: 14043 | F65: =+E65*D65 -> 112344 | I65: 0 | K65: =+I65+J65 -> 0 | L65: =+F65*I65 -> 0 | M65: =+F65*J65 -> 0 | N65: =+F65*K65 -> 0
A66: 11.07 | B66: Colocación de baldoson granítico vereda 40 x 40 - Provisión a cargo del comitente | C66: m2 | D66: 46 | E66: 26630 | F66: =+E66*D66 -> 1224980 | I66: 0 | K66: =+I66+J66 -> 0 | L66: =+F66*I66 -> 0 | M66: =+F66*J66 -> 0 | N66: =+F66*K66 -> 0
A67: 11.08 | B67: Colocación de porcelanato a definir Interior UF - Provisión a cargo del comitente | C67: m2 | D67: 562 | E67: 25362 | F67: =+E67*D67 -> 14253444 | I67: 0 | K67: =+I67+J67 -> 0 | L67: =+F67*I67 -> 0 | M67: =+F67*J67 -> 0 | N67: =+F67*K67 -> 0
A68: 11.09 | B68: Colocación de porcelanato a definir Baños - Provisión a cargo del comitente | C68: m2 | D68: 73 | E68: 30109 | F68: =+E68*D68 -> 2197957 | I68: 0 | K68: =+I68+J68 -> 0 | L68: =+F68*I68 -> 0 | M68: =+F68*J68 -> 0 | N68: =+F68*K68 -> 0
A69: 11.1 | B69: Colocación de porcelanato a definir Balcones - Provisión a cargo del comitente | C69: m2 | D69: 143 | E69: 25362 | F69: =+E69*D69 -> 3626766 | I69: 0 | K69: =+I69+J69 -> 0 | L69: =+F69*I69 -> 0 | M69: =+F69*J69 -> 0 | N69: =+F69*K69 -> 0
A70: 11.11 | B70: Colocación de porcelanato a definir Palier - Provisión a cargo del comitente | C70: m2 | D70: 106 | E70: 25362 | F70: =+E70*D70 -> 2688372 | I70: 0 | K70: =+I70+J70 -> 0 | L70: =+F70*I70 -> 0 | M70: =+F70*J70 -> 0 | N70: =+F70*K70 -> 0
A71: 12 | B71: ZOCALOS Y SOLIAS - PROVISION A CARGO DEL COMITENTE | G71: =+SUM(F72:F74) -> 8990052 | H71: =+G71/$G$195 -> 0.010641064
A72: =+A71+0.01 -> 12.01 | B72: Ejecución de zócalo de concreto h: 10 cm | C72: ml | D72: 19 | E72: 6496 | F72: =+E72*D72 -> 123424 | I72: 0 | K72: =+I72+J72 -> 0 | L72: =+F72*I72 -> 0 | M72: =+F72*J72 -> 0 | N72: =+F72*K72 -> 0
A73: 12.02 | B73: Provisión y colocación de zócalo de MDF prepintado color bco. h: 7cm | C73: ml | D73: 626 | E73: 9059 | F73: =+E73*D73 -> 5670934 | I73: 0 | K73: =+I73+J73 -> 0 | L73: =+F73*I73 -> 0 | M73: =+F73*J73 -> 0 | N73: =+F73*K73 -> 0
A74: 12.03 | B74: Colocación de zócalo de porcelanato - Provisión a cargo del comitente | C74: ml | D74: 386 | E74: 8279 | F74: =+E74*D74 -> 3195694 | I74: 0 | K74: =+I74+J74 -> 0 | L74: =+F74*I74 -> 0 | M74: =+F74*J74 -> 0 | N74: =+F74*K74 -> 0
A75: 13 | B75: REVESTIMIENTOS - PROVISION A CARGO DEL COMITENTE | G75: =+SUM(F76:F79) -> 14836279 | H75: =+G75/$G$195 -> 0.017560943
A76: 13.01 | B76: Colocación de porcelanato en baños - Provisión a cargo del comitente | C76: m2 | D76: 413 | E76: 30109 | F76: =+E76*D76 -> 12435017 | I76: 0 | K76: =+I76+J76 -> 0 | L76: =+F76*I76 -> 0 | M76: =+F76*J76 -> 0 | N76: =+F76*K76 -> 0
A77: 13.02 | B77: Colocación de revestimiento en cocinas - Provisión a cargo del comitente | C77: m2 | D77: 18 | E77: 30109 | F77: =+E77*D77 -> 541962 | I77: 0 | K77: =+I77+J77 -> 0 | L77: =+F77*I77 -> 0 | M77: =+F77*J77 -> 0 | N77: =+F77*K77 -> 0
A78: 13.03 | B78: Colocación de listones refractarios en parrillas - Provisión a cargo del comitente | C78: m2 | D78: 20 | E78: 92965 | F78: =+E78*D78 -> 1859300 | I78: 0 | K78: =+I78+J78 -> 0 | L78: =+F78*I78 -> 0 | M78: =+F78*J78 -> 0 | N78: =+F78*K78 -> 0
A79: 13.04 | B79: Revestimiento Simil madera - Cotizado en provisiones | C79: m2 | D79: 0 | E79: 0 | F79: =+E79*D79 -> 0 | I79: 0 | K79: =+I79+J79 -> 0 | L79: =+F79*I79 -> 0 | M79: =+F79*J79 -> 0 | N79: =+F79*K79 -> 0
A80: 14 | B80: CIELORRASOS | G80: =+SUM(F81:F87) -> 33813897 | H80: =+G80/$G$195 -> 0.040023776
A81: =+A80+0.01 -> 14.01 | B81: Aplicado de yeso | C81: m2 | D81: 460 | E81: 23624 | F81: =+E81*D81 -> 10867040 | I81: 0 | K81: =+I81+J81 -> 0 | L81: =+F81*I81 -> 0 | M81: =+F81*J81 -> 0 | N81: =+F81*K81 -> 0
A82: 14.02 | B82: Buña en yeso aplicado | C82: ml | D82: 434 | E82: 16659 | F82: =+E82*D82 -> 7230006 | I82: 0 | K82: =+I82+J82 -> 0 | L82: =+F82*I82 -> 0 | M82: =+F82*J82 -> 0 | N82: =+F82*K82 -> 0
A83: 14.03 | B83: Cielorraso suspendido en placa STD | C83: m2 | D83: 115 | E83: 35817 | F83: =+E83*D83 -> 4118955 | I83: 0 | K83: =+I83+J83 -> 0 | L83: =+F83*I83 -> 0 | M83: =+F83*J83 -> 0 | N83: =+F83*K83 -> 0
A84: 14.04 | B84: Cielorraso suspendido en placa RH | C84: m2 | D84: 89 | E84: 41132 | F84: =+E84*D84 -> 3660748 | I84: 0 | K84: =+I84+J84 -> 0 | L84: =+F84*I84 -> 0 | M84: =+F84*J84 -> 0 | N84: =+F84*K84 -> 0
A85: 14.05 | B85: Buña Z en cielorraso suspendido | C85: ml | D85: 530 | E85: 9274 | F85: =+E85*D85 -> 4915220 | I85: 0 | K85: =+I85+J85 -> 0 | L85: =+F85*I85 -> 0 | M85: =+F85*J85 -> 0 | N85: =+F85*K85 -> 0
A86: 14.06 | B86: Cantonera / Cajón | C86: ml | D86: 56 | E86: 9274 | F86: =+E86*D86 -> 519344 | I86: 0 | K86: =+I86+J86 -> 0 | L86: =+F86*I86 -> 0 | M86: =+F86*J86 -> 0 | N86: =+F86*K86 -> 0
A87: 14.07 | B87: Hormigon visto, maquillaje | C87: m2 | D87: 469 | E87: 5336 | F87: =+E87*D87 -> 2502584 | I87: 0 | K87: =+I87+J87 -> 0 | L87: =+F87*I87 -> 0 | M87: =+F87*J87 -> 0 | N87: =+F87*K87 -> 0
A88: 15 | B88: PINTURA | G88: =+SUM(F89:F100) -> 81675029 | H88: =+G88/$G$195 -> 0.096674544
A89: 15.01 | B89: Latex exterior mate en paredes, color bco., sin enduido, a mas de 3 m de altura - Medianeras | C89: m2 | D89: 739 | E89: 22075 | F89: =+E89*D89 -> 16313425 | I89: 0 | K89: =+I89+J89 -> 0 | L89: =+F89*I89 -> 0 | M89: =+F89*J89 -> 0 | N89: =+F89*K89 -> 0
A90: 15.02 | B90: Latex interior mate en paredes, color bco., con enduido parcial | C90: m2 | D90: 1439 | E90: 8883 | F90: =+E90*D90 -> 12782637 | I90: 0 | K90: =+I90+J90 -> 0 | L90: =+F90*I90 -> 0 | M90: =+F90*J90 -> 0 | N90: =+F90*K90 -> 0
A91: 15.03 | B91: Latex interior mate en paredes, color bco., con enduido completo | C91: m2 | D91: 462 | E91: 14295 | F91: =+E91*D91 -> 6604290 | I91: 0 | K91: =+I91+J91 -> 0 | L91: =+F91*I91 -> 0 | M91: =+F91*J91 -> 0 | N91: =+F91*K91 -> 0
A92: 15.04 | B92: Latex exterior acrílico en cielorraso, color a definir, sin enduido - Sector cocheras | C92: m2 | D92: 144 | E92: 7538 | F92: =+E92*D92 -> 1085472 | I92: 0 | K92: =+I92+J92 -> 0 | L92: =+F92*I92 -> 0 | M92: =+F92*J92 -> 0 | N92: =+F92*K92 -> 0
A93: 15.05 | B93: Latex interior mate en cielorraso, color bco., con enduido parcial | C93: m2 | D93: 460 | E93: 8883 | F93: =+E93*D93 -> 4086180 | I93: 0 | K93: =+I93+J93 -> 0 | L93: =+F93*I93 -> 0 | M93: =+F93*J93 -> 0 | N93: =+F93*K93 -> 0
A94: 15.06 | B94: Latex interior mate en cielorraso, color bco., con enduido completo | C94: m2 | D94: 204 | E94: 15750 | F94: =+E94*D94 -> 3213000 | I94: 0 | K94: =+I94+J94 -> 0 | L94: =+F94*I94 -> 0 | M94: =+F94*J94 -> 0 | N94: =+F94*K94 -> 0
A95: 15.07 | B95: Impermeabilizane de Hº, silicona transparente | C95: m2 | D95: 262 | E95: 17154 | F95: =+E95*D95 -> 4494348 | I95: 0 | K95: =+I95+J95 -> 0 | L95: =+F95*I95 -> 0 | M95: =+F95*J95 -> 0 | N95: =+F95*K95 -> 0
A96: 15.08 | B96: Revestimiento tipo Tarquini hasta 3 m de altura | C96: m2 | D96: 756 | E96: 26534 | F96: =+E96*D96 -> 20059704 | I96: 0 | K96: =+I96+J96 -> 0 | L96: =+F96*I96 -> 0 | M96: =+F96*J96 -> 0 | N96: =+F96*K96 -> 0
A97: 15.09 | B97: Revestimiento tipo Tarquini a mas de 3 m de altura | C97: m2 | D97: 56 | E97: 31737 | F97: =+E97*D97 -> 1777272 | I97: 0 | K97: =+I97+J97 -> 0 | L97: =+F97*I97 -> 0 | M97: =+F97*J97 -> 0 | N97: =+F97*K97 -> 0
A98: 15.1 | B98: Franjas división cocheras | C98: gl | D98: 1 | E98: 885031 | F98: =+E98*D98 -> 885031 | I98: 0 | K98: =+I98+J98 -> 0 | L98: =+F98*I98 -> 0 | M98: =+F98*J98 -> 0 | N98: =+F98*K98 -> 0
A99: 15.11 | B99: Esmalte sintetico en puertas color bco. - Puertas placa, de chapa y de ascensor | C99: un | D99: 73 | E99: 83386 | F99: =+E99*D99 -> 6087178 | I99: 0 | K99: =+I99+J99 -> 0 | L99: =+F99*I99 -> 0 | M99: =+F99*J99 -> 0 | N99: =+F99*K99 -> 0
A100: 15.12 | B100: Esmalte sintético convertidor antioxido color negro satinado en herrería - Barandas, herrerías, etc. | C100: gl | D100: 1 | E100: 4286492 | F100: =+E100*D100 -> 4286492 | I100: 0 | K100: =+I100+J100 -> 0 | L100: =+F100*I100 -> 0 | M100: =+F100*J100 -> 0 | N100: =+F100*K100 -> 0
A101: 16 | B101: MARMOLES Y GRANITOS - PROVISION A CARGO DEL COMITENTE | G101: =+SUM(F102) -> 0 | H101: =+G101/$G$195 -> 0
E102: 0 | F102: =+E102*D102 -> 0 | I102: 0 | K102: =+I102+J102 -> 0 | L102: =+F102*I102 -> 0 | M102: =+F102*J102 -> 0 | N102: =+F102*K102 -> 0
...

Sheet GDR 3760_Pto. 02_Cert. 06
F1: DÓLAR BNA | G1: DÓLAR MEP
F2: 1066.5 | G2: 1170
F4: 45667
B5: OBRA: EDIFICIO GDR 3760 | I5: Certificado | J5: 6 | N5: 45900
B6: PRESUPUESTO OBRA CIVIL
B7: PRESUPUESTO 02 - ALBANILERIA, INSTALACIONES Y TERMINACIONES | I7: Avance | L7: Importe
B8: Descripción | C8: U | D8: Cant | E8: P unit | F8: Subtotal | I8: Anterior | J8: Actual | K8: Acumulado | L8: Anterior | M8: Actual | N8: Acumulado
A9: 4 | B9: MAMPOSTERÍA | G9: =+SUM(F10:F23) -> 51045774 | H9: =+G9/$G$195 -> 0.060420265
A10: 4.01 | B10: Muro tipo 1 - Ladrillo hueco 8 x 18 x 33 | C10: m2 | D10: 621 | E10: 22140 | F10: =+E10*D10 -> 13748940 | I10: 0 | K10: =+I10+J10 -> 0 | L10: =+F10*I10 -> 0 | M10: =+F10*J10 -> 0 | N10: =+F10*K10 -> 0
A11: 4.02 | B11: Muro tipo 2 - Ladrillo hueco 12 x 18 x 33 | C11: m2 | D11: 780 | E11: 24437 | F11: =+E11*D11 -> 19060860 | I11: 0 | K11: =+I11+J11 -> 0 | L11: =+F11*I11 -> 0 | M11: =+F11*J11 -> 0 | N11: =+F11*K11 -> 0
A12: 4.03 | B12: Muro tipo 3 - Ladrillo comun en panderete | C12: m2 | D12: 56 | E12: 23248 | F12: =+E12*D12 -> 1301888 | I12: 0 | K12: =+I12+J12 -> 0 | L12: =+F12*I12 -> 0 | M12: =+F12*J12 -> 0 | N12: =+F12*K12 -> 0
A13: 4.04 | B13: Muro tipo 4 - Ladrillo hueco portante 12 x 18 x 33 | C13: m2 | D13: 42 | E13: 28746 | F13: =+E13*D13 -> 1207332 | I13: 0 | K13: =+I13+J13 -> 0 | L13: =+F13*I13 -> 0 | M13: =+F13*J13 -> 0 | N13: =+F13*K13 -> 0
A14: 4.05 | B14: Muro tipo 5 - Bloque HCCA e: 7,5 cm | C14: m2 | D14: 70 | E14: 36933 | F14: =+E14*D14 -> 2585310 | I14: 0 | K14: =+I14+J14 -> 0 | L14: =+F14*I14 -> 0 | M14: =+F14*J14 -> 0 | N14: =+F14*K14 -> 0
A15: 4.06 | B15: Muro tipo 6 - Ladrillo hueco 18 x 18 x 33 | C15: m2 | D15: 5 | E15: 28672 | F15: =+E15*D15 -> 143360 | I15: 0 | K15: =+I15+J15 -> 0 | L15: =+F15*I15 -> 0 | M15: =+F15*J15 -> 0 | N15: =+F15*K15 -> 0
A16: 4.07 | B16: Enchape de medianeras existentes - Contemplamos picado zonas sueltas y enchape con ladrillo comun para PB | C16: m2 | D16: 193 | E16: 18611 | F16: =+E16*D16 -> 3591923 | I16: 0 | K16: =+I16+J16 -> 0 | L16: =+F16*I16 -> 0 | M16: =+F16*J16 -> 0 | N16: =+F16*K16 -> 0
A17: 4.08 | B17: Cordón de hormigón en umbrales carpinterías | C17: ml | D17: 61 | E17: 28578 | F17: =+E17*D17 -> 1743258 | I17: 0 | K17: =+I17+J17 -> 0 | L17: =+F17*I17 -> 0 | M17: =+F17*J17 -> 0 | N17: =+F17*K17 -> 0
A18: 4.09 | B18: Banquina Sala tanque de bombeo | C18: gl | D18: 1 | E18: 280823 | F18: =+E18*D18 -> 280823 | I18: 0 | K18: =+I18+J18 -> 0 | L18: =+F18*I18 -> 0 | M18: =+F18*J18 -> 0 | N18: =+F18*K18 -> 0
A19: 4.1 | B19: Banquina en parrillas | C19: gl | D19: 1 | E19: 801214 | F19: =+E19*D19 -> 801214 | I19: 0 | K19: =+I19+J19 -> 0 | L19: =+F19*I19 -> 0 | M19: =+F19*J19 -> 0 | N19: =+F19*K19 -> 0
A20: 4.11 | B20: Excavación y amurado con Hº tanque de recuperación de agua de lluvia | C20: gl | D20: 1 | E20: 525234 | F20: =+E20*D20 -> 525234 | I20: 0 | K20: =+I20+J20 -> 0 | L20: =+F20*I20 -> 0 | M20: =+F20*J20 -> 0 | N20: =+F20*K20 -> 0
A21: 4.12 | B21: Provisión y amurado de tapas de inspección para tanque de reserva | C21: u | D21: 3 | E21: 237784 | F21: =+E21*D21 -> 713352 | I21: 0 | K21: =+I21+J21 -> 0 | L21: =+F21*I21 -> 0 | M21: =+F21*J21 -> 0 | N21: =+F21*K21 -> 0
... A23: 4.14 | B23: Amurado de bañera | C23: u | D23: 8 | E23: 177655 | F23: =+E23*D23 -> 1421240 | I23: 0 | K23: =+I23+J23 -> 0 | L23: =+F23*I23 -> 0 | M23: =+F23*J23 -> 0 | N23: =+F23*K23 -> 0
A24: 5 | B24: AISLACIONES | G24: =+SUM(F25:F31) -> 19239698 | H24: =+G24/$G$195 -> 0.022773044
A25: 5.01 | B25: Cajón hidrofugo | C25: ml | D25: 136 | E25: 6496 | F25: =+E25*D25 -> 883456 | I25: 0 | K25: =+I25+J25 -> 0 | L25: =+F25*I25 -> 0 | M25: =+F25*J25 -> 0 | N25: =+F25*K25 -> 0
A26: 5.02 | B26: Aislación hidrófuga horizontal (baños) - Inc. membrana geotextil y 35% en concepto de babetas | C26: m2 | D26: 77 | E26: 33270 | F26: =+E26*D26 -> 2561790 | I26: 0 | K26: =+I26+J26 -> 0 | L26: =+F26*I26 -> 0 | M26: =+F26*J26 -> 0 | N26: =+F26*K26 -> 0
A27: 5.03 | B27: Azotado hidrófugo - Contrapiso de PB | C27: m2 | D27: 107 | E27: 6496 | F27: =+E27*D27 -> 695072 | I27: 0 | K27: =+I27+J27 -> 0 | L27: =+F27*I27 -> 0 | M27: =+F27*J27 -> 0 | N27: =+F27*K27 -> 0
A28: 5.04 | B28: Aislación térmica en terrazas, eps e:2,00 cm | C28: m2 | D28: 186 | E28: 4832 | F28: =+E28*D28 -> 898752 | I28: 0 | K28: =+I28+J28 -> 0 | L28: =+F28*I28 -> 0 | M28: =+F28*J28 -> 0 | N28: =+F28*K28 -> 0
A29: 5.05 | B29: Barrera de vapor | C29: m2 | D29: 186 | E29: 4134 | F29: =+E29*D29 -> 768924 | I29: 0 | K29: =+I29+J29 -> 0 | L29: =+F29*I29 -> 0 | M29: =+F29*J29 -> 0 | N29: =+F29*K29 -> 0
A30: 5.06 | B30: Membrana asfáltica geotextil 4mm - Balcones y azotea - Inc. 20% en concepto de babetas | C30: m2 | D30: 390 | E30: 28187 | F30: =+E30*D30 -> 10992930 | I30: 0 | K30: =+I30+J30 -> 0 | L30: =+F30*I30 -> 0 | M30: =+F30*J30 -> 0 | N30: =+F30*K30 -> 0
A31: 5.07 | B31: Impermeabilización de tanque de reserva de HºAº | C31: gl | D31: 1 | E31: 2438774 | F31: =+E31*D31 -> 2438774 | I31: 0 | K31: =+I31+J31 -> 0 | L31: =+F31*I31 -> 0 | M31: =+F31*J31 -> 0 | N31: =+F31*K31 -> 0
A32: 6 | B32: CUBIERTAS | G32: =+SUM(F33) -> 1722875 | H32: =+G32/$G$195 -> 0.0020392788
A33: 6.02 | B33: Babeta de chapa galvanizada en medianeras | C33: ml | D33: 55 | E33: 31325 | F33: =+E33*D33 -> 1722875 | I33: 0 | K33: =+I33+J33 -> 0 | L33: =+F33*I33 -> 0 | M33: =+F33*J33 -> 0 | N33: =+F33*K33 -> 0
A34: 7 | B34: REVOQUES | G34: =+SUM(F35:F40) -> 92324467 | H34: =+G34/$G$195 -> 0.10927974
A35: 7.01 | B35: Revoque Grueso Impermeable Exterior | C35: m2 | D35: 879 | E35: 19943 | F35: =+E35*D35 -> 17529897 | I35: 0 | K35: =+I35+J35 -> 0 | L35: =+F35*I35 -> 0 | M35: =+F35*J35 -> 0 | N35: =+F35*K35 -> 0
A36: 7.02 | B36: Revoque Grueso Impermeable Exterior a mas de 3m - Medianero y fachadas | C36: m2 | D36: 716 | E36: 26767 | F36: =+E36*D36 -> 19165172 | I36: 0 | K36: =+I36+J36 -> 0 | L36: =+F36*I36 -> 0 | M36: =+F36*J36 -> 0 | N36: =+F36*K36 -> 0
A37: 7.03 | B37: Yeso interior | C37: m2 | D37: 1439 | E37: 22963 | F37: =+E37*D37 -> 33043757 | I37: 0 | K37: =+I37+J37 -> 0 | L37: =+F37*I37 -> 0 | M37: =+F37*J37 -> 0 | N37: =+F37*K37 -> 0
A38: 7.04 | B38: Arista en yeso | C38: ml | D38: 347 | E38: 16909 | F38: =+E38*D38 -> 5867423 | I38: 0 | K38: =+I38+J38 -> 0 | L38: =+F38*I38 -> 0 | M38: =+F38*J38 -> 0 | N38: =+F38*K38 -> 0
A39: 7.05 | B39: Provisión y colocación de guardacanto yesero | C39: un | D39: 132 | E39: 19384 | F39: =+E39*D39 -> 2558688 | I39: 0 | K39: =+I39+J39 -> 0 | L39: =+F39*I39 -> 0 | M39: =+F39*J39 -> 0 | N39: =+F39*K39 -> 0
A40: 7.06 | B40: Revoque Grueso Impermeable Interior b/ revestimiento | C40: m2 | D40: 710 | E40: 19943 | F40: =+E40*D40 -> 14159530 | I40: 0 | K40: =+I40+J40 -> 0 | L40: =+F40*I40 -> 0 | M40: =+F40*J40 -> 0 | N40: =+F40*K40 -> 0
A41: 8 | B41: CONTRAPISOS Y CARPETAS | G41: =+SUM(F42:F49) -> 49520833 | H41: =+G41/$G$195 -> 0.058615271
A42: 8.01 | B42: Contrapiso de Hº armado e: 18 cm, incluye malla Ø 6 mm y film 200 mic. | C42: m2 | D42: 107 | E42: 58580 | F42: =+E42*D42 -> 6268060 | I42: 0 | K42: =+I42+J42 -> 0 | L42: =+F42*I42 -> 0 | M42: =+F42*J42 -> 0 | N42: =+F42*K42 -> 0
A43: 8.02 | B43: Contrapiso de H13 subase bajo intertrabado y garden block | C43: m2 | D43: 258 | E43: 38729 | F43: =+E43*D43 -> 9992082 | I43: 0 | K43: =+I43+J43 -> 0 | L43: =+F43*I43 -> 0 | M43: =+F43*J43 -> 0 | N43: =+F43*K43 -> 0
A44: 8.03 | B44: Monolítico e: 6 cm | C44: m2 | D44: 425 | E44: 22943 | F44: =+E44*D44 -> 9750775 | I44: 0 | K44: =+I44+J44 -> 0 | L44: =+F44*I44 -> 0 | M44: =+F44*J44 -> 0 | N44: =+F44*K44 -> 0
A45: 8.04 | B45: Contrapiso alivianado en azoteas (RDC), e: 15 cm | C45: m2 | D45: 200 | E45: 40355 | F45: =+E45*D45 -> 8071000 | I45: 0 | K45: =+I45+J45 -> 0 | L45: =+F45*I45 -> 0 | M45: =+F45*J45 -> 0 | N45: =+F45*K45 -> 0
A46: 8.05 | B46: Contrapiso con piedra binder e: 4/5 cm - En locales húmedos (baños) | C46: m2 | D46: 77 | E46: 31515 | F46: =+E46*D46 -> 2426655 | I46: 0 | K46: =+I46+J46 -> 0 | L46: =+F46*I46 -> 0 | M46: =+F46*J46 -> 0 | N46: =+F46*K46 -> 0
A47: 8.06 | B47: Carpeta autonivelante e: 4/10 mm - En locales húmedos (baños) | C47: m2 | D47: 77 | E47: 19683 | F47: =+E47*D47 -> 1515591 | I47: 0 | K47: =+I47+J47 -> 0 | L47: =+F47*I47 -> 0 | M47: =+F47*J47 -> 0 | N47: =+F47*K47 -> 0
A48: 8.07 | B48: Carpeta a la cal reforzada | C48: m2 | D48: 442 | E48: 14335 | F48: =+E48*D48 -> 6336070 | I48: 0 | K48: =+I48+J48 -> 0 | L48: =+F48*I48 -> 0 | M48: =+F48*J48 -> 0 | N48: =+F48*K48 -> 0
A49: 8.08 | B49: Carpeta a la cal reforzada s/membrana | C49: m2 | D49: 360 | E49: 14335 | F49: =+E49*D49 -> 5160600 | I49: 0 | K49: =+I49+J49 -> 0 | L49: =+F49*I49 -> 0 | M49: =+F49*J49 -> 0 | N49: =+F49*K49 -> 0
A50: 9 | B50: ESCALERAS | G50: =+SUM(F51:F53) -> 4852846 | H50: =+G50/$G$195 -> 0.005744065
A51: 9.01 | B51: Provisión y ejecución de cemento alisado arrodillado, e: 3,00 cm, en alzada y pedad | C51: gl | D51: 1 | E51: 2109310 | F51: =+E51*D51 -> 2109310 | I51: 0 | K51: =+I51+J51 -> 0 | L51: =+F51*I51 -> 0 | M51: =+F51*J51 -> 0 | N51: =+F51*K51 -> 0
A52: 9.02 | B52: Provisión nariz escalera, hierro angulo 5/8 x 1/8" | C52: un | D52: 81 | E52: 28022 | F52: =+E52*D52 -> 2269782 | I52: 0 | K52: =+I52+J52 -> 0 | L52: =+F52*I52 -> 0 | M52: =+F52*J52 -> 0 | N52: =+F52*K52 -> 0
A53: 9.03 | B53: Ejecución de zócalo rampante de concreto h: 10 cm | C53: ml | D53: 46 | E53: 10299 | F53: =+E53*D53 -> 473754 | I53: 0 | K53: =+I53+J53 -> 0 | L53: =+F53*I53 -> 0 | M53: =+F53*J53 -> 0 | N53: =+F53*K53 -> 0
A54: 10 | B54: VENTILACIONES - PROVISION A CARGO DEL COMITENTE | G54: =+SUM(F55:F58) -> 4184652 | H54: =+G54/$G$195 -> 0.004953158
A55: 10.01 | B55: Montaje de conductos de ventilación de baños C27 - Provisión a cargo del comitente | C55: gl | D55: 1 | E55: 1844532 | F55: =+E55*D55 -> 1844532 | I55: 0 | K55: =+I55+J55 -> 0 | L55: =+F55*I55 -> 0 | M55: =+F55*J55 -> 0 | N55: =+F55*K55 -> 0
A56: 10.02 | B56: Montaje de conductos de ventilación de parrillas C27 - Provisión a cargo del comitente | C56: gl | D56: 1 | E56: 1214937 | F56: =+E56*D56 -> 1214937 | I56: 0 | K56: =+I56+J56 -> 0 | L56: =+F56*I56 -> 0 | M56: =+F56*J56 -> 0 | N56: =+F56*K56 -> 0
A57: 10.03 | B57: Montaje de campanas de parrillas C22 - Provisión a cargo del comitente | C57: gl | D57: 1 | E57: 539833 | F57: =+E57*D57 -> 539833 | I57: 0 | K57: =+I57+J57 -> 0 | L57: =+F57*I57 -> 0 | M57: =+F57*J57 -> 0 | N57: =+F57*K57 -> 0
A58: 10.04 | B58: Montaje de sombreretes en chapa prepintada C25 - Provisión a cargo del comitente | C58: u | D58: 10 | E58: 58535 | F58: =+E58*D58 -> 585350 | I58: 0 | K58: =+I58+J58 -> 0 | L58: =+F58*I58 -> 0 | M58: =+F58*J58 -> 0 | N58: =+F58*K58 -> 0
A59: 11 | B59: PISOS - PROVISION A CARGO DEL COMITENTE | G59: =+SUM(F60:F70) -> 31170783 | H59: =+G59/$G$195 -> 0.036895258
A60: 11.01 | B60: Provisión y ejecución de alisado de cemento a la llana metálica, e: 6,00 cm | C60: m2 | D60: 0 | E60: 0 | F60: =+E60*D60 -> 0 | I60: 0 | K60: =+I60+J60 -> 0 | L60: =+F60*I60 -> 0 | M60: =+F60*J60 -> 0 | N60: =+F60*K60 -> 0
A61: 11.02 | B61: Provisión y ejecución de cemento alisado arrodillado, e: 3,00 cm | C61: m2 | D61: 39 | E61: 19280 | F61: =+E61*D61 -> 751920 | I61: 0 | K61: =+I61+J61 -> 0 | L61: =+F61*I61 -> 0 | M61: =+F61*J61 -> 0 | N61: =+F61*K61 -> 0
A62: 11.03 | B62: Colocación de porcelanato a definir en sspacios comunes - Provisión a cargo del comitente | C62: m2 | D62: 48 | E62: 25362 | F62: =+E62*D62 -> 1217376 | I62: 0 | K62: =+I62+J62 -> 0 | L62: =+F62*I62 -> 0 | M62: =+F62*J62 -> 0 | N62: =+F62*K62 -> 0
A63: 11.04 | B63: Colocación de pavimento intertrabado de H°, incluye provisión y colocación de cama de arena + tomado de junta - Provisión a cargo del comitente | C63: m2 | D63: 174 | E63: 19164 | F63: =+E63*D63 -> 3334536 | I63: 0 | K63: =+I63+J63 -> 0 | L63: =+F63*I63 -> 0 | M63: =+F63*J63 -> 0 | N63: =+F63*K63 -> 0
A64: 11.05 | B64: Colocación de garden block, incluye provisión y colocación de cama de arena + tomado de junta - Provisión a cargo del comitente | C64: m2 | D64: 92 | E64: 19164 | F64: =+E64*D64 -> 1763088 | I64: 0 | K64: =+I64+J64 -> 0 | L64: =+F64*I64 -> 0 | M64: =+F64*J64 -> 0 | N64: =+F64*K64 -> 0
A65: 11.06 | B65: Provisión y colocación de relleno de piedra binder | C65: m2 | D65: 8 | E65: 14043 | F65: =+E65*D65 -> 112344 | I65: 0 | K65: =+I65+J65 -> 0 | L65: =+F65*I65 -> 0 | M65: =+F65*J65 -> 0 | N65: =+F65*K65 -> 0
A66: 11.07 | B66: Colocación de baldoson granítico vereda 40 x 40 - Provisión a cargo del comitente | C66: m2 | D66: 46 | E66: 26630 | F66: =+E66*D66 -> 1224980 | I66: 0 | K66: =+I66+J66 -> 0 | L66: =+F66*I66 -> 0 | M66: =+F66*J66 -> 0 | N66: =+F66*K66 -> 0
A67: 11.08 | B67: Colocación de porcelanato a definir Interior UF - Provisión a cargo del comitente | C67: m2 | D67: 562 | E67: 25362 | F67: =+E67*D67 -> 14253444 | I67: 0 | K67: =+I67+J67 -> 0 | L67: =+F67*I67 -> 0 | M67: =+F67*J67 -> 0 | N67: =+F67*K67 -> 0
A68: 11.09 | B68: Colocación de porcelanato a definir Baños - Provisión a cargo del comitente | C68: m2 | D68: 73 | E68: 30109 | F68: =+E68*D68 -> 2197957 | I68: 0 | K68: =+I68+J68 -> 0 | L68: =+F68*I68 -> 0 | M68: =+F68*J68 -> 0 | N68: =+F68*K68 -> 0
A69: 11.1 | B69: Colocación de porcelanato a definir Balcones - Provisión a cargo del comitente | C69: m2 | D69: 143 | E69: 25362 | F69: =+E69*D69 -> 3626766 | I69: 0 | K69: =+I69+J69 -> 0 | L69: =+F69*I69 -> 0 | M69: =+F69*J69 -> 0 | N69: =+F69*K69 -> 0
A70: 11.11 | B70: Colocación de porcelanato a definir Palier - Provisión a cargo del comitente | C70: m2 | D70: 106 | E70: 25362 | F70: =+E70*D70 -> 2688372 | I70: 0 | K70: =+I70+J70 -> 0 | L70: =+F70*I70 -> 0 | M70: =+F70*J70 -> 0 | N70: =+F70*K70 -> 0
A71: 12 | B71: ZOCALOS Y SOLIAS - PROVISION A CARGO DEL COMITENTE | G71: =+SUM(F72:F74) -> 8990052 | H71: =+G71/$G$195 -> 0.010641064
A72: =+A71+0.01 -> 12.01 | B72: Ejecución de zócalo de concreto h: 10 cm | C72: ml | D72: 19 | E72: 6496 | F72: =+E72*D72 -> 123424 | I72: 0 | K72: =+I72+J72 -> 0 | L72: =+F72*I72 -> 0 | M72: =+F72*J72 -> 0 | N72: =+F72*K72 -> 0
A73: 12.02 | B73: Provisión y colocación de zócalo de MDF prepintado color bco. h: 7cm | C73: ml | D73: 626 | E73: 9059 | F73: =+E73*D73 -> 5670934 | I73: 0 | K73: =+I73+J73 -> 0 | L73: =+F73*I73 -> 0 | M73: =+F73*J73 -> 0 | N73: =+F73*K73 -> 0
A74: 12.03 | B74: Colocación de zócalo de porcelanato - Provisión a cargo del comitente | C74: ml | D74: 386 | E74: 8279 | F74: =+E74*D74 -> 3195694 | I74: 0 | K74: =+I74+J74 -> 0 | L74: =+F74*I74 -> 0 | M74: =+F74*J74 -> 0 | N74: =+F74*K74 -> 0
A75: 13 | B75: REVESTIMIENTOS - PROVISION A CARGO DEL COMITENTE | G75: =+SUM(F76:F79) -> 14836279 | H75: =+G75/$G$195 -> 0.017560943
A76: 13.01 | B76: Colocación de porcelanato en baños - Provisión a cargo del comitente | C76: m2 | D76: 413 | E76: 30109 | F76: =+E76*D76 -> 12435017 | I76: 0 | K76: =+I76+J76 -> 0 | L76: =+F76*I76 -> 0 | M76: =+F76*J76 -> 0 | N76: =+F76*K76 -> 0
A77: 13.02 | B77: Colocación de revestimiento en cocinas - Provisión a cargo del comitente | C77: m2 | D77: 18 | E77: 30109 | F77: =+E77*D77 -> 541962 | I77: 0 | K77: =+I77+J77 -> 0 | L77: =+F77*I77 -> 0 | M77: =+F77*J77 -> 0 | N77: =+F77*K77 -> 0
A78: 13.03 | B78: Colocación de listones refractarios en parrillas - Provisión a cargo del comitente | C78: m2 | D78: 20 | E78: 92965 | F78: =+E78*D78 -> 1859300 | I78: 0 | K78: =+I78+J78 -> 0 | L78: =+F78*I78 -> 0 | M78: =+F78*J78 -> 0 | N78: =+F78*K78 -> 0
A79: 13.04 | B79: Revestimiento Simil madera - Cotizado en provisiones | C79: m2 | D79: 0 | E79: 0 | F79: =+E79*D79 -> 0 | I79: 0 | K79: =+I79+J79 -> 0 | L79: =+F79*I79 -> 0 | M79: =+F79*J79 -> 0 | N79: =+F79*K79 -> 0
A80: 14 | B80: CIELORRASOS | G80: =+SUM(F81:F87) -> 33813897 | H80: =+G80/$G$195 -> 0.040023776
A81: =+A80+0.01 -> 14.01 | B81: Aplicado de yeso | C81: m2 | D81: 460 | E81: 23624 | F81: =+E81*D81 -> 10867040 | I81: 0 | K81: =+I81+J81 -> 0 | L81: =+F81*I81 -> 0 | M81: =+F81*J81 -> 0 | N81: =+F81*K81 -> 0
A82: 14.02 | B82: Buña en yeso aplicado | C82: ml | D82: 434 | E82: 16659 | F82: =+E82*D82 -> 7230006 | I82: 0 | K82: =+I82+J82 -> 0 | L82: =+F82*I82 -> 0 | M82: =+F82*J82 -> 0 | N82: =+F82*K82 -> 0
A83: 14.03 | B83: Cielorraso suspendido en placa STD | C83: m2 | D83: 115 | E83: 35817 | F83: =+E83*D83 -> 4118955 | I83: 0 | K83: =+I83+J83 -> 0 | L83: =+F83*I83 -> 0 | M83: =+F83*J83 -> 0 | N83: =+F83*K83 -> 0
A84: 14.04 | B84: Cielorraso suspendido en placa RH | C84: m2 | D84: 89 | E84: 41132 | F84: =+E84*D84 -> 3660748 | I84: 0 | K84: =+I84+J84 -> 0 | L84: =+F84*I84 -> 0 | M84: =+F84*J84 -> 0 | N84: =+F84*K84 -> 0
A85: 14.05 | B85: Buña Z en cielorraso suspendido | C85: ml | D85: 530 | E85: 9274 | F85: =+E85*D85 -> 4915220 | I85: 0 | K85: =+I85+J85 -> 0 | L85: =+F85*I85 -> 0 | M85: =+F85*J85 -> 0 | N85: =+F85*K85 -> 0
A86: 14.06 | B86: Cantonera / Cajón | C86: ml | D86: 56 | E86: 9274 | F86: =+E86*D86 -> 519344 | I86: 0 | K86: =+I86+J86 -> 0 | L86: =+F86*I86 -> 0 | M86: =+F86*J86 -> 0 | N86: =+F86*K86 -> 0
A87: 14.07 | B87: Hormigon visto, maquillaje | C87: m2 | D87: 469 | E87: 5336 | F87: =+E87*D87 -> 2502584 | I87: 0 | K87: =+I87+J87 -> 0 | L87: =+F87*I87 -> 0 | M87: =+F87*J87 -> 0 | N87: =+F87*K87 -> 0
A88: 15 | B88: PINTURA | G88: =+SUM(F89:F100) -> 81675029 | H88: =+G88/$G$195 -> 0.096674544
A89: 15.01 | B89: Latex exterior mate en paredes, color bco., sin enduido, a mas de 3 m de altura - Medianeras | C89: m2 | D89: 739 | E89: 22075 | F89: =+E89*D89 -> 16313425 | I89: 0 | K89: =+I89+J89 -> 0 | L89: =+F89*I89 -> 0 | M89: =+F89*J89 -> 0 | N89: =+F89*K89 -> 0
A90: 15.02 | B90: Latex interior mate en paredes, color bco., con enduido parcial | C90: m2 | D90: 1439 | E90: 8883 | F90: =+E90*D90 -> 12782637 | I90: 0 | K90: =+I90+J90 -> 0 | L90: =+F90*I90 -> 0 | M90: =+F90*J90 -> 0 | N90: =+F90*K90 -> 0
A91: 15.03 | B91: Latex interior mate en paredes, color bco., con enduido completo | C91: m2 | D91: 462 | E91: 14295 | F91: =+E91*D91 -> 6604290 | I91: 0 | K91: =+I91+J91 -> 0 | L91: =+F91*I91 -> 0 | M91: =+F91*J91 -> 0 | N91: =+F91*K91 -> 0
A92: 15.04 | B92: Latex exterior acrílico en cielorraso, color a definir, sin enduido - Sector cocheras | C92: m2 | D92: 144 | E92: 7538 | F92: =+E92*D92 -> 1085472 | I92: 0 | K92: =+I92+J92 -> 0 | L92: =+F92*I92 -> 0 | M92: =+F92*J92 -> 0 | N92: =+F92*K92 -> 0
A93: 15.05 | B93: Latex interior mate en cielorraso, color bco., con enduido parcial | C93: m2 | D93: 460 | E93: 8883 | F93: =+E93*D93 -> 4086180 | I93: 0 | K93: =+I93+J93 -> 0 | L93: =+F93*I93 -> 0 | M93: =+F93*J93 -> 0 | N93: =+F93*K93 -> 0
A94: 15.06 | B94: Latex interior mate en cielorraso, color bco., con enduido completo | C94: m2 | D94: 204 | E94: 15750 | F94: =+E94*D94 -> 3213000 | I94: 0 | K94: =+I94+J94 -> 0 | L94: =+F94*I94 -> 0 | M94: =+F94*J94 -> 0 | N94: =+F94*K94 -> 0
A95: 15.07 | B95: Impermeabilizane de Hº, silicona transparente | C95: m2 | D95: 262 | E95: 17154 | F95: =+E95*D95 -> 4494348 | I95: 0 | K95: =+I95+J95 -> 0 | L95: =+F95*I95 -> 0 | M95: =+F95*J95 -> 0 | N95: =+F95*K95 -> 0
A96: 15.08 | B96: Revestimiento tipo Tarquini hasta 3 m de altura | C96: m2 | D96: 756 | E96: 26534 | F96: =+E96*D96 -> 20059704 | I96: 0 | K96: =+I96+J96 -> 0 | L96: =+F96*I96 -> 0 | M96: =+F96*J96 -> 0 | N96: =+F96*K96 -> 0
A97: 15.09 | B97: Revestimiento tipo Tarquini a mas de 3 m de altura | C97: m2 | D97: 56 | E97: 31737 | F97: =+E97*D97 -> 1777272 | I97: 0 | K97: =+I97+J97 -> 0 | L97: =+F97*I97 -> 0 | M97: =+F97*J97 -> 0 | N97: =+F97*K97 -> 0
A98: 15.1 | B98: Franjas división cocheras | C98: gl | D98: 1 | E98: 885031 | F98: =+E98*D98 -> 885031 | I98: 0 | K98: =+I98+J98 -> 0 | L98: =+F98*I98 -> 0 | M98: =+F98*J98 -> 0 | N98: =+F98*K98 -> 0
A99: 15.11 | B99: Esmalte sintetico en puertas color bco. - Puertas placa, de chapa y de ascensor | C99: un | D99: 73 | E99: 83386 | F99: =+E99*D99 -> 6087178 | I99: 0 | K99: =+I99+J99 -> 0 | L99: =+F99*I99 -> 0 | M99: =+F99*J99 -> 0 | N99: =+F99*K99 -> 0
A100: 15.12 | B100: Esmalte sintético convertidor antioxido color negro satinado en herrería - Barandas, herrerías, etc. | C100: gl | D100: 1 | E100: 4286492 | F100: =+E100*D100 -> 4286492 | I100: 0 | K100: =+I100+J100 -> 0 | L100: =+F100*I100 -> 0 | M100: =+F100*J100 -> 0 | N100: =+F100*K100 -> 0
A101: 16 | B101: MARMOLES Y GRANITOS - PROVISION A CARGO DEL COMITENTE | G101: =+SUM(F102) -> 0 | H101: =+G101/$G$195 -> 0
E102: 0 | F102: =+E102*D102 -> 0 | I102: 0 | K102: =+I102+J102 -> 0 | L102: =+F102*I102 -> 0 | M102: =+F102*J102 -> 0 | N102: =+F102*K102 -> 0
...

Sheet GDR 3760_Pto. 02_Cert. 07
F1: DÓLAR BNA | G1: DÓLAR MEP
F2: 1066.5 | G2: 1170
F4: 45667
B5: OBRA: EDIFICIO GDR 3760 | I5: Certificado | J5: 7 | N5: 45930
B6: PRESUPUESTO OBRA CIVIL
B7: PRESUPUESTO 02 - ALBANILERIA, INSTALACIONES Y TERMINACIONES | I7: Avance | L7: Importe
B8: Descripción | C8: U | D8: Cant | E8: P unit | F8: Subtotal | I8: Anterior | J8: Actual | K8: Acumulado | L8: Anterior | M8: Actual | N8: Acumulado
A9: 4 | B9: MAMPOSTERÍA | G9: =+SUM(F10:F23) -> 51045774 | H9: =+G9/$G$195 -> 0.060420265
A10: 4.01 | B10: Muro tipo 1 - Ladrillo hueco 8 x 18 x 33 | C10: m2 | D10: 621 | E10: 22140 | F10: =+E10*D10 -> 13748940 | I10: 0 | K10: =+I10+J10 -> 0 | L10: =+F10*I10 -> 0 | M10: =+F10*J10 -> 0 | N10: =+F10*K10 -> 0
A11: 4.02 | B11: Muro tipo 2 - Ladrillo hueco 12 x 18 x 33 | C11: m2 | D11: 780 | E11: 24437 | F11: =+E11*D11 -> 19060860 | I11: 0 | K11: =+I11+J11 -> 0 | L11: =+F11*I11 -> 0 | M11: =+F11*J11 -> 0 | N11: =+F11*K11 -> 0
A12: 4.03 | B12: Muro tipo 3 - Ladrillo comun en panderete | C12: m2 | D12: 56 | E12: 23248 | F12: =+E12*D12 -> 1301888 | I12: 0 | K12: =+I12+J12 -> 0 | L12: =+F12*I12 -> 0 | M12: =+F12*J12 -> 0 | N12: =+F12*K12 -> 0
A13: 4.04 | B13: Muro tipo 4 - Ladrillo hueco portante 12 x 18 x 33 | C13: m2 | D13: 42 | E13: 28746 | F13: =+E13*D13 -> 1207332 | I13: 0 | K13: =+I13+J13 -> 0 | L13: =+F13*I13 -> 0 | M13: =+F13*J13 -> 0 | N13: =+F13*K13 -> 0
A14: 4.05 | B14: Muro tipo 5 - Bloque HCCA e: 7,5 cm | C14: m2 | D14: 70 | E14: 36933 | F14: =+E14*D14 -> 2585310 | I14: 0 | K14: =+I14+J14 -> 0 | L14: =+F14*I14 -> 0 | M14: =+F14*J14 -> 0 | N14: =+F14*K14 -> 0
A15: 4.06 | B15: Muro tipo 6 - Ladrillo hueco 18 x 18 x 33 | C15: m2 | D15: 5 | E15: 28672 | F15: =+E15*D15 -> 143360 | I15: 0 | K15: =+I15+J15 -> 0 | L15: =+F15*I15 -> 0 | M15: =+F15*J15 -> 0 | N15: =+F15*K15 -> 0
A16: 4.07 | B16: Enchape de medianeras existentes - Contemplamos picado zonas sueltas y enchape con ladrillo comun para PB | C16: m2 | D16: 193 | E16: 18611 | F16: =+E16*D16 -> 3591923 | I16: 0 | K16: =+I16+J16 -> 0 | L16: =+F16*I16 -> 0 | M16: =+F16*J16 -> 0 | N16: =+F16*K16 -> 0
A17: 4.08 | B17: Cordón de hormigón en umbrales carpinterías | C17: ml | D17: 61 | E17: 28578 | F17: =+E17*D17 -> 1743258 | I17: 0 | K17: =+I17+J17 -> 0 | L17: =+F17*I17 -> 0 | M17: =+F17*J17 -> 0 | N17: =+F17*K17 -> 0
A18: 4.09 | B18: Banquina Sala tanque de bombeo | C18: gl | D18: 1 | E18: 280823 | F18: =+E18*D18 -> 280823 | I18: 0 | K18: =+I18+J18 -> 0 | L18: =+F18*I18 -> 0 | M18: =+F18*J18 -> 0 | N18: =+F18*K18 -> 0
A19: 4.1 | B19: Banquina en parrillas | C19: gl | D19: 1 | E19: 801214 | F19: =+E19*D19 -> 801214 | I19: 0 | K19: =+I19+J19 -> 0 | L19: =+F19*I19 -> 0 | M19: =+F19*J19 -> 0 | N19: =+F19*K19 -> 0
A20: 4.11 | B20: Excavación y amurado con Hº tanque de recuperación de agua de lluvia | C20: gl | D20: 1 | E20: 525234 | F20: =+E20*D20 -> 525234 | I20: 0 | K20: =+I20+J20 -> 0 | L20: =+F20*I20 -> 0 | M20: =+F20*J20 -> 0 | N20: =+F20*K20 -> 0
A21: 4.12 | B21: Provisión y amurado de tapas de inspección para tanque de reserva | C21: u | D21: 3 | E21: 237784 | F21: =+E21*D21 -> 713352 | I21: 0 | K21: =+I21+J21 -> 0 | L21: =+F21*I21 -> 0 | M21: =+F21*J21 -> 0 | N21: =+F21*K21 -> 0
... A23: 4.14 | B23: Amurado de bañera | C23: u | D23: 8 | E23: 177655 | F23: =+E23*D23 -> 1421240 | I23: 0 | K23: =+I23+J23 -> 0 | L23: =+F23*I23 -> 0 | M23: =+F23*J23 -> 0 | N23: =+F23*K23 -> 0
A24: 5 | B24: AISLACIONES | G24: =+SUM(F25:F31) -> 19239698 | H24: =+G24/$G$195 -> 0.022773044
A25: 5.01 | B25: Cajón hidrofugo | C25: ml | D25: 136 | E25: 6496 | F25: =+E25*D25 -> 883456 | I25: 0 | K25: =+I25+J25 -> 0 | L25: =+F25*I25 -> 0 | M25: =+F25*J25 -> 0 | N25: =+F25*K25 -> 0
A26: 5.02 | B26: Aislación hidrófuga horizontal (baños) - Inc. membrana geotextil y 35% en concepto de babetas | C26: m2 | D26: 77 | E26: 33270 | F26: =+E26*D26 -> 2561790 | I26: 0 | K26: =+I26+J26 -> 0 | L26: =+F26*I26 -> 0 | M26: =+F26*J26 -> 0 | N26: =+F26*K26 -> 0
A27: 5.03 | B27: Azotado hidrófugo - Contrapiso de PB | C27: m2 | D27: 107 | E27: 6496 | F27: =+E27*D27 -> 695072 | I27: 0 | K27: =+I27+J27 -> 0 | L27: =+F27*I27 -> 0 | M27: =+F27*J27 -> 0 | N27: =+F27*K27 -> 0
A28: 5.04 | B28: Aislación térmica en terrazas, eps e:2,00 cm | C28: m2 | D28: 186 | E28: 4832 | F28: =+E28*D28 -> 898752 | I28: 0 | K28: =+I28+J28 -> 0 | L28: =+F28*I28 -> 0 | M28: =+F28*J28 -> 0 | N28: =+F28*K28 -> 0
A29: 5.05 | B29: Barrera de vapor | C29: m2 | D29: 186 | E29: 4134 | F29: =+E29*D29 -> 768924 | I29: 0 | K29: =+I29+J29 -> 0 | L29: =+F29*I29 -> 0 | M29: =+F29*J29 -> 0 | N29: =+F29*K29 -> 0
A30: 5.06 | B30: Membrana asfáltica geotextil 4mm - Balcones y azotea - Inc. 20% en concepto de babetas | C30: m2 | D30: 390 | E30: 28187 | F30: =+E30*D30 -> 10992930 | I30: 0 | K30: =+I30+J30 -> 0 | L30: =+F30*I30 -> 0 | M30: =+F30*J30 -> 0 | N30: =+F30*K30 -> 0
A31: 5.07 | B31: Impermeabilización de tanque de reserva de HºAº | C31: gl | D31: 1 | E31: 2438774 | F31: =+E31*D31 -> 2438774 | I31: 0 | K31: =+I31+J31 -> 0 | L31: =+F31*I31 -> 0 | M31: =+F31*J31 -> 0 | N31: =+F31*K31 -> 0
A32: 6 | B32: CUBIERTAS | G32: =+SUM(F33) -> 1722875 | H32: =+G32/$G$195 -> 0.0020392788
A33: 6.02 | B33: Babeta de chapa galvanizada en medianeras | C33: ml | D33: 55 | E33: 31325 | F33: =+E33*D33 -> 1722875 | I33: 0 | K33: =+I33+J33 -> 0 | L33: =+F33*I33 -> 0 | M33: =+F33*J33 -> 0 | N33: =+F33*K33 -> 0
A34: 7 | B34: REVOQUES | G34: =+SUM(F35:F40) -> 92324467 | H34: =+G34/$G$195 -> 0.10927974
A35: 7.01 | B35: Revoque Grueso Impermeable Exterior | C35: m2 | D35: 879 | E35: 19943 | F35: =+E35*D35 -> 17529897 | I35: 0 | K35: =+I35+J35 -> 0 | L35: =+F35*I35 -> 0 | M35: =+F35*J35 -> 0 | N35: =+F35*K35 -> 0
A36: 7.02 | B36: Revoque Grueso Impermeable Exterior a mas de 3m - Medianero y fachadas | C36: m2 | D36: 716 | E36: 26767 | F36: =+E36*D36 -> 19165172 | I36: 0 | K36: =+I36+J36 -> 0 | L36: =+F36*I36 -> 0 | M36: =+F36*J36 -> 0 | N36: =+F36*K36 -> 0
A37: 7.03 | B37: Yeso interior | C37: m2 | D37: 1439 | E37: 22963 | F37: =+E37*D37 -> 33043757 | I37: 0 | K37: =+I37+J37 -> 0 | L37: =+F37*I37 -> 0 | M37: =+F37*J37 -> 0 | N37: =+F37*K37 -> 0
A38: 7.04 | B38: Arista en yeso | C38: ml | D38: 347 | E38: 16909 | F38: =+E38*D38 -> 5867423 | I38: 0 | K38: =+I38+J38 -> 0 | L38: =+F38*I38 -> 0 | M38: =+F38*J38 -> 0 | N38: =+F38*K38 -> 0
A39: 7.05 | B39: Provisión y colocación de guardacanto yesero | C39: un | D39: 132 | E39: 19384 | F39: =+E39*D39 -> 2558688 | I39: 0 | K39: =+I39+J39 -> 0 | L39: =+F39*I39 -> 0 | M39: =+F39*J39 -> 0 | N39: =+F39*K39 -> 0
A40: 7.06 | B40: Revoque Grueso Impermeable Interior b/ revestimiento | C40: m2 | D40: 710 | E40: 19943 | F40: =+E40*D40 -> 14159530 | I40: 0 | K40: =+I40+J40 -> 0 | L40: =+F40*I40 -> 0 | M40: =+F40*J40 -> 0 | N40: =+F40*K40 -> 0
A41: 8 | B41: CONTRAPISOS Y CARPETAS | G41: =+SUM(F42:F49) -> 49520833 | H41: =+G41/$G$195 -> 0.058615271
A42: 8.01 | B42: Contrapiso de Hº armado e: 18 cm, incluye malla Ø 6 mm y film 200 mic. | C42: m2 | D42: 107 | E42: 58580 | F42: =+E42*D42 -> 6268060 | I42: 0 | K42: =+I42+J42 -> 0 | L42: =+F42*I42 -> 0 | M42: =+F42*J42 -> 0 | N42: =+F42*K42 -> 0
A43: 8.02 | B43: Contrapiso de H13 subase bajo intertrabado y garden block | C43: m2 | D43: 258 | E43: 38729 | F43: =+E43*D43 -> 9992082 | I43: 0 | K43: =+I43+J43 -> 0 | L43: =+F43*I43 -> 0 | M43: =+F43*J43 -> 0 | N43: =+F43*K43 -> 0
A44: 8.03 | B44: Monolítico e: 6 cm | C44: m2 | D44: 425 | E44: 22943 | F44: =+E44*D44 -> 9750775 | I44: 0 | K44: =+I44+J44 -> 0 | L44: =+F44*I44 -> 0 | M44: =+F44*J44 -> 0 | N44: =+F44*K44 -> 0
A45: 8.04 | B45: Contrapiso alivianado en azoteas (RDC), e: 15 cm | C45: m2 | D45: 200 | E45: 40355 | F45: =+E45*D45 -> 8071000 | I45: 0 | K45: =+I45+J45 -> 0 | L45: =+F45*I45 -> 0 | M45: =+F45*J45 -> 0 | N45: =+F45*K45 -> 0
A46: 8.05 | B46: Contrapiso con piedra binder e: 4/5 cm - En locales húmedos (baños) | C46: m2 | D46: 77 | E46: 31515 | F46: =+E46*D46 -> 2426655 | I46: 0 | K46: =+I46+J46 -> 0 | L46: =+F46*I46 -> 0 | M46: =+F46*J46 -> 0 | N46: =+F46*K46 -> 0
A47: 8.06 | B47: Carpeta autonivelante e: 4/10 mm - En locales húmedos (baños) | C47: m2 | D47: 77 | E47: 19683 | F47: =+E47*D47 -> 1515591 | I47: 0 | K47: =+I47+J47 -> 0 | L47: =+F47*I47 -> 0 | M47: =+F47*J47 -> 0 | N47: =+F47*K47 -> 0
A48: 8.07 | B48: Carpeta a la cal reforzada | C48: m2 | D48: 442 | E48: 14335 | F48: =+E48*D48 -> 6336070 | I48: 0 | K48: =+I48+J48 -> 0 | L48: =+F48*I48 -> 0 | M48: =+F48*J48 -> 0 | N48: =+F48*K48 -> 0
A49: 8.08 | B49: Carpeta a la cal reforzada s/membrana | C49: m2 | D49: 360 | E49: 14335 | F49: =+E49*D49 -> 5160600 | I49: 0 | K49: =+I49+J49 -> 0 | L49: =+F49*I49 -> 0 | M49: =+F49*J49 -> 0 | N49: =+F49*K49 -> 0
A50: 9 | B50: ESCALERAS | G50: =+SUM(F51:F53) -> 4852846 | H50: =+G50/$G$195 -> 0.005744065
A51: 9.01 | B51: Provisión y ejecución de cemento alisado arrodillado, e: 3,00 cm, en alzada y pedad | C51: gl | D51: 1 | E51: 2109310 | F51: =+E51*D51 -> 2109310 | I51: 0 | K51: =+I51+J51 -> 0 | L51: =+F51*I51 -> 0 | M51: =+F51*J51 -> 0 | N51: =+F51*K51 -> 0
A52: 9.02 | B52: Provisión nariz escalera, hierro angulo 5/8 x 1/8" | C52: un | D52: 81 | E52: 28022 | F52: =+E52*D52 -> 2269782 | I52: 0 | K52: =+I52+J52 -> 0 | L52: =+F52*I52 -> 0 | M52: =+F52*J52 -> 0 | N52: =+F52*K52 -> 0
A53: 9.03 | B53: Ejecución de zócalo rampante de concreto h: 10 cm | C53: ml | D53: 46 | E53: 10299 | F53: =+E53*D53 -> 473754 | I53: 0 | K53: =+I53+J53 -> 0 | L53: =+F53*I53 -> 0 | M53: =+F53*J53 -> 0 | N53: =+F53*K53 -> 0
A54: 10 | B54: VENTILACIONES - PROVISION A CARGO DEL COMITENTE | G54: =+SUM(F55:F58) -> 4184652 | H54: =+G54/$G$195 -> 0.004953158
A55: 10.01 | B55: Montaje de conductos de ventilación de baños C27 - Provisión a cargo del comitente | C55: gl | D55: 1 | E55: 1844532 | F55: =+E55*D55 -> 1844532 | I55: 0 | K55: =+I55+J55 -> 0 | L55: =+F55*I55 -> 0 | M55: =+F55*J55 -> 0 | N55: =+F55*K55 -> 0
A56: 10.02 | B56: Montaje de conductos de ventilación de parrillas C27 - Provisión a cargo del comitente | C56: gl | D56: 1 | E56: 1214937 | F56: =+E56*D56 -> 1214937 | I56: 0 | K56: =+I56+J56 -> 0 | L56: =+F56*I56 -> 0 | M56: =+F56*J56 -> 0 | N56: =+F56*K56 -> 0
A57: 10.03 | B57: Montaje de campanas de parrillas C22 - Provisión a cargo del comitente | C57: gl | D57: 1 | E57: 539833 | F57: =+E57*D57 -> 539833 | I57: 0 | K57: =+I57+J57 -> 0 | L57: =+F57*I57 -> 0 | M57: =+F57*J57 -> 0 | N57: =+F57*K57 -> 0
A58: 10.04 | B58: Montaje de sombreretes en chapa prepintada C25 - Provisión a cargo del comitente | C58: u | D58: 10 | E58: 58535 | F58: =+E58*D58 -> 585350 | I58: 0 | K58: =+I58+J58 -> 0 | L58: =+F58*I58 -> 0 | M58: =+F58*J58 -> 0 | N58: =+F58*K58 -> 0
A59: 11 | B59: PISOS - PROVISION A CARGO DEL COMITENTE | G59: =+SUM(F60:F70) -> 31170783 | H59: =+G59/$G$195 -> 0.036895258
A60: 11.01 | B60: Provisión y ejecución de alisado de cemento a la llana metálica, e: 6,00 cm | C60: m2 | D60: 0 | E60: 0 | F60: =+E60*D60 -> 0 | I60: 0 | K60: =+I60+J60 -> 0 | L60: =+F60*I60 -> 0 | M60: =+F60*J60 -> 0 | N60: =+F60*K60 -> 0
A61: 11.02 | B61: Provisión y ejecución de cemento alisado arrodillado, e: 3,00 cm | C61: m2 | D61: 39 | E61: 19280 | F61: =+E61*D61 -> 751920 | I61: 0 | K61: =+I61+J61 -> 0 | L61: =+F61*I61 -> 0 | M61: =+F61*J61 -> 0 | N61: =+F61*K61 -> 0
A62: 11.03 | B62: Colocación de porcelanato a definir en sspacios comunes - Provisión a cargo del comitente | C62: m2 | D62: 48 | E62: 25362 | F62: =+E62*D62 -> 1217376 | I62: 0 | K62: =+I62+J62 -> 0 | L62: =+F62*I62 -> 0 | M62: =+F62*J62 -> 0 | N62: =+F62*K62 -> 0
A63: 11.04 | B63: Colocación de pavimento intertrabado de H°, incluye provisión y colocación de cama de arena + tomado de junta - Provisión a cargo del comitente | C63: m2 | D63: 174 | E63: 19164 | F63: =+E63*D63 -> 3334536 | I63: 0 | K63: =+I63+J63 -> 0 | L63: =+F63*I63 -> 0 | M63: =+F63*J63 -> 0 | N63: =+F63*K63 -> 0
A64: 11.05 | B64: Colocación de garden block, incluye provisión y colocación de cama de arena + tomado de junta - Provisión a cargo del comitente | C64: m2 | D64: 92 | E64: 19164 | F64: =+E64*D64 -> 1763088 | I64: 0 | K64: =+I64+J64 -> 0 | L64: =+F64*I64 -> 0 | M64: =+F64*J64 -> 0 | N64: =+F64*K64 -> 0
A65: 11.06 | B65: Provisión y colocación de relleno de piedra binder | C65: m2 | D65: 8 | E65: 14043 | F65: =+E65*D65 -> 112344 | I65: 0 | K65: =+I65+J65 -> 0 | L65: =+F65*I65 -> 0 | M65: =+F65*J65 -> 0 | N65: =+F65*K65 -> 0
A66: 11.07 | B66: Colocación de baldoson granítico vereda 40 x 40 - Provisión a cargo del comitente | C66: m2 | D66: 46 | E66: 26630 | F66: =+E66*D66 -> 1224980 | I66: 0 | K66: =+I66+J66 -> 0 | L66: =+F66*I66 -> 0 | M66: =+F66*J66 -> 0 | N66: =+F66*K66 -> 0
A67: 11.08 | B67: Colocación de porcelanato a definir Interior UF - Provisión a cargo del comitente | C67: m2 | D67: 562 | E67: 25362 | F67: =+E67*D67 -> 14253444 | I67: 0 | K67: =+I67+J67 -> 0 | L67: =+F67*I67 -> 0 | M67: =+F67*J67 -> 0 | N67: =+F67*K67 -> 0
A68: 11.09 | B68: Colocación de porcelanato a definir Baños - Provisión a cargo del comitente | C68: m2 | D68: 73 | E68: 30109 | F68: =+E68*D68 -> 2197957 | I68: 0 | K68: =+I68+J68 -> 0 | L68: =+F68*I68 -> 0 | M68: =+F68*J68 -> 0 | N68: =+F68*K68 -> 0
A69: 11.1 | B69: Colocación de porcelanato a definir Balcones - Provisión a cargo del comitente | C69: m2 | D69: 143 | E69: 25362 | F69: =+E69*D69 -> 3626766 | I69: 0 | K69: =+I69+J69 -> 0 | L69: =+F69*I69 -> 0 | M69: =+F69*J69 -> 0 | N69: =+F69*K69 -> 0
A70: 11.11 | B70: Colocación de porcelanato a definir Palier - Provisión a cargo del comitente | C70: m2 | D70: 106 | E70: 25362 | F70: =+E70*D70 -> 2688372 | I70: 0 | K70: =+I70+J70 -> 0 | L70: =+F70*I70 -> 0 | M70: =+F70*J70 -> 0 | N70: =+F70*K70 -> 0
A71: 12 | B71: ZOCALOS Y SOLIAS - PROVISION A CARGO DEL COMITENTE | G71: =+SUM(F72:F74) -> 8990052 | H71: =+G71/$G$195 -> 0.010641064
A72: =+A71+0.01 -> 12.01 | B72: Ejecución de zócalo de concreto h: 10 cm | C72: ml | D72: 19 | E72: 6496 | F72: =+E72*D72 -> 123424 | I72: 0 | K72: =+I72+J72 -> 0 | L72: =+F72*I72 -> 0 | M72: =+F72*J72 -> 0 | N72: =+F72*K72 -> 0
A73: 12.02 | B73: Provisión y colocación de zócalo de MDF prepintado color bco. h: 7cm | C73: ml | D73: 626 | E73: 9059 | F73: =+E73*D73 -> 5670934 | I73: 0 | K73: =+I73+J73 -> 0 | L73: =+F73*I73 -> 0 | M73: =+F73*J73 -> 0 | N73: =+F73*K73 -> 0
A74: 12.03 | B74: Colocación de zócalo de porcelanato - Provisión a cargo del comitente | C74: ml | D74: 386 | E74: 8279 | F74: =+E74*D74 -> 3195694 | I74: 0 | K74: =+I74+J74 -> 0 | L74: =+F74*I74 -> 0 | M74: =+F74*J74 -> 0 | N74: =+F74*K74 -> 0
A75: 13 | B75: REVESTIMIENTOS - PROVISION A CARGO DEL COMITENTE | G75: =+SUM(F76:F79) -> 14836279 | H75: =+G75/$G$195 -> 0.017560943
A76: 13.01 | B76: Colocación de porcelanato en baños - Provisión a cargo del comitente | C76: m2 | D76: 413 | E76: 30109 | F76: =+E76*D76 -> 12435017 | I76: 0 | K76: =+I76+J76 -> 0 | L76: =+F76*I76 -> 0 | M76: =+F76*J76 -> 0 | N76: =+F76*K76 -> 0
A77: 13.02 | B77: Colocación de revestimiento en cocinas - Provisión a cargo del comitente | C77: m2 | D77: 18 | E77: 30109 | F77: =+E77*D77 -> 541962 | I77: 0 | K77: =+I77+J77 -> 0 | L77: =+F77*I77 -> 0 | M77: =+F77*J77 -> 0 | N77: =+F77*K77 -> 0
A78: 13.03 | B78: Colocación de listones refractarios en parrillas - Provisión a cargo del comitente | C78: m2 | D78: 20 | E78: 92965 | F78: =+E78*D78 -> 1859300 | I78: 0 | K78: =+I78+J78 -> 0 | L78: =+F78*I78 -> 0 | M78: =+F78*J78 -> 0 | N78: =+F78*K78 -> 0
A79: 13.04 | B79: Revestimiento Simil madera - Cotizado en provisiones | C79: m2 | D79: 0 | E79: 0 | F79: =+E79*D79 -> 0 | I79: 0 | K79: =+I79+J79 -> 0 | L79: =+F79*I79 -> 0 | M79: =+F79*J79 -> 0 | N79: =+F79*K79 -> 0
A80: 14 | B80: CIELORRASOS | G80: =+SUM(F81:F87) -> 33813897 | H80: =+G80/$G$195 -> 0.040023776
A81: =+A80+0.01 -> 14.01 | B81: Aplicado de yeso | C81: m2 | D81: 460 | E81: 23624 | F81: =+E81*D81 -> 10867040 | I81: 0 | K81: =+I81+J81 -> 0 | L81: =+F81*I81 -> 0 | M81: =+F81*J81 -> 0 | N81: =+F81*K81 -> 0
A82: 14.02 | B82: Buña en yeso aplicado | C82: ml | D82: 434 | E82: 16659 | F82: =+E82*D82 -> 7230006 | I82: 0 | K82: =+I82+J82 -> 0 | L82: =+F82*I82 -> 0 | M82: =+F82*J82 -> 0 | N82: =+F82*K82 -> 0
A83: 14.03 | B83: Cielorraso suspendido en placa STD | C83: m2 | D83: 115 | E83: 35817 | F83: =+E83*D83 -> 4118955 | I83: 0 | K83: =+I83+J83 -> 0 | L83: =+F83*I83 -> 0 | M83: =+F83*J83 -> 0 | N83: =+F83*K83 -> 0
A84: 14.04 | B84: Cielorraso suspendido en placa RH | C84: m2 | D84: 89 | E84: 41132 | F84: =+E84*D84 -> 3660748 | I84: 0 | K84: =+I84+J84 -> 0 | L84: =+F84*I84 -> 0 | M84: =+F84*J84 -> 0 | N84: =+F84*K84 -> 0
A85: 14.05 | B85: Buña Z en cielorraso suspendido | C85: ml | D85: 530 | E85: 9274 | F85: =+E85*D85 -> 4915220 | I85: 0 | K85: =+I85+J85 -> 0 | L85: =+F85*I85 -> 0 | M85: =+F85*J85 -> 0 | N85: =+F85*K85 -> 0
A86: 14.06 | B86: Cantonera / Cajón | C86: ml | D86: 56 | E86: 9274 | F86: =+E86*D86 -> 519344 | I86: 0 | K86: =+I86+J86 -> 0 | L86: =+F86*I86 -> 0 | M86: =+F86*J86 -> 0 | N86: =+F86*K86 -> 0
A87: 14.07 | B87: Hormigon visto, maquillaje | C87: m2 | D87: 469 | E87: 5336 | F87: =+E87*D87 -> 2502584 | I87: 0 | K87: =+I87+J87 -> 0 | L87: =+F87*I87 -> 0 | M87: =+F87*J87 -> 0 | N87: =+F87*K87 -> 0
A88: 15 | B88: PINTURA | G88: =+SUM(F89:F100) -> 81675029 | H88: =+G88/$G$195 -> 0.096674544
A89: 15.01 | B89: Latex exterior mate en paredes, color bco., sin enduido, a mas de 3 m de altura - Medianeras | C89: m2 | D89: 739 | E89: 22075 | F89: =+E89*D89 -> 16313425 | I89: 0 | K89: =+I89+J89 -> 0 | L89: =+F89*I89 -> 0 | M89: =+F89*J89 -> 0 | N89: =+F89*K89 -> 0
A90: 15.02 | B90: Latex interior mate en paredes, color bco., con enduido parcial | C90: m2 | D90: 1439 | E90: 8883 | F90: =+E90*D90 -> 12782637 | I90: 0 | K90: =+I90+J90 -> 0 | L90: =+F90*I90 -> 0 | M90: =+F90*J90 -> 0 | N90: =+F90*K90 -> 0
A91: 15.03 | B91: Latex interior mate en paredes, color bco., con enduido completo | C91: m2 | D91: 462 | E91: 14295 | F91: =+E91*D91 -> 6604290 | I91: 0 | K91: =+I91+J91 -> 0 | L91: =+F91*I91 -> 0 | M91: =+F91*J91 -> 0 | N91: =+F91*K91 -> 0
A92: 15.04 | B92: Latex exterior acrílico en cielorraso, color a definir, sin enduido - Sector cocheras | C92: m2 | D92: 144 | E92: 7538 | F92: =+E92*D92 -> 1085472 | I92: 0 | K92: =+I92+J92 -> 0 | L92: =+F92*I92 -> 0 | M92: =+F92*J92 -> 0 | N92: =+F92*K92 -> 0
A93: 15.05 | B93: Latex interior mate en cielorraso, color bco., con enduido parcial | C93: m2 | D93: 460 | E93: 8883 | F93: =+E93*D93 -> 4086180 | I93: 0 | K93: =+I93+J93 -> 0 | L93: =+F93*I93 -> 0 | M93: =+F93*J93 -> 0 | N93: =+F93*K93 -> 0
A94: 15.06 | B94: Latex interior mate en cielorraso, color bco., con enduido completo | C94: m2 | D94: 204 | E94: 15750 | F94: =+E94*D94 -> 3213000 | I94: 0 | K94: =+I94+J94 -> 0 | L94: =+F94*I94 -> 0 | M94: =+F94*J94 -> 0 | N94: =+F94*K94 -> 0
A95: 15.07 | B95: Impermeabilizane de Hº, silicona transparente | C95: m2 | D95: 262 | E95: 17154 | F95: =+E95*D95 -> 4494348 | I95: 0 | K95: =+I95+J95 -> 0 | L95: =+F95*I95 -> 0 | M95: =+F95*J95 -> 0 | N95: =+F95*K95 -> 0
A96: 15.08 | B96: Revestimiento tipo Tarquini hasta 3 m de altura | C96: m2 | D96: 756 | E96: 26534 | F96: =+E96*D96 -> 20059704 | I96: 0 | K96: =+I96+J96 -> 0 | L96: =+F96*I96 -> 0 | M96: =+F96*J96 -> 0 | N96: =+F96*K96 -> 0
A97: 15.09 | B97: Revestimiento tipo Tarquini a mas de 3 m de altura | C97: m2 | D97: 56 | E97: 31737 | F97: =+E97*D97 -> 1777272 | I97: 0 | K97: =+I97+J97 -> 0 | L97: =+F97*I97 -> 0 | M97: =+F97*J97 -> 0 | N97: =+F97*K97 -> 0
A98: 15.1 | B98: Franjas división cocheras | C98: gl | D98: 1 | E98: 885031 | F98: =+E98*D98 -> 885031 | I98: 0 | K98: =+I98+J98 -> 0 | L98: =+F98*I98 -> 0 | M98: =+F98*J98 -> 0 | N98: =+F98*K98 -> 0
A99: 15.11 | B99: Esmalte sintetico en puertas color bco. - Puertas placa, de chapa y de ascensor | C99: un | D99: 73 | E99: 83386 | F99: =+E99*D99 -> 6087178 | I99: 0 | K99: =+I99+J99 -> 0 | L99: =+F99*I99 -> 0 | M99: =+F99*J99 -> 0 | N99: =+F99*K99 -> 0
A100: 15.12 | B100: Esmalte sintético convertidor antioxido color negro satinado en herrería - Barandas, herrerías, etc. | C100: gl | D100: 1 | E100: 4286492 | F100: =+E100*D100 -> 4286492 | I100: 0 | K100: =+I100+J100 -> 0 | L100: =+F100*I100 -> 0 | M100: =+F100*J100 -> 0 | N100: =+F100*K100 -> 0
A101: 16 | B101: MARMOLES Y GRANITOS - PROVISION A CARGO DEL COMITENTE | G101: =+SUM(F102) -> 0 | H101: =+G101/$G$195 -> 0
E102: 0 | F102: =+E102*D102 -> 0 | I102: 0 | K102: =+I102+J102 -> 0 | L102: =+F102*I102 -> 0 | M102: =+F102*J102 -> 0 | N102: =+F102*K102 -> 0
...

Sheet GDR 3760_Pto. 02_Cert. 08
F1: DÓLAR BNA | G1: DÓLAR MEP
F2: 1066.5 | G2: 1170
F4: 45667
B5: OBRA: EDIFICIO GDR 3760 | I5: Certificado | J5: 8 | N5: 45958
B6: PRESUPUESTO OBRA CIVIL
B7: PRESUPUESTO 02 - ALBANILERIA, INSTALACIONES Y TERMINACIONES | I7: Avance | L7: Importe
B8: Descripción | C8: U | D8: Cant | E8: P unit | F8: Subtotal | I8: Anterior | J8: Actual | K8: Acumulado | L8: Anterior | M8: Actual | N8: Acumulado
A9: 4 | B9: MAMPOSTERÍA | G9: =+SUM(F10:F23) -> 51045774 | H9: =+G9/$G$195 -> 0.060420265
A10: 4.01 | B10: Muro tipo 1 - Ladrillo hueco 8 x 18 x 33 | C10: m2 | D10: 621 | E10: 22140 | F10: =+E10*D10 -> 13748940 | I10: 0 | K10: =+I10+J10 -> 0 | L10: =+F10*I10 -> 0 | M10: =+F10*J10 -> 0 | N10: =+F10*K10 -> 0
A11: 4.02 | B11: Muro tipo 2 - Ladrillo hueco 12 x 18 x 33 | C11: m2 | D11: 780 | E11: 24437 | F11: =+E11*D11 -> 19060860 | I11: 0 | K11: =+I11+J11 -> 0 | L11: =+F11*I11 -> 0 | M11: =+F11*J11 -> 0 | N11: =+F11*K11 -> 0
A12: 4.03 | B12: Muro tipo 3 - Ladrillo comun en panderete | C12: m2 | D12: 56 | E12: 23248 | F12: =+E12*D12 -> 1301888 | I12: 0 | K12: =+I12+J12 -> 0 | L12: =+F12*I12 -> 0 | M12: =+F12*J12 -> 0 | N12: =+F12*K12 -> 0
A13: 4.04 | B13: Muro tipo 4 - Ladrillo hueco portante 12 x 18 x 33 | C13: m2 | D13: 42 | E13: 28746 | F13: =+E13*D13 -> 1207332 | I13: 0 | K13: =+I13+J13 -> 0 | L13: =+F13*I13 -> 0 | M13: =+F13*J13 -> 0 | N13: =+F13*K13 -> 0
A14: 4.05 | B14: Muro tipo 5 - Bloque HCCA e: 7,5 cm | C14: m2 | D14: 70 | E14: 36933 | F14: =+E14*D14 -> 2585310 | I14: 0 | K14: =+I14+J14 -> 0 | L14: =+F14*I14 -> 0 | M14: =+F14*J14 -> 0 | N14: =+F14*K14 -> 0
A15: 4.06 | B15: Muro tipo 6 - Ladrillo hueco 18 x 18 x 33 | C15: m2 | D15: 5 | E15: 28672 | F15: =+E15*D15 -> 143360 | I15: 0 | K15: =+I15+J15 -> 0 | L15: =+F15*I15 -> 0 | M15: =+F15*J15 -> 0 | N15: =+F15*K15 -> 0
A16: 4.07 | B16: Enchape de medianeras existentes - Contemplamos picado zonas sueltas y enchape con ladrillo comun para PB | C16: m2 | D16: 193 | E16: 18611 | F16: =+E16*D16 -> 3591923 | I16: 0 | K16: =+I16+J16 -> 0 | L16: =+F16*I16 -> 0 | M16: =+F16*J16 -> 0 | N16: =+F16*K16 -> 0
A17: 4.08 | B17: Cordón de hormigón en umbrales carpinterías | C17: ml | D17: 61 | E17: 28578 | F17: =+E17*D17 -> 1743258 | I17: 0 | K17: =+I17+J17 -> 0 | L17: =+F17*I17 -> 0 | M17: =+F17*J17 -> 0 | N17: =+F17*K17 -> 0
A18: 4.09 | B18: Banquina Sala tanque de bombeo | C18: gl | D18: 1 | E18: 280823 | F18: =+E18*D18 -> 280823 | I18: 0 | K18: =+I18+J18 -> 0 | L18: =+F18*I18 -> 0 | M18: =+F18*J18 -> 0 | N18: =+F18*K18 -> 0
A19: 4.1 | B19: Banquina en parrillas | C19: gl | D19: 1 | E19: 801214 | F19: =+E19*D19 -> 801214 | I19: 0 | K19: =+I19+J19 -> 0 | L19: =+F19*I19 -> 0 | M19: =+F19*J19 -> 0 | N19: =+F19*K19 -> 0
A20: 4.11 | B20: Excavación y amurado con Hº tanque de recuperación de agua de lluvia | C20: gl | D20: 1 | E20: 525234 | F20: =+E20*D20 -> 525234 | I20: 0 | K20: =+I20+J20 -> 0 | L20: =+F20*I20 -> 0 | M20: =+F20*J20 -> 0 | N20: =+F20*K20 -> 0
A21: 4.12 | B21: Provisión y amurado de tapas de inspección para tanque de reserva | C21: u | D21: 3 | E21: 237784 | F21: =+E21*D21 -> 713352 | I21: 0 | K21: =+I21+J21 -> 0 | L21: =+F21*I21 -> 0 | M21: =+F21*J21 -> 0 | N21: =+F21*K21 -> 0
... A23: 4.14 | B23: Amurado de bañera | C23: u | D23: 8 | E23: 177655 | F23: =+E23*D23 -> 1421240 | I23: 0 | K23: =+I23+J23 -> 0 | L23: =+F23*I23 -> 0 | M23: =+F23*J23 -> 0 | N23: =+F23*K23 -> 0
A24: 5 | B24: AISLACIONES | G24: =+SUM(F25:F31) -> 19239698 | H24: =+G24/$G$195 -> 0.022773044
A25: 5.01 | B25: Cajón hidrofugo | C25: ml | D25: 136 | E25: 6496 | F25: =+E25*D25 -> 883456 | I25: 0 | K25: =+I25+J25 -> 0 | L25: =+F25*I25 -> 0 | M25: =+F25*J25 -> 0 | N25: =+F25*K25 -> 0
A26: 5.02 | B26: Aislación hidrófuga horizontal (baños) - Inc. membrana geotextil y 35% en concepto de babetas | C26: m2 | D26: 77 | E26: 33270 | F26: =+E26*D26 -> 2561790 | I26: 0 | K26: =+I26+J26 -> 0 | L26: =+F26*I26 -> 0 | M26: =+F26*J26 -> 0 | N26: =+F26*K26 -> 0
A27: 5.03 | B27: Azotado hidrófugo - Contrapiso de PB | C27: m2 | D27: 107 | E27: 6496 | F27: =+E27*D27 -> 695072 | I27: 0 | K27: =+I27+J27 -> 0 | L27: =+F27*I27 -> 0 | M27: =+F27*J27 -> 0 | N27: =+F27*K27 -> 0
A28: 5.04 | B28: Aislación térmica en terrazas, eps e:2,00 cm | C28: m2 | D28: 186 | E28: 4832 | F28: =+E28*D28 -> 898752 | I28: 0 | K28: =+I28+J28 -> 0 | L28: =+F28*I28 -> 0 | M28: =+F28*J28 -> 0 | N28: =+F28*K28 -> 0
A29: 5.05 | B29: Barrera de vapor | C29: m2 | D29: 186 | E29: 4134 | F29: =+E29*D29 -> 768924 | I29: 0 | K29: =+I29+J29 -> 0 | L29: =+F29*I29 -> 0 | M29: =+F29*J29 -> 0 | N29: =+F29*K29 -> 0
A30: 5.06 | B30: Membrana asfáltica geotextil 4mm - Balcones y azotea - Inc. 20% en concepto de babetas | C30: m2 | D30: 390 | E30: 28187 | F30: =+E30*D30 -> 10992930 | I30: 0 | K30: =+I30+J30 -> 0 | L30: =+F30*I30 -> 0 | M30: =+F30*J30 -> 0 | N30: =+F30*K30 -> 0
A31: 5.07 | B31: Impermeabilización de tanque de reserva de HºAº | C31: gl | D31: 1 | E31: 2438774 | F31: =+E31*D31 -> 2438774 | I31: 0 | K31: =+I31+J31 -> 0 | L31: =+F31*I31 -> 0 | M31: =+F31*J31 -> 0 | N31: =+F31*K31 -> 0
A32: 6 | B32: CUBIERTAS | G32: =+SUM(F33) -> 1722875 | H32: =+G32/$G$195 -> 0.0020392788
A33: 6.02 | B33: Babeta de chapa galvanizada en medianeras | C33: ml | D33: 55 | E33: 31325 | F33: =+E33*D33 -> 1722875 | I33: 0 | K33: =+I33+J33 -> 0 | L33: =+F33*I33 -> 0 | M33: =+F33*J33 -> 0 | N33: =+F33*K33 -> 0
A34: 7 | B34: REVOQUES | G34: =+SUM(F35:F40) -> 92324467 | H34: =+G34/$G$195 -> 0.10927974
A35: 7.01 | B35: Revoque Grueso Impermeable Exterior | C35: m2 | D35: 879 | E35: 19943 | F35: =+E35*D35 -> 17529897 | I35: 0 | K35: =+I35+J35 -> 0 | L35: =+F35*I35 -> 0 | M35: =+F35*J35 -> 0 | N35: =+F35*K35 -> 0
A36: 7.02 | B36: Revoque Grueso Impermeable Exterior a mas de 3m - Medianero y fachadas | C36: m2 | D36: 716 | E36: 26767 | F36: =+E36*D36 -> 19165172 | I36: 0 | K36: =+I36+J36 -> 0 | L36: =+F36*I36 -> 0 | M36: =+F36*J36 -> 0 | N36: =+F36*K36 -> 0
A37: 7.03 | B37: Yeso interior | C37: m2 | D37: 1439 | E37: 22963 | F37: =+E37*D37 -> 33043757 | I37: 0 | K37: =+I37+J37 -> 0 | L37: =+F37*I37 -> 0 | M37: =+F37*J37 -> 0 | N37: =+F37*K37 -> 0
A38: 7.04 | B38: Arista en yeso | C38: ml | D38: 347 | E38: 16909 | F38: =+E38*D38 -> 5867423 | I38: 0 | K38: =+I38+J38 -> 0 | L38: =+F38*I38 -> 0 | M38: =+F38*J38 -> 0 | N38: =+F38*K38 -> 0
A39: 7.05 | B39: Provisión y colocación de guardacanto yesero | C39: un | D39: 132 | E39: 19384 | F39: =+E39*D39 -> 2558688 | I39: 0 | K39: =+I39+J39 -> 0 | L39: =+F39*I39 -> 0 | M39: =+F39*J39 -> 0 | N39: =+F39*K39 -> 0
A40: 7.06 | B40: Revoque Grueso Impermeable Interior b/ revestimiento | C40: m2 | D40: 710 | E40: 19943 | F40: =+E40*D40 -> 14159530 | I40: 0 | K40: =+I40+J40 -> 0 | L40: =+F40*I40 -> 0 | M40: =+F40*J40 -> 0 | N40: =+F40*K40 -> 0
A41: 8 | B41: CONTRAPISOS Y CARPETAS | G41: =+SUM(F42:F49) -> 49520833 | H41: =+G41/$G$195 -> 0.058615271
A42: 8.01 | B42: Contrapiso de Hº armado e: 18 cm, incluye malla Ø 6 mm y film 200 mic. | C42: m2 | D42: 107 | E42: 58580 | F42: =+E42*D42 -> 6268060 | I42: 0 | K42: =+I42+J42 -> 0 | L42: =+F42*I42 -> 0 | M42: =+F42*J42 -> 0 | N42: =+F42*K42 -> 0
A43: 8.02 | B43: Contrapiso de H13 subase bajo intertrabado y garden block | C43: m2 | D43: 258 | E43: 38729 | F43: =+E43*D43 -> 9992082 | I43: 0 | K43: =+I43+J43 -> 0 | L43: =+F43*I43 -> 0 | M43: =+F43*J43 -> 0 | N43: =+F43*K43 -> 0
A44: 8.03 | B44: Monolítico e: 6 cm | C44: m2 | D44: 425 | E44: 22943 | F44: =+E44*D44 -> 9750775 | I44: 0 | K44: =+I44+J44 -> 0 | L44: =+F44*I44 -> 0 | M44: =+F44*J44 -> 0 | N44: =+F44*K44 -> 0
A45: 8.04 | B45: Contrapiso alivianado en azoteas (RDC), e: 15 cm | C45: m2 | D45: 200 | E45: 40355 | F45: =+E45*D45 -> 8071000 | I45: 0 | K45: =+I45+J45 -> 0 | L45: =+F45*I45 -> 0 | M45: =+F45*J45 -> 0 | N45: =+F45*K45 -> 0
A46: 8.05 | B46: Contrapiso con piedra binder e: 4/5 cm - En locales húmedos (baños) | C46: m2 | D46: 77 | E46: 31515 | F46: =+E46*D46 -> 2426655 | I46: 0 | K46: =+I46+J46 -> 0 | L46: =+F46*I46 -> 0 | M46: =+F46*J46 -> 0 | N46: =+F46*K46 -> 0
A47: 8.06 | B47: Carpeta autonivelante e: 4/10 mm - En locales húmedos (baños) | C47: m2 | D47: 77 | E47: 19683 | F47: =+E47*D47 -> 1515591 | I47: 0 | K47: =+I47+J47 -> 0 | L47: =+F47*I47 -> 0 | M47: =+F47*J47 -> 0 | N47: =+F47*K47 -> 0
A48: 8.07 | B48: Carpeta a la cal reforzada | C48: m2 | D48: 442 | E48: 14335 | F48: =+E48*D48 -> 6336070 | I48: 0 | K48: =+I48+J48 -> 0 | L48: =+F48*I48 -> 0 | M48: =+F48*J48 -> 0 | N48: =+F48*K48 -> 0
A49: 8.08 | B49: Carpeta a la cal reforzada s/membrana | C49: m2 | D49: 360 | E49: 14335 | F49: =+E49*D49 -> 5160600 | I49: 0 | K49: =+I49+J49 -> 0 | L49: =+F49*I49 -> 0 | M49: =+F49*J49 -> 0 | N49: =+F49*K49 -> 0
A50: 9 | B50: ESCALERAS | G50: =+SUM(F51:F53) -> 4852846 | H50: =+G50/$G$195 -> 0.005744065
A51: 9.01 | B51: Provisión y ejecución de cemento alisado arrodillado, e: 3,00 cm, en alzada y pedad | C51: gl | D51: 1 | E51: 2109310 | F51: =+E51*D51 -> 2109310 | I51: 0 | K51: =+I51+J51 -> 0 | L51: =+F51*I51 -> 0 | M51: =+F51*J51 -> 0 | N51: =+F51*K51 -> 0
A52: 9.02 | B52: Provisión nariz escalera, hierro angulo 5/8 x 1/8" | C52: un | D52: 81 | E52: 28022 | F52: =+E52*D52 -> 2269782 | I52: 0 | K52: =+I52+J52 -> 0 | L52: =+F52*I52 -> 0 | M52: =+F52*J52 -> 0 | N52: =+F52*K52 -> 0
A53: 9.03 | B53: Ejecución de zócalo rampante de concreto h: 10 cm | C53: ml | D53: 46 | E53: 10299 | F53: =+E53*D53 -> 473754 | I53: 0 | K53: =+I53+J53 -> 0 | L53: =+F53*I53 -> 0 | M53: =+F53*J53 -> 0 | N53: =+F53*K53 -> 0
A54: 10 | B54: VENTILACIONES - PROVISION A CARGO DEL COMITENTE | G54: =+SUM(F55:F58) -> 4184652 | H54: =+G54/$G$195 -> 0.004953158
A55: 10.01 | B55: Montaje de conductos de ventilación de baños C27 - Provisión a cargo del comitente | C55: gl | D55: 1 | E55: 1844532 | F55: =+E55*D55 -> 1844532 | I55: 0 | K55: =+I55+J55 -> 0 | L55: =+F55*I55 -> 0 | M55: =+F55*J55 -> 0 | N55: =+F55*K55 -> 0
A56: 10.02 | B56: Montaje de conductos de ventilación de parrillas C27 - Provisión a cargo del comitente | C56: gl | D56: 1 | E56: 1214937 | F56: =+E56*D56 -> 1214937 | I56: 0 | K56: =+I56+J56 -> 0 | L56: =+F56*I56 -> 0 | M56: =+F56*J56 -> 0 | N56: =+F56*K56 -> 0
A57: 10.03 | B57: Montaje de campanas de parrillas C22 - Provisión a cargo del comitente | C57: gl | D57: 1 | E57: 539833 | F57: =+E57*D57 -> 539833 | I57: 0 | K57: =+I57+J57 -> 0 | L57: =+F57*I57 -> 0 | M57: =+F57*J57 -> 0 | N57: =+F57*K57 -> 0
A58: 10.04 | B58: Montaje de sombreretes en chapa prepintada C25 - Provisión a cargo del comitente | C58: u | D58: 10 | E58: 58535 | F58: =+E58*D58 -> 585350 | I58: 0 | K58: =+I58+J58 -> 0 | L58: =+F58*I58 -> 0 | M58: =+F58*J58 -> 0 | N58: =+F58*K58 -> 0
A59: 11 | B59: PISOS - PROVISION A CARGO DEL COMITENTE | G59: =+SUM(F60:F70) -> 31170783 | H59: =+G59/$G$195 -> 0.036895258
A60: 11.01 | B60: Provisión y ejecución de alisado de cemento a la llana metálica, e: 6,00 cm | C60: m2 | D60: 0 | E60: 0 | F60: =+E60*D60 -> 0 | I60: 0 | K60: =+I60+J60 -> 0 | L60: =+F60*I60 -> 0 | M60: =+F60*J60 -> 0 | N60: =+F60*K60 -> 0
A61: 11.02 | B61: Provisión y ejecución de cemento alisado arrodillado, e: 3,00 cm | C61: m2 | D61: 39 | E61: 19280 | F61: =+E61*D61 -> 751920 | I61: 0 | K61: =+I61+J61 -> 0 | L61: =+F61*I61 -> 0 | M61: =+F61*J61 -> 0 | N61: =+F61*K61 -> 0
A62: 11.03 | B62: Colocación de porcelanato a definir en sspacios comunes - Provisión a cargo del comitente | C62: m2 | D62: 48 | E62: 25362 | F62: =+E62*D62 -> 1217376 | I62: 0 | K62: =+I62+J62 -> 0 | L62: =+F62*I62 -> 0 | M62: =+F62*J62 -> 0 | N62: =+F62*K62 -> 0
A63: 11.04 | B63: Colocación de pavimento intertrabado de H°, incluye provisión y colocación de cama de arena + tomado de junta - Provisión a cargo del comitente | C63: m2 | D63: 174 | E63: 19164 | F63: =+E63*D63 -> 3334536 | I63: 0 | K63: =+I63+J63 -> 0 | L63: =+F63*I63 -> 0 | M63: =+F63*J63 -> 0 | N63: =+F63*K63 -> 0
A64: 11.05 | B64: Colocación de garden block, incluye provisión y colocación de cama de arena + tomado de junta - Provisión a cargo del comitente | C64: m2 | D64: 92 | E64: 19164 | F64: =+E64*D64 -> 1763088 | I64: 0 | K64: =+I64+J64 -> 0 | L64: =+F64*I64 -> 0 | M64: =+F64*J64 -> 0 | N64: =+F64*K64 -> 0
A65: 11.06 | B65: Provisión y colocación de relleno de piedra binder | C65: m2 | D65: 8 | E65: 14043 | F65: =+E65*D65 -> 112344 | I65: 0 | K65: =+I65+J65 -> 0 | L65: =+F65*I65 -> 0 | M65: =+F65*J65 -> 0 | N65: =+F65*K65 -> 0
A66: 11.07 | B66: Colocación de baldoson granítico vereda 40 x 40 - Provisión a cargo del comitente | C66: m2 | D66: 46 | E66: 26630 | F66: =+E66*D66 -> 1224980 | I66: 0 | K66: =+I66+J66 -> 0 | L66: =+F66*I66 -> 0 | M66: =+F66*J66 -> 0 | N66: =+F66*K66 -> 0
A67: 11.08 | B67: Colocación de porcelanato a definir Interior UF - Provisión a cargo del comitente | C67: m2 | D67: 562 | E67: 25362 | F67: =+E67*D67 -> 14253444 | I67: 0 | K67: =+I67+J67 -> 0 | L67: =+F67*I67 -> 0 | M67: =+F67*J67 -> 0 | N67: =+F67*K67 -> 0
A68: 11.09 | B68: Colocación de porcelanato a definir Baños - Provisión a cargo del comitente | C68: m2 | D68: 73 | E68: 30109 | F68: =+E68*D68 -> 2197957 | I68: 0 | K68: =+I68+J68 -> 0 | L68: =+F68*I68 -> 0 | M68: =+F68*J68 -> 0 | N68: =+F68*K68 -> 0
A69: 11.1 | B69: Colocación de porcelanato a definir Balcones - Provisión a cargo del comitente | C69: m2 | D69: 143 | E69: 25362 | F69: =+E69*D69 -> 3626766 | I69: 0 | K69: =+I69+J69 -> 0 | L69: =+F69*I69 -> 0 | M69: =+F69*J69 -> 0 | N69: =+F69*K69 -> 0
A70: 11.11 | B70: Colocación de porcelanato a definir Palier - Provisión a cargo del comitente | C70: m2 | D70: 106 | E70: 25362 | F70: =+E70*D70 -> 2688372 | I70: 0 | K70: =+I70+J70 -> 0 | L70: =+F70*I70 -> 0 | M70: =+F70*J70 -> 0 | N70: =+F70*K70 -> 0
A71: 12 | B71: ZOCALOS Y SOLIAS - PROVISION A CARGO DEL COMITENTE | G71: =+SUM(F72:F74) -> 8990052 | H71: =+G71/$G$195 -> 0.010641064
A72: =+A71+0.01 -> 12.01 | B72: Ejecución de zócalo de concreto h: 10 cm | C72: ml | D72: 19 | E72: 6496 | F72: =+E72*D72 -> 123424 | I72: 0 | K72: =+I72+J72 -> 0 | L72: =+F72*I72 -> 0 | M72: =+F72*J72 -> 0 | N72: =+F72*K72 -> 0
A73: 12.02 | B73: Provisión y colocación de zócalo de MDF prepintado color bco. h: 7cm | C73: ml | D73: 626 | E73: 9059 | F73: =+E73*D73 -> 5670934 | I73: 0 | K73: =+I73+J73 -> 0 | L73: =+F73*I73 -> 0 | M73: =+F73*J73 -> 0 | N73: =+F73*K73 -> 0
A74: 12.03 | B74: Colocación de zócalo de porcelanato - Provisión a cargo del comitente | C74: ml | D74: 386 | E74: 8279 | F74: =+E74*D74 -> 3195694 | I74: 0 | K74: =+I74+J74 -> 0 | L74: =+F74*I74 -> 0 | M74: =+F74*J74 -> 0 | N74: =+F74*K74 -> 0
A75: 13 | B75: REVESTIMIENTOS - PROVISION A CARGO DEL COMITENTE | G75: =+SUM(F76:F79) -> 14836279 | H75: =+G75/$G$195 -> 0.017560943
A76: 13.01 | B76: Colocación de porcelanato en baños - Provisión a cargo del comitente | C76: m2 | D76: 413 | E76: 30109 | F76: =+E76*D76 -> 12435017 | I76: 0 | K76: =+I76+J76 -> 0 | L76: =+F76*I76 -> 0 | M76: =+F76*J76 -> 0 | N76: =+F76*K76 -> 0
A77: 13.02 | B77: Colocación de revestimiento en cocinas - Provisión a cargo del comitente | C77: m2 | D77: 18 | E77: 30109 | F77: =+E77*D77 -> 541962 | I77: 0 | K77: =+I77+J77 -> 0 | L77: =+F77*I77 -> 0 | M77: =+F77*J77 -> 0 | N77: =+F77*K77 -> 0
A78: 13.03 | B78: Colocación de listones refractarios en parrillas - Provisión a cargo del comitente | C78: m2 | D78: 20 | E78: 92965 | F78: =+E78*D78 -> 1859300 | I78: 0 | K78: =+I78+J78 -> 0 | L78: =+F78*I78 -> 0 | M78: =+F78*J78 -> 0 | N78: =+F78*K78 -> 0
A79: 13.04 | B79: Revestimiento Simil madera - Cotizado en provisiones | C79: m2 | D79: 0 | E79: 0 | F79: =+E79*D79 -> 0 | I79: 0 | K79: =+I79+J79 -> 0 | L79: =+F79*I79 -> 0 | M79: =+F79*J79 -> 0 | N79: =+F79*K79 -> 0
A80: 14 | B80: CIELORRASOS | G80: =+SUM(F81:F87) -> 33813897 | H80: =+G80/$G$195 -> 0.040023776
A81: =+A80+0.01 -> 14.01 | B81: Aplicado de yeso | C81: m2 | D81: 460 | E81: 23624 | F81: =+E81*D81 -> 10867040 | I81: 0 | K81: =+I81+J81 -> 0 | L81: =+F81*I81 -> 0 | M81: =+F81*J81 -> 0 | N81: =+F81*K81 -> 0
A82: 14.02 | B82: Buña en yeso aplicado | C82: ml | D82: 434 | E82: 16659 | F82: =+E82*D82 -> 7230006 | I82: 0 | K82: =+I82+J82 -> 0 | L82: =+F82*I82 -> 0 | M82: =+F82*J82 -> 0 | N82: =+F82*K82 -> 0
A83: 14.03 | B83: Cielorraso suspendido en placa STD | C83: m2 | D83: 115 | E83: 35817 | F83: =+E83*D83 -> 4118955 | I83: 0 | K83: =+I83+J83 -> 0 | L83: =+F83*I83 -> 0 | M83: =+F83*J83 -> 0 | N83: =+F83*K83 -> 0
A84: 14.04 | B84: Cielorraso suspendido en placa RH | C84: m2 | D84: 89 | E84: 41132 | F84: =+E84*D84 -> 3660748 | I84: 0 | K84: =+I84+J84 -> 0 | L84: =+F84*I84 -> 0 | M84: =+F84*J84 -> 0 | N84: =+F84*K84 -> 0
A85: 14.05 | B85: Buña Z en cielorraso suspendido | C85: ml | D85: 530 | E85: 9274 | F85: =+E85*D85 -> 4915220 | I85: 0 | K85: =+I85+J85 -> 0 | L85: =+F85*I85 -> 0 | M85: =+F85*J85 -> 0 | N85: =+F85*K85 -> 0
A86: 14.06 | B86: Cantonera / Cajón | C86: ml | D86: 56 | E86: 9274 | F86: =+E86*D86 -> 519344 | I86: 0 | K86: =+I86+J86 -> 0 | L86: =+F86*I86 -> 0 | M86: =+F86*J86 -> 0 | N86: =+F86*K86 -> 0
A87: 14.07 | B87: Hormigon visto, maquillaje | C87: m2 | D87: 469 | E87: 5336 | F87: =+E87*D87 -> 2502584 | I87: 0 | K87: =+I87+J87 -> 0 | L87: =+F87*I87 -> 0 | M87: =+F87*J87 -> 0 | N87: =+F87*K87 -> 0
A88: 15 | B88: PINTURA | G88: =+SUM(F89:F100) -> 81675029 | H88: =+G88/$G$195 -> 0.096674544
A89: 15.01 | B89: Latex exterior mate en paredes, color bco., sin enduido, a mas de 3 m de altura - Medianeras | C89: m2 | D89: 739 | E89: 22075 | F89: =+E89*D89 -> 16313425 | I89: 0 | K89: =+I89+J89 -> 0 | L89: =+F89*I89 -> 0 | M89: =+F89*J89 -> 0 | N89: =+F89*K89 -> 0
A90: 15.02 | B90: Latex interior mate en paredes, color bco., con enduido parcial | C90: m2 | D90: 1439 | E90: 8883 | F90: =+E90*D90 -> 12782637 | I90: 0 | K90: =+I90+J90 -> 0 | L90: =+F90*I90 -> 0 | M90: =+F90*J90 -> 0 | N90: =+F90*K90 -> 0
A91: 15.03 | B91: Latex interior mate en paredes, color bco., con enduido completo | C91: m2 | D91: 462 | E91: 14295 | F91: =+E91*D91 -> 6604290 | I91: 0 | K91: =+I91+J91 -> 0 | L91: =+F91*I91 -> 0 | M91: =+F91*J91 -> 0 | N91: =+F91*K91 -> 0
A92: 15.04 | B92: Latex exterior acrílico en cielorraso, color a definir, sin enduido - Sector cocheras | C92: m2 | D92: 144 | E92: 7538 | F92: =+E92*D92 -> 1085472 | I92: 0 | K92: =+I92+J92 -> 0 | L92: =+F92*I92 -> 0 | M92: =+F92*J92 -> 0 | N92: =+F92*K92 -> 0
A93: 15.05 | B93: Latex interior mate en cielorraso, color bco., con enduido parcial | C93: m2 | D93: 460 | E93: 8883 | F93: =+E93*D93 -> 4086180 | I93: 0 | K93: =+I93+J93 -> 0 | L93: =+F93*I93 -> 0 | M93: =+F93*J93 -> 0 | N93: =+F93*K93 -> 0
A94: 15.06 | B94: Latex interior mate en cielorraso, color bco., con enduido completo | C94: m2 | D94: 204 | E94: 15750 | F94: =+E94*D94 -> 3213000 | I94: 0 | K94: =+I94+J94 -> 0 | L94: =+F94*I94 -> 0 | M94: =+F94*J94 -> 0 | N94: =+F94*K94 -> 0
A95: 15.07 | B95: Impermeabilizane de Hº, silicona transparente | C95: m2 | D95: 262 | E95: 17154 | F95: =+E95*D95 -> 4494348 | I95: 0 | K95: =+I95+J95 -> 0 | L95: =+F95*I95 -> 0 | M95: =+F95*J95 -> 0 | N95: =+F95*K95 -> 0
A96: 15.08 | B96: Revestimiento tipo Tarquini hasta 3 m de altura | C96: m2 | D96: 756 | E96: 26534 | F96: =+E96*D96 -> 20059704 | I96: 0 | K96: =+I96+J96 -> 0 | L96: =+F96*I96 -> 0 | M96: =+F96*J96 -> 0 | N96: =+F96*K96 -> 0
A97: 15.09 | B97: Revestimiento tipo Tarquini a mas de 3 m de altura | C97: m2 | D97: 56 | E97: 31737 | F97: =+E97*D97 -> 1777272 | I97: 0 | K97: =+I97+J97 -> 0 | L97: =+F97*I97 -> 0 | M97: =+F97*J97 -> 0 | N97: =+F97*K97 -> 0
A98: 15.1 | B98: Franjas división cocheras | C98: gl | D98: 1 | E98: 885031 | F98: =+E98*D98 -> 885031 | I98: 0 | K98: =+I98+J98 -> 0 | L98: =+F98*I98 -> 0 | M98: =+F98*J98 -> 0 | N98: =+F98*K98 -> 0
A99: 15.11 | B99: Esmalte sintetico en puertas color bco. - Puertas placa, de chapa y de ascensor | C99: un | D99: 73 | E99: 83386 | F99: =+E99*D99 -> 6087178 | I99: 0 | K99: =+I99+J99 -> 0 | L99: =+F99*I99 -> 0 | M99: =+F99*J99 -> 0 | N99: =+F99*K99 -> 0
A100: 15.12 | B100: Esmalte sintético convertidor antioxido color negro satinado en herrería - Barandas, herrerías, etc. | C100: gl | D100: 1 | E100: 4286492 | F100: =+E100*D100 -> 4286492 | I100: 0 | K100: =+I100+J100 -> 0 | L100: =+F100*I100 -> 0 | M100: =+F100*J100 -> 0 | N100: =+F100*K100 -> 0
A101: 16 | B101: MARMOLES Y GRANITOS - PROVISION A CARGO DEL COMITENTE | G101: =+SUM(F102) -> 0 | H101: =+G101/$G$195 -> 0
E102: 0 | F102: =+E102*D102 -> 0 | I102: 0 | K102: =+I102+J102 -> 0 | L102: =+F102*I102 -> 0 | M102: =+F102*J102 -> 0 | N102: =+F102*K102 -> 0
...

Sheet GDR 3760_Pto. 02_Cert. 09)
F1: DÓLAR BNA | G1: DÓLAR MEP
F2: 1066.5 | G2: 1170
F4: 45667
B5: OBRA: EDIFICIO GDR 3760 | I5: Certificado | J5: 9 | N5: 45988
B6: PRESUPUESTO OBRA CIVIL
B7: PRESUPUESTO 02 - ALBANILERIA, INSTALACIONES Y TERMINACIONES | I7: Avance | L7: Importe
B8: Descripción | C8: U | D8: Cant | E8: P unit | F8: Subtotal | I8: Anterior | J8: Actual | K8: Acumulado | L8: Anterior | M8: Actual | N8: Acumulado
A9: 4 | B9: MAMPOSTERÍA | G9: =+SUM(F10:F23) -> 51045774 | H9: =+G9/$G$195 -> 0.060420265
A10: 4.01 | B10: Muro tipo 1 - Ladrillo hueco 8 x 18 x 33 | C10: m2 | D10: 621 | E10: 22140 | F10: =+E10*D10 -> 13748940 | I10: 0 | J10: 0.15 | K10: =+I10+J10 -> 0.15 | L10: =+F10*I10 -> 0 | M10: =+F10*J10 -> 2062341 | N10: =+F10*K10 -> 2062341
A11: 4.02 | B11: Muro tipo 2 - Ladrillo hueco 12 x 18 x 33 | C11: m2 | D11: 780 | E11: 24437 | F11: =+E11*D11 -> 19060860 | I11: 0 | J11: 0.25 | K11: =+I11+J11 -> 0.25 | L11: =+F11*I11 -> 0 | M11: =+F11*J11 -> 4765215 | N11: =+F11*K11 -> 4765215
A12: 4.03 | B12: Muro tipo 3 - Ladrillo comun en panderete | C12: m2 | D12: 56 | E12: 23248 | F12: =+E12*D12 -> 1301888 | I12: 0 | K12: =+I12+J12 -> 0 | L12: =+F12*I12 -> 0 | M12: =+F12*J12 -> 0 | N12: =+F12*K12 -> 0
A13: 4.04 | B13: Muro tipo 4 - Ladrillo hueco portante 12 x 18 x 33 | C13: m2 | D13: 42 | E13: 28746 | F13: =+E13*D13 -> 1207332 | I13: 0 | K13: =+I13+J13 -> 0 | L13: =+F13*I13 -> 0 | M13: =+F13*J13 -> 0 | N13: =+F13*K13 -> 0
A14: 4.05 | B14: Muro tipo 5 - Bloque HCCA e: 7,5 cm | C14: m2 | D14: 70 | E14: 36933 | F14: =+E14*D14 -> 2585310 | I14: 0 | K14: =+I14+J14 -> 0 | L14: =+F14*I14 -> 0 | M14: =+F14*J14 -> 0 | N14: =+F14*K14 -> 0
A15: 4.06 | B15: Muro tipo 6 - Ladrillo hueco 18 x 18 x 33 | C15: m2 | D15: 5 | E15: 28672 | F15: =+E15*D15 -> 143360 | I15: 0 | K15: =+I15+J15 -> 0 | L15: =+F15*I15 -> 0 | M15: =+F15*J15 -> 0 | N15: =+F15*K15 -> 0
A16: 4.07 | B16: Enchape de medianeras existentes - Contemplamos picado zonas sueltas y enchape con ladrillo comun para PB | C16: m2 | D16: 193 | E16: 18611 | F16: =+E16*D16 -> 3591923 | I16: 0 | K16: =+I16+J16 -> 0 | L16: =+F16*I16 -> 0 | M16: =+F16*J16 -> 0 | N16: =+F16*K16 -> 0
A17: 4.08 | B17: Cordón de hormigón en umbrales carpinterías | C17: ml | D17: 61 | E17: 28578 | F17: =+E17*D17 -> 1743258 | I17: 0 | K17: =+I17+J17 -> 0 | L17: =+F17*I17 -> 0 | M17: =+F17*J17 -> 0 | N17: =+F17*K17 -> 0
A18: 4.09 | B18: Banquina Sala tanque de bombeo | C18: gl | D18: 1 | E18: 280823 | F18: =+E18*D18 -> 280823 | I18: 0 | K18: =+I18+J18 -> 0 | L18: =+F18*I18 -> 0 | M18: =+F18*J18 -> 0 | N18: =+F18*K18 -> 0
A19: 4.1 | B19: Banquina en parrillas | C19: gl | D19: 1 | E19: 801214 | F19: =+E19*D19 -> 801214 | I19: 0 | K19: =+I19+J19 -> 0 | L19: =+F19*I19 -> 0 | M19: =+F19*J19 -> 0 | N19: =+F19*K19 -> 0
A20: 4.11 | B20: Excavación y amurado con Hº tanque de recuperación de agua de lluvia | C20: gl | D20: 1 | E20: 525234 | F20: =+E20*D20 -> 525234 | I20: 0 | K20: =+I20+J20 -> 0 | L20: =+F20*I20 -> 0 | M20: =+F20*J20 -> 0 | N20: =+F20*K20 -> 0
A21: 4.12 | B21: Provisión y amurado de tapas de inspección para tanque de reserva | C21: u | D21: 3 | E21: 237784 | F21: =+E21*D21 -> 713352 | I21: 0 | K21: =+I21+J21 -> 0 | L21: =+F21*I21 -> 0 | M21: =+F21*J21 -> 0 | N21: =+F21*K21 -> 0
A22: 4.13 | B22: Vigas de encadenado - Cuantía aprox. 60 kg/m3 | C22: ml | D22: 40 | E22: 98026 | F22: =+E22*D22 -> 3921040 | I22: 0 | K22: =+I22+J22 -> 0 | L22: =+F22*I22 -> 0 | M22: =+F22*J22 -> 0 | N22: =+F22*K22 -> 0
A23: 4.14 | B23: Amurado de bañera | C23: u | D23: 8 | E23: 177655 | F23: =+E23*D23 -> 1421240 | I23: 0 | K23: =+I23+J23 -> 0 | L23: =+F23*I23 -> 0 | M23: =+F23*J23 -> 0 | N23: =+F23*K23 -> 0
A24: 5 | B24: AISLACIONES | G24: =+SUM(F25:F31) -> 19239698 | H24: =+G24/$G$195 -> 0.022773044
A25: 5.01 | B25: Cajón hidrofugo | C25: ml | D25: 136 | E25: 6496 | F25: =+E25*D25 -> 883456 | I25: 0 | K25: =+I25+J25 -> 0 | L25: =+F25*I25 -> 0 | M25: =+F25*J25 -> 0 | N25: =+F25*K25 -> 0
A26: 5.02 | B26: Aislación hidrófuga horizontal (baños) - Inc. membrana geotextil y 35% en concepto de babetas | C26: m2 | D26: 77 | E26: 33270 | F26: =+E26*D26 -> 2561790 | I26: 0 | K26: =+I26+J26 -> 0 | L26: =+F26*I26 -> 0 | M26: =+F26*J26 -> 0 | N26: =+F26*K26 -> 0
A27: 5.03 | B27: Azotado hidrófugo - Contrapiso de PB | C27: m2 | D27: 107 | E27: 6496 | F27: =+E27*D27 -> 695072 | I27: 0 | K27: =+I27+J27 -> 0 | L27: =+F27*I27 -> 0 | M27: =+F27*J27 -> 0 | N27: =+F27*K27 -> 0
A28: 5.04 | B28: Aislación térmica en terrazas, eps e:2,00 cm | C28: m2 | D28: 186 | E28: 4832 | F28: =+E28*D28 -> 898752 | I28: 0 | K28: =+I28+J28 -> 0 | L28: =+F28*I28 -> 0 | M28: =+F28*J28 -> 0 | N28: =+F28*K28 -> 0
A29: 5.05 | B29: Barrera de vapor | C29: m2 | D29: 186 | E29: 4134 | F29: =+E29*D29 -> 768924 | I29: 0 | K29: =+I29+J29 -> 0 | L29: =+F29*I29 -> 0 | M29: =+F29*J29 -> 0 | N29: =+F29*K29 -> 0
A30: 5.06 | B30: Membrana asfáltica geotextil 4mm - Balcones y azotea - Inc. 20% en concepto de babetas | C30: m2 | D30: 390 | E30: 28187 | F30: =+E30*D30 -> 10992930 | I30: 0 | K30: =+I30+J30 -> 0 | L30: =+F30*I30 -> 0 | M30: =+F30*J30 -> 0 | N30: =+F30*K30 -> 0
A31: 5.07 | B31: Impermeabilización de tanque de reserva de HºAº | C31: gl | D31: 1 | E31: 2438774 | F31: =+E31*D31 -> 2438774 | I31: 0 | K31: =+I31+J31 -> 0 | L31: =+F31*I31 -> 0 | M31: =+F31*J31 -> 0 | N31: =+F31*K31 -> 0
A32: 6 | B32: CUBIERTAS | G32: =+SUM(F33) -> 1722875 | H32: =+G32/$G$195 -> 0.0020392788
A33: 6.02 | B33: Babeta de chapa galvanizada en medianeras | C33: ml | D33: 55 | E33: 31325 | F33: =+E33*D33 -> 1722875 | I33: 0 | K33: =+I33+J33 -> 0 | L33: =+F33*I33 -> 0 | M33: =+F33*J33 -> 0 | N33: =+F33*K33 -> 0
A34: 7 | B34: REVOQUES | G34: =+SUM(F35:F40) -> 92324467 | H34: =+G34/$G$195 -> 0.10927974
A35: 7.01 | B35: Revoque Grueso Impermeable Exterior | C35: m2 | D35: 879 | E35: 19943 | F35: =+E35*D35 -> 17529897 | I35: 0 | K35: =+I35+J35 -> 0 | L35: =+F35*I35 -> 0 | M35: =+F35*J35 -> 0 | N35: =+F35*K35 -> 0
A36: 7.02 | B36: Revoque Grueso Impermeable Exterior a mas de 3m - Medianero y fachadas | C36: m2 | D36: 716 | E36: 26767 | F36: =+E36*D36 -> 19165172 | I36: 0 | K36: =+I36+J36 -> 0 | L36: =+F36*I36 -> 0 | M36: =+F36*J36 -> 0 | N36: =+F36*K36 -> 0
A37: 7.03 | B37: Yeso interior | C37: m2 | D37: 1439 | E37: 22963 | F37: =+E37*D37 -> 33043757 | I37: 0 | K37: =+I37+J37 -> 0 | L37: =+F37*I37 -> 0 | M37: =+F37*J37 -> 0 | N37: =+F37*K37 -> 0
A38: 7.04 | B38: Arista en yeso | C38: ml | D38: 347 | E38: 16909 | F38: =+E38*D38 -> 5867423 | I38: 0 | K38: =+I38+J38 -> 0 | L38: =+F38*I38 -> 0 | M38: =+F38*J38 -> 0 | N38: =+F38*K38 -> 0
A39: 7.05 | B39: Provisión y colocación de guardacanto yesero | C39: un | D39: 132 | E39: 19384 | F39: =+E39*D39 -> 2558688 | I39: 0 | K39: =+I39+J39 -> 0 | L39: =+F39*I39 -> 0 | M39: =+F39*J39 -> 0 | N39: =+F39*K39 -> 0
A40: 7.06 | B40: Revoque Grueso Impermeable Interior b/ revestimiento | C40: m2 | D40: 710 | E40: 19943 | F40: =+E40*D40 -> 14159530 | I40: 0 | K40: =+I40+J40 -> 0 | L40: =+F40*I40 -> 0 | M40: =+F40*J40 -> 0 | N40: =+F40*K40 -> 0
A41: 8 | B41: CONTRAPISOS Y CARPETAS | G41: =+SUM(F42:F49) -> 49520833 | H41: =+G41/$G$195 -> 0.058615271
A42: 8.01 | B42: Contrapiso de Hº armado e: 18 cm, incluye malla Ø 6 mm y film 200 mic. | C42: m2 | D42: 107 | E42: 58580 | F42: =+E42*D42 -> 6268060 | I42: 0 | K42: =+I42+J42 -> 0 | L42: =+F42*I42 -> 0 | M42: =+F42*J42 -> 0 | N42: =+F42*K42 -> 0
A43: 8.02 | B43: Contrapiso de H13 subase bajo intertrabado y garden block | C43: m2 | D43: 258 | E43: 38729 | F43: =+E43*D43 -> 9992082 | I43: 0 | K43: =+I43+J43 -> 0 | L43: =+F43*I43 -> 0 | M43: =+F43*J43 -> 0 | N43: =+F43*K43 -> 0
A44: 8.03 | B44: Monolítico e: 6 cm | C44: m2 | D44: 425 | E44: 22943 | F44: =+E44*D44 -> 9750775 | I44: 0 | K44: =+I44+J44 -> 0 | L44: =+F44*I44 -> 0 | M44: =+F44*J44 -> 0 | N44: =+F44*K44 -> 0
A45: 8.04 | B45: Contrapiso alivianado en azoteas (RDC), e: 15 cm | C45: m2 | D45: 200 | E45: 40355 | F45: =+E45*D45 -> 8071000 | I45: 0 | K45: =+I45+J45 -> 0 | L45: =+F45*I45 -> 0 | M45: =+F45*J45 -> 0 | N45: =+F45*K45 -> 0
A46: 8.05 | B46: Contrapiso con piedra binder e: 4/5 cm - En locales húmedos (baños) | C46: m2 | D46: 77 | E46: 31515 | F46: =+E46*D46 -> 2426655 | I46: 0 | K46: =+I46+J46 -> 0 | L46: =+F46*I46 -> 0 | M46: =+F46*J46 -> 0 | N46: =+F46*K46 -> 0
A47: 8.06 | B47: Carpeta autonivelante e: 4/10 mm - En locales húmedos (baños) | C47: m2 | D47: 77 | E47: 19683 | F47: =+E47*D47 -> 1515591 | I47: 0 | K47: =+I47+J47 -> 0 | L47: =+F47*I47 -> 0 | M47: =+F47*J47 -> 0 | N47: =+F47*K47 -> 0
A48: 8.07 | B48: Carpeta a la cal reforzada | C48: m2 | D48: 442 | E48: 14335 | F48: =+E48*D48 -> 6336070 | I48: 0 | K48: =+I48+J48 -> 0 | L48: =+F48*I48 -> 0 | M48: =+F48*J48 -> 0 | N48: =+F48*K48 -> 0
A49: 8.08 | B49: Carpeta a la cal reforzada s/membrana | C49: m2 | D49: 360 | E49: 14335 | F49: =+E49*D49 -> 5160600 | I49: 0 | K49: =+I49+J49 -> 0 | L49: =+F49*I49 -> 0 | M49: =+F49*J49 -> 0 | N49: =+F49*K49 -> 0
A50: 9 | B50: ESCALERAS | G50: =+SUM(F51:F53) -> 4852846 | H50: =+G50/$G$195 -> 0.005744065
A51: 9.01 | B51: Provisión y ejecución de cemento alisado arrodillado, e: 3,00 cm, en alzada y pedad | C51: gl | D51: 1 | E51: 2109310 | F51: =+E51*D51 -> 2109310 | I51: 0 | K51: =+I51+J51 -> 0 | L51: =+F51*I51 -> 0 | M51: =+F51*J51 -> 0 | N51: =+F51*K51 -> 0
A52: 9.02 | B52: Provisión nariz escalera, hierro angulo 5/8 x 1/8" | C52: un | D52: 81 | E52: 28022 | F52: =+E52*D52 -> 2269782 | I52: 0 | K52: =+I52+J52 -> 0 | L52: =+F52*I52 -> 0 | M52: =+F52*J52 -> 0 | N52: =+F52*K52 -> 0
A53: 9.03 | B53: Ejecución de zócalo rampante de concreto h: 10 cm | C53: ml | D53: 46 | E53: 10299 | F53: =+E53*D53 -> 473754 | I53: 0 | K53: =+I53+J53 -> 0 | L53: =+F53*I53 -> 0 | M53: =+F53*J53 -> 0 | N53: =+F53*K53 -> 0
A54: 10 | B54: VENTILACIONES - PROVISION A CARGO DEL COMITENTE | G54: =+SUM(F55:F58) -> 4184652 | H54: =+G54/$G$195 -> 0.004953158
A55: 10.01 | B55: Montaje de conductos de ventilación de baños C27 - Provisión a cargo del comitente | C55: gl | D55: 1 | E55: 1844532 | F55: =+E55*D55 -> 1844532 | I55: 0 | K55: =+I55+J55 -> 0 | L55: =+F55*I55 -> 0 | M55: =+F55*J55 -> 0 | N55: =+F55*K55 -> 0
A56: 10.02 | B56: Montaje de conductos de ventilación de parrillas C27 - Provisión a cargo del comitente | C56: gl | D56: 1 | E56: 1214937 | F56: =+E56*D56 -> 1214937 | I56: 0 | K56: =+I56+J56 -> 0 | L56: =+F56*I56 -> 0 | M56: =+F56*J56 -> 0 | N56: =+F56*K56 -> 0
A57: 10.03 | B57: Montaje de campanas de parrillas C22 - Provisión a cargo del comitente | C57: gl | D57: 1 | E57: 539833 | F57: =+E57*D57 -> 539833 | I57: 0 | K57: =+I57+J57 -> 0 | L57: =+F57*I57 -> 0 | M57: =+F57*J57 -> 0 | N57: =+F57*K57 -> 0
A58: 10.04 | B58: Montaje de sombreretes en chapa prepintada C25 - Provisión a cargo del comitente | C58: u | D58: 10 | E58: 58535 | F58: =+E58*D58 -> 585350 | I58: 0 | K58: =+I58+J58 -> 0 | L58: =+F58*I58 -> 0 | M58: =+F58*J58 -> 0 | N58: =+F58*K58 -> 0
A59: 11 | B59: PISOS - PROVISION A CARGO DEL COMITENTE | G59: =+SUM(F60:F70) -> 31170783 | H59: =+G59/$G$195 -> 0.036895258
A60: 11.01 | B60: Provisión y ejecución de alisado de cemento a la llana metálica, e: 6,00 cm | C60: m2 | D60: 0 | E60: 0 | F60: =+E60*D60 -> 0 | I60: 0 | K60: =+I60+J60 -> 0 | L60: =+F60*I60 -> 0 | M60: =+F60*J60 -> 0 | N60: =+F60*K60 -> 0
A61: 11.02 | B61: Provisión y ejecución de cemento alisado arrodillado, e: 3,00 cm | C61: m2 | D61: 39 | E61: 19280 | F61: =+E61*D61 -> 751920 | I61: 0 | K61: =+I61+J61 -> 0 | L61: =+F61*I61 -> 0 | M61: =+F61*J61 -> 0 | N61: =+F61*K61 -> 0
A62: 11.03 | B62: Colocación de porcelanato a definir en sspacios comunes - Provisión a cargo del comitente | C62: m2 | D62: 48 | E62: 25362 | F62: =+E62*D62 -> 1217376 | I62: 0 | K62: =+I62+J62 -> 0 | L62: =+F62*I62 -> 0 | M62: =+F62*J62 -> 0 | N62: =+F62*K62 -> 0
A63: 11.04 | B63: Colocación de pavimento intertrabado de H°, incluye provisión y colocación de cama de arena + tomado de junta - Provisión a cargo del comitente | C63: m2 | D63: 174 | E63: 19164 | F63: =+E63*D63 -> 3334536 | I63: 0 | K63: =+I63+J63 -> 0 | L63: =+F63*I63 -> 0 | M63: =+F63*J63 -> 0 | N63: =+F63*K63 -> 0
A64: 11.05 | B64: Colocación de garden block, incluye provisión y colocación de cama de arena + tomado de junta - Provisión a cargo del comitente | C64: m2 | D64: 92 | E64: 19164 | F64: =+E64*D64 -> 1763088 | I64: 0 | K64: =+I64+J64 -> 0 | L64: =+F64*I64 -> 0 | M64: =+F64*J64 -> 0 | N64: =+F64*K64 -> 0
A65: 11.06 | B65: Provisión y colocación de relleno de piedra binder | C65: m2 | D65: 8 | E65: 14043 | F65: =+E65*D65 -> 112344 | I65: 0 | K65: =+I65+J65 -> 0 | L65: =+F65*I65 -> 0 | M65: =+F65*J65 -> 0 | N65: =+F65*K65 -> 0
A66: 11.07 | B66: Colocación de baldoson granítico vereda 40 x 40 - Provisión a cargo del comitente | C66: m2 | D66: 46 | E66: 26630 | F66: =+E66*D66 -> 1224980 | I66: 0 | K66: =+I66+J66 -> 0 | L66: =+F66*I66 -> 0 | M66: =+F66*J66 -> 0 | N66: =+F66*K66 -> 0
A67: 11.08 | B67: Colocación de porcelanato a definir Interior UF - Provisión a cargo del comitente | C67: m2 | D67: 562 | E67: 25362 | F67: =+E67*D67 -> 14253444 | I67: 0 | K67: =+I67+J67 -> 0 | L67: =+F67*I67 -> 0 | M67: =+F67*J67 -> 0 | N67: =+F67*K67 -> 0
A68: 11.09 | B68: Colocación de porcelanato a definir Baños - Provisión a cargo del comitente | C68: m2 | D68: 73 | E68: 30109 | F68: =+E68*D68 -> 2197957 | I68: 0 | K68: =+I68+J68 -> 0 | L68: =+F68*I68 -> 0 | M68: =+F68*J68 -> 0 | N68: =+F68*K68 -> 0
A69: 11.1 | B69: Colocación de porcelanato a definir Balcones - Provisión a cargo del comitente | C69: m2 | D69: 143 | E69: 25362 | F69: =+E69*D69 -> 3626766 | I69: 0 | K69: =+I69+J69 -> 0 | L69: =+F69*I69 -> 0 | M69: =+F69*J69 -> 0 | N69: =+F69*K69 -> 0
A70: 11.11 | B70: Colocación de porcelanato a definir Palier - Provisión a cargo del comitente | C70: m2 | D70: 106 | E70: 25362 | F70: =+E70*D70 -> 2688372 | I70: 0 | K70: =+I70+J70 -> 0 | L70: =+F70*I70 -> 0 | M70: =+F70*J70 -> 0 | N70: =+F70*K70 -> 0
A71: 12 | B71: ZOCALOS Y SOLIAS - PROVISION A CARGO DEL COMITENTE | G71: =+SUM(F72:F74) -> 8990052 | H71: =+G71/$G$195 -> 0.010641064
A72: =+A71+0.01 -> 12.01 | B72: Ejecución de zócalo de concreto h: 10 cm | C72: ml | D72: 19 | E72: 6496 | F72: =+E72*D72 -> 123424 | I72: 0 | K72: =+I72+J72 -> 0 | L72: =+F72*I72 -> 0 | M72: =+F72*J72 -> 0 | N72: =+F72*K72 -> 0
A73: 12.02 | B73: Provisión y colocación de zócalo de MDF prepintado color bco. h: 7cm | C73: ml | D73: 626 | E73: 9059 | F73: =+E73*D73 -> 5670934 | I73: 0 | K73: =+I73+J73 -> 0 | L73: =+F73*I73 -> 0 | M73: =+F73*J73 -> 0 | N73: =+F73*K73 -> 0
A74: 12.03 | B74: Colocación de zócalo de porcelanato - Provisión a cargo del comitente | C74: ml | D74: 386 | E74: 8279 | F74: =+E74*D74 -> 3195694 | I74: 0 | K74: =+I74+J74 -> 0 | L74: =+F74*I74 -> 0 | M74: =+F74*J74 -> 0 | N74: =+F74*K74 -> 0
A75: 13 | B75: REVESTIMIENTOS - PROVISION A CARGO DEL COMITENTE | G75: =+SUM(F76:F79) -> 14836279 | H75: =+G75/$G$195 -> 0.017560943
A76: 13.01 | B76: Colocación de porcelanato en baños - Provisión a cargo del comitente | C76: m2 | D76: 413 | E76: 30109 | F76: =+E76*D76 -> 12435017 | I76: 0 | K76: =+I76+J76 -> 0 | L76: =+F76*I76 -> 0 | M76: =+F76*J76 -> 0 | N76: =+F76*K76 -> 0
A77: 13.02 | B77: Colocación de revestimiento en cocinas - Provisión a cargo del comitente | C77: m2 | D77: 18 | E77: 30109 | F77: =+E77*D77 -> 541962 | I77: 0 | K77: =+I77+J77 -> 0 | L77: =+F77*I77 -> 0 | M77: =+F77*J77 -> 0 | N77: =+F77*K77 -> 0
A78: 13.03 | B78: Colocación de listones refractarios en parrillas - Provisión a cargo del comitente | C78: m2 | D78: 20 | E78: 92965 | F78: =+E78*D78 -> 1859300 | I78: 0 | K78: =+I78+J78 -> 0 | L78: =+F78*I78 -> 0 | M78: =+F78*J78 -> 0 | N78: =+F78*K78 -> 0
A79: 13.04 | B79: Revestimiento Simil madera - Cotizado en provisiones | C79: m2 | D79: 0 | E79: 0 | F79: =+E79*D79 -> 0 | I79: 0 | K79: =+I79+J79 -> 0 | L79: =+F79*I79 -> 0 | M79: =+F79*J79 -> 0 | N79: =+F79*K79 -> 0
A80: 14 | B80: CIELORRASOS | G80: =+SUM(F81:F87) -> 33813897 | H80: =+G80/$G$195 -> 0.040023776
A81: =+A80+0.01 -> 14.01 | B81: Aplicado de yeso | C81: m2 | D81: 460 | E81: 23624 | F81: =+E81*D81 -> 10867040 | I81: 0 | K81: =+I81+J81 -> 0 | L81: =+F81*I81 -> 0 | M81: =+F81*J81 -> 0 | N81: =+F81*K81 -> 0
A82: 14.02 | B82: Buña en yeso aplicado | C82: ml | D82: 434 | E82: 16659 | F82: =+E82*D82 -> 7230006 | I82: 0 | K82: =+I82+J82 -> 0 | L82: =+F82*I82 -> 0 | M82: =+F82*J82 -> 0 | N82: =+F82*K82 -> 0
A83: 14.03 | B83: Cielorraso suspendido en placa STD | C83: m2 | D83: 115 | E83: 35817 | F83: =+E83*D83 -> 4118955 | I83: 0 | K83: =+I83+J83 -> 0 | L83: =+F83*I83 -> 0 | M83: =+F83*J83 -> 0 | N83: =+F83*K83 -> 0
A84: 14.04 | B84: Cielorraso suspendido en placa RH | C84: m2 | D84: 89 | E84: 41132 | F84: =+E84*D84 -> 3660748 | I84: 0 | K84: =+I84+J84 -> 0 | L84: =+F84*I84 -> 0 | M84: =+F84*J84 -> 0 | N84: =+F84*K84 -> 0
A85: 14.05 | B85: Buña Z en cielorraso suspendido | C85: ml | D85: 530 | E85: 9274 | F85: =+E85*D85 -> 4915220 | I85: 0 | K85: =+I85+J85 -> 0 | L85: =+F85*I85 -> 0 | M85: =+F85*J85 -> 0 | N85: =+F85*K85 -> 0
A86: 14.06 | B86: Cantonera / Cajón | C86: ml | D86: 56 | E86: 9274 | F86: =+E86*D86 -> 519344 | I86: 0 | K86: =+I86+J86 -> 0 | L86: =+F86*I86 -> 0 | M86: =+F86*J86 -> 0 | N86: =+F86*K86 -> 0
A87: 14.07 | B87: Hormigon visto, maquillaje | C87: m2 | D87: 469 | E87: 5336 | F87: =+E87*D87 -> 2502584 | I87: 0 | K87: =+I87+J87 -> 0 | L87: =+F87*I87 -> 0 | M87: =+F87*J87 -> 0 | N87: =+F87*K87 -> 0
A88: 15 | B88: PINTURA | G88: =+SUM(F89:F100) -> 81675029 | H88: =+G88/$G$195 -> 0.096674544
A89: 15.01 | B89: Latex exterior mate en paredes, color bco., sin enduido, a mas de 3 m de altura - Medianeras | C89: m2 | D89: 739 | E89: 22075 | F89: =+E89*D89 -> 16313425 | I89: 0 | K89: =+I89+J89 -> 0 | L89: =+F89*I89 -> 0 | M89: =+F89*J89 -> 0 | N89: =+F89*K89 -> 0
A90: 15.02 | B90: Latex interior mate en paredes, color bco., con enduido parcial | C90: m2 | D90: 1439 | E90: 8883 | F90: =+E90*D90 -> 12782637 | I90: 0 | K90: =+I90+J90 -> 0 | L90: =+F90*I90 -> 0 | M90: =+F90*J90 -> 0 | N90: =+F90*K90 -> 0
A91: 15.03 | B91: Latex interior mate en paredes, color bco., con enduido completo | C91: m2 | D91: 462 | E91: 14295 | F91: =+E91*D91 -> 6604290 | I91: 0 | K91: =+I91+J91 -> 0 | L91: =+F91*I91 -> 0 | M91: =+F91*J91 -> 0 | N91: =+F91*K91 -> 0
A92: 15.04 | B92: Latex exterior acrílico en cielorraso, color a definir, sin enduido - Sector cocheras | C92: m2 | D92: 144 | E92: 7538 | F92: =+E92*D92 -> 1085472 | I92: 0 | K92: =+I92+J92 -> 0 | L92: =+F92*I92 -> 0 | M92: =+F92*J92 -> 0 | N92: =+F92*K92 -> 0
A93: 15.05 | B93: Latex interior mate en cielorraso, color bco., con enduido parcial | C93: m2 | D93: 460 | E93: 8883 | F93: =+E93*D93 -> 4086180 | I93: 0 | K93: =+I93+J93 -> 0 | L93: =+F93*I93 -> 0 | M93: =+F93*J93 -> 0 | N93: =+F93*K93 -> 0
A94: 15.06 | B94: Latex interior mate en cielorraso, color bco., con enduido completo | C94: m2 | D94: 204 | E94: 15750 | F94: =+E94*D94 -> 3213000 | I94: 0 | K94: =+I94+J94 -> 0 | L94: =+F94*I94 -> 0 | M94: =+F94*J94 -> 0 | N94: =+F94*K94 -> 0
A95: 15.07 | B95: Impermeabilizane de Hº, silicona transparente | C95: m2 | D95: 262 | E95: 17154 | F95: =+E95*D95 -> 4494348 | I95: 0 | K95: =+I95+J95 -> 0 | L95: =+F95*I95 -> 0 | M95: =+F95*J95 -> 0 | N95: =+F95*K95 -> 0
A96: 15.08 | B96: Revestimiento tipo Tarquini hasta 3 m de altura | C96: m2 | D96: 756 | E96: 26534 | F96: =+E96*D96 -> 20059704 | I96: 0 | K96: =+I96+J96 -> 0 | L96: =+F96*I96 -> 0 | M96: =+F96*J96 -> 0 | N96: =+F96*K96 -> 0
A97: 15.09 | B97: Revestimiento tipo Tarquini a mas de 3 m de altura | C97: m2 | D97: 56 | E97: 31737 | F97: =+E97*D97 -> 1777272 | I97: 0 | K97: =+I97+J97 -> 0 | L97: =+F97*I97 -> 0 | M97: =+F97*J97 -> 0 | N97: =+F97*K97 -> 0
A98: 15.1 | B98: Franjas división cocheras | C98: gl | D98: 1 | E98: 885031 | F98: =+E98*D98 -> 885031 | I98: 0 | K98: =+I98+J98 -> 0 | L98: =+F98*I98 -> 0 | M98: =+F98*J98 -> 0 | N98: =+F98*K98 -> 0
A99: 15.11 | B99: Esmalte sintetico en puertas color bco. - Puertas placa, de chapa y de ascensor | C99: un | D99: 73 | E99: 83386 | F99: =+E99*D99 -> 6087178 | I99: 0 | K99: =+I99+J99 -> 0 | L99: =+F99*I99 -> 0 | M99: =+F99*J99 -> 0 | N99: =+F99*K99 -> 0
A100: 15.12 | B100: Esmalte sintético convertidor antioxido color negro satinado en herrería - Barandas, herrerías, etc. | C100: gl | D100: 1 | E100: 4286492 | F100: =+E100*D100 -> 4286492 | I100: 0 | K100: =+I100+J100 -> 0 | L100: =+F100*I100 -> 0 | M100: =+F100*J100 -> 0 | N100: =+F100*K100 -> 0
A101: 16 | B101: MARMOLES Y GRANITOS - PROVISION A CARGO DEL COMITENTE | G101: =+SUM(F102) -> 0 | H101: =+G101/$G$195 -> 0
...

Sheet GDR 3760_Pto. 02_Cert. 10
F1: DÓLAR BNA | G1: DÓLAR MEP
F2: 1066.5 | G2: 1170
F4: 45667
B5: OBRA: EDIFICIO GDR 3760 | I5: Certificado | J5: 10 | N5: 46017
B6: PRESUPUESTO OBRA CIVIL
B7: PRESUPUESTO 02 - ALBANILERIA, INSTALACIONES Y TERMINACIONES | I7: Avance | L7: Importe
B8: Descripción | C8: U | D8: Cant | E8: P unit | F8: Subtotal | I8: Anterior | J8: Actual | K8: Acumulado | L8: Anterior | M8: Actual | N8: Acumulado
A9: 4 | B9: MAMPOSTERÍA | G9: =+SUM(F10:F23) -> 51045774 | H9: =+G9/$G$195 -> 0.060420265
A10: 4.01 | B10: Muro tipo 1 - Ladrillo hueco 8 x 18 x 33 | C10: m2 | D10: 621 | E10: 22140 | F10: =+E10*D10 -> 13748940 | I10: =+'GDR 3760_Pto. 02_Cert. 09)'!K10 -> 0.15 | J10: 0.44 | K10: =+I10+J10 -> 0.59 | L10: =+F10*I10 -> 2062341 | M10: =+F10*J10 -> 6049533.6 | N10: =+F10*K10 -> 8111874.6
A11: 4.02 | B11: Muro tipo 2 - Ladrillo hueco 12 x 18 x 33 | C11: m2 | D11: 780 | E11: 24437 | F11: =+E11*D11 -> 19060860 | I11: =+'GDR 3760_Pto. 02_Cert. 09)'!K11 -> 0.25 | J11: 0.26 | K11: =+I11+J11 -> 0.51 | L11: =+F11*I11 -> 4765215 | M11: =+F11*J11 -> 4955823.6 | N11: =+F11*K11 -> 9721038.6
A12: 4.03 | B12: Muro tipo 3 - Ladrillo comun en panderete | C12: m2 | D12: 56 | E12: 23248 | F12: =+E12*D12 -> 1301888 | I12: =+'GDR 3760_Pto. 02_Cert. 09)'!K12 -> 0 | J12: 0.5 | K12: =+I12+J12 -> 0.5 | L12: =+F12*I12 -> 0 | M12: =+F12*J12 -> 650944 | N12: =+F12*K12 -> 650944
A13: 4.04 | B13: Muro tipo 4 - Ladrillo hueco portante 12 x 18 x 33 | C13: m2 | D13: 42 | E13: 28746 | F13: =+E13*D13 -> 1207332 | I13: =+'GDR 3760_Pto. 02_Cert. 09)'!K13 -> 0 | J13: 0.1 | K13: =+I13+J13 -> 0.1 | L13: =+F13*I13 -> 0 | M13: =+F13*J13 -> 120733.2 | N13: =+F13*K13 -> 120733.2
A14: 4.05 | B14: Muro tipo 5 - Bloque HCCA e: 7,5 cm | C14: m2 | D14: 70 | E14: 36933 | F14: =+E14*D14 -> 2585310 | I14: =+'GDR 3760_Pto. 02_Cert. 09)'!K14 -> 0 | J14: 0.1 | K14: =+I14+J14 -> 0.1 | L14: =+F14*I14 -> 0 | M14: =+F14*J14 -> 258531 | N14: =+F14*K14 -> 258531
A15: 4.06 | B15: Muro tipo 6 - Ladrillo hueco 18 x 18 x 33 | C15: m2 | D15: 5 | E15: 28672 | F15: =+E15*D15 -> 143360 | I15: =+'GDR 3760_Pto. 02_Cert. 09)'!K15 -> 0 | J15: 0.1 | K15: =+I15+J15 -> 0.1 | L15: =+F15*I15 -> 0 | M15: =+F15*J15 -> 14336 | N15: =+F15*K15 -> 14336
A16: 4.07 | B16: Enchape de medianeras existentes - Contemplamos picado zonas sueltas y enchape con ladrillo comun para PB | C16: m2 | D16: 193 | E16: 18611 | F16: =+E16*D16 -> 3591923 | I16: =+'GDR 3760_Pto. 02_Cert. 09)'!K16 -> 0 | K16: =+I16+J16 -> 0 | L16: =+F16*I16 -> 0 | M16: =+F16*J16 -> 0 | N16: =+F16*K16 -> 0
A17: 4.08 | B17: Cordón de hormigón en umbrales carpinterías | C17: ml | D17: 61 | E17: 28578 | F17: =+E17*D17 -> 1743258 | I17: =+'GDR 3760_Pto. 02_Cert. 09)'!K17 -> 0 | K17: =+I17+J17 -> 0 | L17: =+F17*I17 -> 0 | M17: =+F17*J17 -> 0 | N17: =+F17*K17 -> 0
A18: 4.09 | B18: Banquina Sala tanque de bombeo | C18: gl | D18: 1 | E18: 280823 | F18: =+E18*D18 -> 280823 | I18: =+'GDR 3760_Pto. 02_Cert. 09)'!K18 -> 0 | K18: =+I18+J18 -> 0 | L18: =+F18*I18 -> 0 | M18: =+F18*J18 -> 0 | N18: =+F18*K18 -> 0
A19: 4.1 | B19: Banquina en parrillas | C19: gl | D19: 1 | E19: 801214 | F19: =+E19*D19 -> 801214 | I19: =+'GDR 3760_Pto. 02_Cert. 09)'!K19 -> 0 | K19: =+I19+J19 -> 0 | L19: =+F19*I19 -> 0 | M19: =+F19*J19 -> 0 | N19: =+F19*K19 -> 0
A20: 4.11 | B20: Excavación y amurado con Hº tanque de recuperación de agua de lluvia | C20: gl | D20: 1 | E20: 525234 | F20: =+E20*D20 -> 525234 | I20: =+'GDR 3760_Pto. 02_Cert. 09)'!K20 -> 0 | K20: =+I20+J20 -> 0 | L20: =+F20*I20 -> 0 | M20: =+F20*J20 -> 0 | N20: =+F20*K20 -> 0
A21: 4.12 | B21: Provisión y amurado de tapas de inspección para tanque de reserva | C21: u | D21: 3 | E21: 237784 | F21: =+E21*D21 -> 713352 | I21: =+'GDR 3760_Pto. 02_Cert. 09)'!K21 -> 0 | K21: =+I21+J21 -> 0 | L21: =+F21*I21 -> 0 | M21: =+F21*J21 -> 0 | N21: =+F21*K21 -> 0
A22: 4.13 | B22: Vigas de encadenado - Cuantía aprox. 60 kg/m3 | C22: ml | D22: 40 | E22: 98026 | F22: =+E22*D22 -> 3921040 | I22: =+'GDR 3760_Pto. 02_Cert. 09)'!K22 -> 0 | K22: =+I22+J22 -> 0 | L22: =+F22*I22 -> 0 | M22: =+F22*J22 -> 0 | N22: =+F22*K22 -> 0
A23: 4.14 | B23: Amurado de bañera | C23: u | D23: 8 | E23: 177655 | F23: =+E23*D23 -> 1421240 | I23: =+'GDR 3760_Pto. 02_Cert. 09)'!K23 -> 0 | K23: =+I23+J23 -> 0 | L23: =+F23*I23 -> 0 | M23: =+F23*J23 -> 0 | N23: =+F23*K23 -> 0
A24: 5 | B24: AISLACIONES | G24: =+SUM(F25:F31) -> 19239698 | H24: =+G24/$G$195 -> 0.022773044
A25: 5.01 | B25: Cajón hidrofugo | C25: ml | D25: 136 | E25: 6496 | F25: =+E25*D25 -> 883456 | I25: =+'GDR 3760_Pto. 02_Cert. 09)'!K25 -> 0 | K25: =+I25+J25 -> 0 | L25: =+F25*I25 -> 0 | M25: =+F25*J25 -> 0 | N25: =+F25*K25 -> 0
A26: 5.02 | B26: Aislación hidrófuga horizontal (baños) - Inc. membrana geotextil y 35% en concepto de babetas | C26: m2 | D26: 77 | E26: 33270 | F26: =+E26*D26 -> 2561790 | I26: =+'GDR 3760_Pto. 02_Cert. 09)'!K26 -> 0 | K26: =+I26+J26 -> 0 | L26: =+F26*I26 -> 0 | M26: =+F26*J26 -> 0 | N26: =+F26*K26 -> 0
A27: 5.03 | B27: Azotado hidrófugo - Contrapiso de PB | C27: m2 | D27: 107 | E27: 6496 | F27: =+E27*D27 -> 695072 | I27: =+'GDR 3760_Pto. 02_Cert. 09)'!K27 -> 0 | K27: =+I27+J27 -> 0 | L27: =+F27*I27 -> 0 | M27: =+F27*J27 -> 0 | N27: =+F27*K27 -> 0
A28: 5.04 | B28: Aislación térmica en terrazas, eps e:2,00 cm | C28: m2 | D28: 186 | E28: 4832 | F28: =+E28*D28 -> 898752 | I28: =+'GDR 3760_Pto. 02_Cert. 09)'!K28 -> 0 | K28: =+I28+J28 -> 0 | L28: =+F28*I28 -> 0 | M28: =+F28*J28 -> 0 | N28: =+F28*K28 -> 0
A29: 5.05 | B29: Barrera de vapor | C29: m2 | D29: 186 | E29: 4134 | F29: =+E29*D29 -> 768924 | I29: =+'GDR 3760_Pto. 02_Cert. 09)'!K29 -> 0 | K29: =+I29+J29 -> 0 | L29: =+F29*I29 -> 0 | M29: =+F29*J29 -> 0 | N29: =+F29*K29 -> 0
A30: 5.06 | B30: Membrana asfáltica geotextil 4mm - Balcones y azotea - Inc. 20% en concepto de babetas | C30: m2 | D30: 390 | E30: 28187 | F30: =+E30*D30 -> 10992930 | I30: =+'GDR 3760_Pto. 02_Cert. 09)'!K30 -> 0 | K30: =+I30+J30 -> 0 | L30: =+F30*I30 -> 0 | M30: =+F30*J30 -> 0 | N30: =+F30*K30 -> 0
A31: 5.07 | B31: Impermeabilización de tanque de reserva de HºAº | C31: gl | D31: 1 | E31: 2438774 | F31: =+E31*D31 -> 2438774 | I31: =+'GDR 3760_Pto. 02_Cert. 09)'!K31 -> 0 | K31: =+I31+J31 -> 0 | L31: =+F31*I31 -> 0 | M31: =+F31*J31 -> 0 | N31: =+F31*K31 -> 0
A32: 6 | B32: CUBIERTAS | G32: =+SUM(F33) -> 1722875 | H32: =+G32/$G$195 -> 0.0020392788
A33: 6.02 | B33: Babeta de chapa galvanizada en medianeras | C33: ml | D33: 55 | E33: 31325 | F33: =+E33*D33 -> 1722875 | I33: =+'GDR 3760_Pto. 02_Cert. 09)'!K33 -> 0 | K33: =+I33+J33 -> 0 | L33: =+F33*I33 -> 0 | M33: =+F33*J33 -> 0 | N33: =+F33*K33 -> 0
A34: 7 | B34: REVOQUES | G34: =+SUM(F35:F40) -> 92324467 | H34: =+G34/$G$195 -> 0.10927974
A35: 7.01 | B35: Revoque Grueso Impermeable Exterior | C35: m2 | D35: 879 | E35: 19943 | F35: =+E35*D35 -> 17529897 | I35: =+'GDR 3760_Pto. 02_Cert. 09)'!K35 -> 0 | K35: =+I35+J35 -> 0 | L35: =+F35*I35 -> 0 | M35: =+F35*J35 -> 0 | N35: =+F35*K35 -> 0
A36: 7.02 | B36: Revoque Grueso Impermeable Exterior a mas de 3m - Medianero y fachadas | C36: m2 | D36: 716 | E36: 26767 | F36: =+E36*D36 -> 19165172 | I36: =+'GDR 3760_Pto. 02_Cert. 09)'!K36 -> 0 | K36: =+I36+J36 -> 0 | L36: =+F36*I36 -> 0 | M36: =+F36*J36 -> 0 | N36: =+F36*K36 -> 0
A37: 7.03 | B37: Yeso interior | C37: m2 | D37: 1439 | E37: 22963 | F37: =+E37*D37 -> 33043757 | I37: =+'GDR 3760_Pto. 02_Cert. 09)'!K37 -> 0 | K37: =+I37+J37 -> 0 | L37: =+F37*I37 -> 0 | M37: =+F37*J37 -> 0 | N37: =+F37*K37 -> 0
A38: 7.04 | B38: Arista en yeso | C38: ml | D38: 347 | E38: 16909 | F38: =+E38*D38 -> 5867423 | I38: =+'GDR 3760_Pto. 02_Cert. 09)'!K38 -> 0 | K38: =+I38+J38 -> 0 | L38: =+F38*I38 -> 0 | M38: =+F38*J38 -> 0 | N38: =+F38*K38 -> 0
A39: 7.05 | B39: Provisión y colocación de guardacanto yesero | C39: un | D39: 132 | E39: 19384 | F39: =+E39*D39 -> 2558688 | I39: =+'GDR 3760_Pto. 02_Cert. 09)'!K39 -> 0 | K39: =+I39+J39 -> 0 | L39: =+F39*I39 -> 0 | M39: =+F39*J39 -> 0 | N39: =+F39*K39 -> 0
A40: 7.06 | B40: Revoque Grueso Impermeable Interior b/ revestimiento | C40: m2 | D40: 710 | E40: 19943 | F40: =+E40*D40 -> 14159530 | I40: =+'GDR 3760_Pto. 02_Cert. 09)'!K40 -> 0 | K40: =+I40+J40 -> 0 | L40: =+F40*I40 -> 0 | M40: =+F40*J40 -> 0 | N40: =+F40*K40 -> 0
A41: 8 | B41: CONTRAPISOS Y CARPETAS | G41: =+SUM(F42:F49) -> 49520833 | H41: =+G41/$G$195 -> 0.058615271
A42: 8.01 | B42: Contrapiso de Hº armado e: 18 cm, incluye malla Ø 6 mm y film 200 mic. | C42: m2 | D42: 107 | E42: 58580 | F42: =+E42*D42 -> 6268060 | I42: =+'GDR 3760_Pto. 02_Cert. 09)'!K42 -> 0 | K42: =+I42+J42 -> 0 | L42: =+F42*I42 -> 0 | M42: =+F42*J42 -> 0 | N42: =+F42*K42 -> 0
A43: 8.02 | B43: Contrapiso de H13 subase bajo intertrabado y garden block | C43: m2 | D43: 258 | E43: 38729 | F43: =+E43*D43 -> 9992082 | I43: =+'GDR 3760_Pto. 02_Cert. 09)'!K43 -> 0 | K43: =+I43+J43 -> 0 | L43: =+F43*I43 -> 0 | M43: =+F43*J43 -> 0 | N43: =+F43*K43 -> 0
A44: 8.03 | B44: Monolítico e: 6 cm | C44: m2 | D44: 425 | E44: 22943 | F44: =+E44*D44 -> 9750775 | I44: =+'GDR 3760_Pto. 02_Cert. 09)'!K44 -> 0 | K44: =+I44+J44 -> 0 | L44: =+F44*I44 -> 0 | M44: =+F44*J44 -> 0 | N44: =+F44*K44 -> 0
A45: 8.04 | B45: Contrapiso alivianado en azoteas (RDC), e: 15 cm | C45: m2 | D45: 200 | E45: 40355 | F45: =+E45*D45 -> 8071000 | I45: =+'GDR 3760_Pto. 02_Cert. 09)'!K45 -> 0 | K45: =+I45+J45 -> 0 | L45: =+F45*I45 -> 0 | M45: =+F45*J45 -> 0 | N45: =+F45*K45 -> 0
A46: 8.05 | B46: Contrapiso con piedra binder e: 4/5 cm - En locales húmedos (baños) | C46: m2 | D46: 77 | E46: 31515 | F46: =+E46*D46 -> 2426655 | I46: =+'GDR 3760_Pto. 02_Cert. 09)'!K46 -> 0 | K46: =+I46+J46 -> 0 | L46: =+F46*I46 -> 0 | M46: =+F46*J46 -> 0 | N46: =+F46*K46 -> 0
A47: 8.06 | B47: Carpeta autonivelante e: 4/10 mm - En locales húmedos (baños) | C47: m2 | D47: 77 | E47: 19683 | F47: =+E47*D47 -> 1515591 | I47: =+'GDR 3760_Pto. 02_Cert. 09)'!K47 -> 0 | K47: =+I47+J47 -> 0 | L47: =+F47*I47 -> 0 | M47: =+F47*J47 -> 0 | N47: =+F47*K47 -> 0
A48: 8.07 | B48: Carpeta a la cal reforzada | C48: m2 | D48: 442 | E48: 14335 | F48: =+E48*D48 -> 6336070 | I48: =+'GDR 3760_Pto. 02_Cert. 09)'!K48 -> 0 | K48: =+I48+J48 -> 0 | L48: =+F48*I48 -> 0 | M48: =+F48*J48 -> 0 | N48: =+F48*K48 -> 0
A49: 8.08 | B49: Carpeta a la cal reforzada s/membrana | C49: m2 | D49: 360 | E49: 14335 | F49: =+E49*D49 -> 5160600 | I49: =+'GDR 3760_Pto. 02_Cert. 09)'!K49 -> 0 | K49: =+I49+J49 -> 0 | L49: =+F49*I49 -> 0 | M49: =+F49*J49 -> 0 | N49: =+F49*K49 -> 0
A50: 9 | B50: ESCALERAS | G50: =+SUM(F51:F53) -> 4852846 | H50: =+G50/$G$195 -> 0.005744065
A51: 9.01 | B51: Provisión y ejecución de cemento alisado arrodillado, e: 3,00 cm, en alzada y pedad | C51: gl | D51: 1 | E51: 2109310 | F51: =+E51*D51 -> 2109310 | I51: =+'GDR 3760_Pto. 02_Cert. 09)'!K51 -> 0 | K51: =+I51+J51 -> 0 | L51: =+F51*I51 -> 0 | M51: =+F51*J51 -> 0 | N51: =+F51*K51 -> 0
A52: 9.02 | B52: Provisión nariz escalera, hierro angulo 5/8 x 1/8" | C52: un | D52: 81 | E52: 28022 | F52: =+E52*D52 -> 2269782 | I52: =+'GDR 3760_Pto. 02_Cert. 09)'!K52 -> 0 | K52: =+I52+J52 -> 0 | L52: =+F52*I52 -> 0 | M52: =+F52*J52 -> 0 | N52: =+F52*K52 -> 0
A53: 9.03 | B53: Ejecución de zócalo rampante de concreto h: 10 cm | C53: ml | D53: 46 | E53: 10299 | F53: =+E53*D53 -> 473754 | I53: =+'GDR 3760_Pto. 02_Cert. 09)'!K53 -> 0 | K53: =+I53+J53 -> 0 | L53: =+F53*I53 -> 0 | M53: =+F53*J53 -> 0 | N53: =+F53*K53 -> 0
A54: 10 | B54: VENTILACIONES - PROVISION A CARGO DEL COMITENTE | G54: =+SUM(F55:F58) -> 4184652 | H54: =+G54/$G$195 -> 0.004953158
A55: 10.01 | B55: Montaje de conductos de ventilación de baños C27 - Provisión a cargo del comitente | C55: gl | D55: 1 | E55: 1844532 | F55: =+E55*D55 -> 1844532 | I55: =+'GDR 3760_Pto. 02_Cert. 09)'!K55 -> 0 | K55: =+I55+J55 -> 0 | L55: =+F55*I55 -> 0 | M55: =+F55*J55 -> 0 | N55: =+F55*K55 -> 0
A56: 10.02 | B56: Montaje de conductos de ventilación de parrillas C27 - Provisión a cargo del comitente | C56: gl | D56: 1 | E56: 1214937 | F56: =+E56*D56 -> 1214937 | I56: =+'GDR 3760_Pto. 02_Cert. 09)'!K56 -> 0 | K56: =+I56+J56 -> 0 | L56: =+F56*I56 -> 0 | M56: =+F56*J56 -> 0 | N56: =+F56*K56 -> 0
A57: 10.03 | B57: Montaje de campanas de parrillas C22 - Provisión a cargo del comitente | C57: gl | D57: 1 | E57: 539833 | F57: =+E57*D57 -> 539833 | I57: =+'GDR 3760_Pto. 02_Cert. 09)'!K57 -> 0 | K57: =+I57+J57 -> 0 | L57: =+F57*I57 -> 0 | M57: =+F57*J57 -> 0 | N57: =+F57*K57 -> 0
A58: 10.04 | B58: Montaje de sombreretes en chapa prepintada C25 - Provisión a cargo del comitente | C58: u | D58: 10 | E58: 58535 | F58: =+E58*D58 -> 585350 | I58: =+'GDR 3760_Pto. 02_Cert. 09)'!K58 -> 0 | K58: =+I58+J58 -> 0 | L58: =+F58*I58 -> 0 | M58: =+F58*J58 -> 0 | N58: =+F58*K58 -> 0
