Workbook
Name \0: #REF!
Name \c: #REF!
Name \E: #REF!
Name \i: #REF!
Name \j: #REF!
Name \m: #REF!
Name \P: #REF!
Name \P: #REF!
Name \P: #REF!
Name \P: #REF!
Name \P: #REF!
Name \P: #REF!
Name \P: #REF!
Name \P: #REF!
Name \P: #REF!
Name \P: #REF!
Name \P: #REF!
Name \r: #N/A
Name \x: #REF!
Name \z: #REF!
Name __________ben1: #REF!
Name __________ben1: #REF!
Name __________ben1: #REF!
Name __________ben1: #REF!
Name __________ben1: #REF!
Name __________ben1: #REF!
Name __________ben1: #REF!
Name __________ben1: #REF!
Name __________ben1: #REF!
Name __________ben1: #REF!
Name __________ben1: #REF!
Name __________ben10: #REF!
Name __________ben10: #REF!
Name __________ben10: #REF!
Name __________ben10: #REF!
Name __________ben10: #REF!
Name __________ben10: #REF!
Name __________ben10: #REF!
Name __________ben10: #REF!
Name __________ben10: #REF!
Name __________ben10: #REF!
Name __________ben10: #REF!
Name __________ben15: #REF!
Name __________ben15: #REF!
Name __________ben15: #REF!
Name __________ben15: #REF!
Name __________ben15: #REF!
Name __________ben15: #REF!
Name __________ben15: #REF!
Name __________ben15: #REF!
Name __________ben15: #REF!
Name __________ben15: #REF!
Name __________ben15: #REF!
Name __________BEN2: #REF!
Name __________ben20: #REF!
Name __________ben20: #REF!
Name __________ben20: #REF!
Name __________ben20: #REF!
Name __________ben20: #REF!
Name __________ben20: #REF!

Sheet GDR 3760_Pto. 01_Cert. 01
F1: DÓLAR BNA | G1: DÓLAR MEP
F2: 1066.5 | G2: 1170
F4: 45667 | I4: Certificado | J4: 1 | N4: 45747
B5: OBRA: EDIFICIO GDR 3760
B6: PRESUPUESTO OBRA CIVIL 01 | I6: Avance | L6: Importe
B7: Descripción | C7: U | D7: Cant | E7: P unit | F7: Subtotal | I7: Anterior | J7: Actual | K7: Acumulado | L7: Anterior | M7: Actual | N7: Acumulado
A8: 1 | B8: TAREAS PRELIMINARES | G8: =SUM(F9:F17) -> 19888202 | H8: =+G8/$G$46 -> 0.039704323
A9: 1.01 | B9: Limpieza y preparación del terreno - No cotiza | C9: gl | D9: 1 | E9: 0 | F9: =+E9*D9 -> 0 | K9: =+I9+J9 -> 0 | L9: =+F9*I9 -> 0 | M9: =+F9*J9 -> 0 | N9: =+F9*K9 -> 0
A10: 1.02 | B10: Topógrafo - Visita de obra replanteo | C10: gl | D10: 3 | E10: 384981 | F10: =+E10*D10 -> 1154943 | J10: 0.33 | K10: =+I10+J10 -> 0.33 | L10: =+F10*I10 -> 0 | M10: =+F10*J10 -> 381131.19 | N10: =+F10*K10 -> 381131.19
A11: 1.03 | B11: Cartel de Obra - No cotiza | C11: gl | D11: 1 | E11: 0 | F11: =+E11*D11 -> 0 | K11: =+I11+J11 -> 0 | L11: =+F11*I11 -> 0 | M11: =+F11*J11 -> 0 | N11: =+F11*K11 -> 0
A12: 1.04 | B12: Cerco de obra perimetral - En chapa C25 + Concertina + Porton corredizo | C12: ml | D12: 10 | E12: 256997 | F12: =+E12*D12 -> 2569970 | K12: =+I12+J12 -> 0 | L12: =+F12*I12 -> 0 | M12: =+F12*J12 -> 0 | N12: =+F12*K12 -> 0
A13: 1.05 | B13: Obrador, pañol y ducha. | C13: gl | D13: 1 | E13: 9812332 | F13: =+E13*D13 -> 9812332 | J13: 0.7 | K13: =+I13+J13 -> 0.7 | L13: =+F13*I13 -> 0 | M13: =+F13*J13 -> 6868632.4 | N13: =+F13*K13 -> 6868632.4
A14: 1.06 | B14: Alquiler de baños quimicos y duchas portatiles | C14: mes | D14: 4 | E14: 442847 | F14: =+E14*D14 -> 1771388 | J14: 0.25 | K14: =+I14+J14 -> 0.25 | L14: =+F14*I14 -> 0 | M14: =+F14*J14 -> 442847 | N14: =+F14*K14 -> 442847
A15: 1.07 | B15: Conexión pilar y luz de obra + Tablero de obra | C15: gl | D15: 1 | E15: 2287982 | F15: =+E15*D15 -> 2287982 | J15: 0.5 | K15: =+I15+J15 -> 0.5 | L15: =+F15*I15 -> 0 | M15: =+F15*J15 -> 1143991 | N15: =+F15*K15 -> 1143991
A16: 1.08 | B16: Conexión agua de obra, tanque + bomba | C16: gl | D16: 1 | E16: 1808218 | F16: =+E16*D16 -> 1808218 | J16: 0.2 | K16: =+I16+J16 -> 0.2 | L16: =+F16*I16 -> 0 | M16: =+F16*J16 -> 361643.6 | N16: =+F16*K16 -> 361643.6
A17: 1.09 | B17: Tramite luz de obra, certificado luz de obra (2) y medición PAT | C17: gl | D17: 1 | E17: 483369 | F17: =+E17*D17 -> 483369 | J17: 0.6 | K17: =+I17+J17 -> 0.6 | L17: =+F17*I17 -> 0 | M17: =+F17*J17 -> 290021.4 | N17: =+F17*K17 -> 290021.4
A18: 2 | B18: MOVIMIENTO DE TIERRA, COMPACTACION Y RELLENO | G18: =SUM(F19:F23) -> 29649894 | H18: =+G18/$G$46 -> 0.059192328
A19: 2.01 | B19: Excavación a maquina para submuración, subsuelo y fundaciones | C19: m3 | D19: 308 | E19: 52801 | F19: =+E19*D19 -> 16262708 | J19: 0.35 | K19: =+I19+J19 -> 0.35 | L19: =+F19*I19 -> 0 | M19: =+F19*J19 -> 5691947.8 | N19: =+F19*K19 -> 5691947.8
A20: 2.02 | B20: Perfilado manual de bases. Relleno y compactación de pozos | C20: gl | D20: 1 | E20: 11624716 | F20: =+E20*D20 -> 11624716 | J20: 0.15 | K20: =+I20+J20 -> 0.15 | L20: =+F20*I20 -> 0 | M20: =+F20*J20 -> 1743707.4 | N20: =+F20*K20 -> 1743707.4
A21: 2.03 | B21: Excavación manual para vigas de fundación | C21: m3 | D21: 15 | E21: 117498 | F21: =+E21*D21 -> 1762470 | K21: =+I21+J21 -> 0 | L21: =+F21*I21 -> 0 | M21: =+F21*J21 -> 0 | N21: =+F21*K21 -> 0
A22: 2.04 | B22: Aporte y compactación de suelo seleccionado, e: 40 cm (2 capas de 20 cm) - Cotizado Hº Pobre en item 8,02 | C22: m2 | D22: 0 | E22: 28536 | F22: =+E22*D22 -> 0 | K22: =+I22+J22 -> 0 | L22: =+F22*I22 -> 0 | M22: =+F22*J22 -> 0 | N22: =+F22*K22 -> 0
A23: 2.05 | B23: Demolición de bases existentes - No cotiza | C23: gl | D23: 0 | E23: 0 | F23: =+E23*D23 -> 0 | K23: =+I23+J23 -> 0 | L23: =+F23*I23 -> 0 | M23: =+F23*J23 -> 0 | N23: =+F23*K23 -> 0
A24: 3 | B24: ESTRUCTURA RESISTENTE | G24: =SUM(F25:F45) -> 451369624 | H24: =+G24/$G$46 -> 0.90110335
A25: 3.01 | B25: Hormigón de limpieza - e: 10 cm | C25: m3 | D25: 13 | E25: 293139 | F25: =+E25*D25 -> 3810807 | K25: =+I25+J25 -> 0 | L25: =+F25*I25 -> 0 | M25: =+F25*J25 -> 0 | N25: =+F25*K25 -> 0
A26: 3.02 | B26: Pilotes de tracción Ø 20 cm - (120 kg/m3 de hierro) | C26: u | D26: 18 | E26: 460697 | F26: =+E26*D26 -> 8292546 | J26: 1 | K26: =+I26+J26 -> 1 | L26: =+F26*I26 -> 0 | M26: =+F26*J26 -> 8292546 | N26: =+F26*K26 -> 8292546
A27: 3.03 | B27: Tabique submuración - H35 (95 kg/m3 de hierro) | C27: m3 | D27: 12 | E27: 1027679 | F27: =+E27*D27 -> 12332148 | J27: 0.35 | K27: =+I27+J27 -> 0.35 | L27: =+F27*I27 -> 0 | M27: =+F27*J27 -> 4316251.8 | N27: =+F27*K27 -> 4316251.8
A28: 3.04 | B28: Zapata corrida tabique - H35 (120 kg/m3 de hierro) | C28: m3 | D28: 7 | E28: 960201 | F28: =+E28*D28 -> 6721407 | J28: 0.35 | K28: =+I28+J28 -> 0.35 | L28: =+F28*I28 -> 0 | M28: =+F28*J28 -> 2352492.4 | N28: =+F28*K28 -> 2352492.4
A29: 3.05 | B29: Platea - H35 (95 kg/m3 de hierro) | C29: m3 | D29: 38 | E29: 714274 | F29: =+E29*D29 -> 27142412 | K29: =+I29+J29 -> 0 | L29: =+F29*I29 -> 0 | M29: =+F29*J29 -> 0 | N29: =+F29*K29 -> 0
A30: 3.06 | B30: Bases aisladas - (60 kg/m3 de hierro) | C30: m3 | D30: 51 | E30: 634926 | F30: =+E30*D30 -> 32381226 | K30: =+I30+J30 -> 0 | L30: =+F30*I30 -> 0 | M30: =+F30*J30 -> 0 | N30: =+F30*K30 -> 0
A31: 3.07 | B31: Troncos de columnas - H35 (240 kg/m3 de hierro) | C31: m3 | D31: 16 | E31: 1289285 | F31: =+E31*D31 -> 20628560 | K31: =+I31+J31 -> 0 | L31: =+F31*I31 -> 0 | M31: =+F31*J31 -> 0 | N31: =+F31*K31 -> 0
A32: 3.08 | B32: Viga de encadenado - H35 (180 kg/m3 de hierro) | C32: m3 | D32: 7 | E32: 1096226 | F32: =+E32*D32 -> 7673582 | K32: =+I32+J32 -> 0 | L32: =+F32*I32 -> 0 | M32: =+F32*J32 -> 0 | N32: =+F32*K32 -> 0
A33: 3.09 | B33: Losa maciza - H35 (100 kg/m3 de hierro) | C33: m3 | D33: 90 | E33: 804023 | F33: =+E33*D33 -> 72362070 | K33: =+I33+J33 -> 0 | L33: =+F33*I33 -> 0 | M33: =+F33*J33 -> 0 | N33: =+F33*K33 -> 0
A34: 3.1 | B34: Losa maciza de Hº visto - H35 (100 kg/m3 de hierro) | C34: m3 | D34: 32 | E34: 888733 | F34: =+E34*D34 -> 28439456 | K34: =+I34+J34 -> 0 | L34: =+F34*I34 -> 0 | M34: =+F34*J34 -> 0 | N34: =+F34*K34 -> 0
A35: 3.11 | B35: Vigas - H35 (180 kg/m3 de hierro) | C35: m3 | D35: 46 | E35: 1494687 | F35: =+E35*D35 -> 68755602 | K35: =+I35+J35 -> 0 | L35: =+F35*I35 -> 0 | M35: =+F35*J35 -> 0 | N35: =+F35*K35 -> 0
A36: 3.12 | B36: Vigas de H° visto - H35 (180 kg/m3 de hierro) | C36: m3 | D36: 31 | E36: 1673385 | F36: =+E36*D36 -> 51874935 | K36: =+I36+J36 -> 0 | L36: =+F36*I36 -> 0 | M36: =+F36*J36 -> 0 | N36: =+F36*K36 -> 0
A37: 3.13 | B37: Tabiques - H35 (100 kg/m3 de hierro) | C37: m3 | D37: 24 | E37: 1039014 | F37: =+E37*D37 -> 24936336 | K37: =+I37+J37 -> 0 | L37: =+F37*I37 -> 0 | M37: =+F37*J37 -> 0 | N37: =+F37*K37 -> 0
A38: 3.14 | B38: Columna - H35 (180 Kg/m3 de hierro) | C38: m3 | D38: 39 | E38: 1153260 | F38: =+E38*D38 -> 44977140 | K38: =+I38+J38 -> 0 | L38: =+F38*I38 -> 0 | M38: =+F38*J38 -> 0 | N38: =+F38*K38 -> 0
A39: 3.16 | B39: Columna vista- H35 (180 Kg/m3 de hierro) | C39: m3 | D39: 4 | E39: 1254164 | F39: =+E39*D39 -> 5016656 | K39: =+I39+J39 -> 0 | L39: =+F39*I39 -> 0 | M39: =+F39*J39 -> 0 | N39: =+F39*K39 -> 0
A40: 3.17 | B40: Escaleras de Hº visto - H35 (105 kg/m3 de hierro) | C40: m3 | D40: 10 | E40: 1111535 | F40: =+E40*D40 -> 11115350 | K40: =+I40+J40 -> 0 | L40: =+F40*I40 -> 0 | M40: =+F40*J40 -> 0 | N40: =+F40*K40 -> 0
... A44: 3.21 | B44: Permiso de estacionamiento de bomba de hormigón a contramano | C44: gl | D44: 3 | E44: 68289 | F44: =+E44*D44 -> 204867 | K44: =+I44+J44 -> 0 | L44: =+F44*I44 -> 0 | M44: =+F44*J44 -> 0 | N44: =+F44*K44 -> 0
A45: 3.22 | B45: Picado de medianeras para columnas y vigas - Cotizado para PB y 1P | C45: m2 | D45: 78 | E45: 33658 | F45: =+E45*D45 -> 2625324 | J45: 0.3 | K45: =+I45+J45 -> 0.3 | L45: =+F45*I45 -> 0 | M45: =+F45*J45 -> 787597.2 | N45: =+F45*K45 -> 787597.2
B46: SUB TOTAL OBRA GRIS | F46: =SUM(F8:F45) -> 500907720 | G46: =SUM(G8:G45) -> 500907720 | H46: =+G46/$G$46 -> 1 | L46: =+SUM(L8:L45) -> 0 | M46: =+SUM(M8:M45) -> 32672809 | N46: =+SUM(N8:N45) -> 32672809
M47: =M46/G46 -> 0.065227202
B50: RESUMEN CERTIFICADO | K50: CERT. N° | L50: =+J4 -> 1 | N50: =+N4 -> 45747
B51: Descripción | M51: % | N51: IMPORTE
A52: A | B52: Presupuesto aprobado | N52: =+G46 -> 500907720
A53: B | B53: Anticipo | M53: 0.4 | N53: =+M53*N52 -> 200363088
A54: C | B54: Certificado actual | N54: =+M46 -> 32672809
A55: D | B55: Desacopio | M55: =-M53 -> -0.4 | N55: =+M55*N54 -> -13069124
A56: E | B56: Subtotal certificacion actual completa (SIN IVA) | I56: Base 12-2024 | J56: Act. 02-2025 | N56: =+N54+N55 -> 19603686
A57: F | B57: Actualizacion CAC | I57: 15356.4 | J57: 15852.4 | L57: =J57/I57 -> 1.0322992 | M57: =L57-1 -> 0.032299237 | N57: =N56*M57 -> 633184.08
A58: G | B58: Subtotal certificacion con actualización (SIN IVA) | N58: =N56+N57 -> 20236870

Sheet GDR 3760_Pto. 01_Cert. 02
F1: DÓLAR BNA | G1: DÓLAR MEP
F2: 1066.5 | G2: 1170
F4: 45667 | I4: Certificado | J4: 2 | N4: 45777
B5: OBRA: EDIFICIO GDR 3760
B6: PRESUPUESTO OBRA CIVIL 01 | I6: Avance | L6: Importe
B7: Descripción | C7: U | D7: Cant | E7: P unit | F7: Subtotal | I7: Anterior | J7: Actual | K7: Acumulado | L7: Anterior | M7: Actual | N7: Acumulado
A8: 1 | B8: TAREAS PRELIMINARES | G8: =SUM(F9:F17) -> 19888202 | H8: =+G8/$G$46 -> 0.039704323
A9: 1.01 | B9: Limpieza y preparación del terreno - No cotiza | C9: gl | D9: 1 | E9: 0 | F9: =+E9*D9 -> 0 | I9: ='GDR 3760_Pto. 01_Cert. 01'!K9 -> 0 | K9: =+I9+J9 -> 0 | L9: =+F9*I9 -> 0 | M9: =+F9*J9 -> 0 | N9: =+F9*K9 -> 0
A10: 1.02 | B10: Topógrafo - Visita de obra replanteo | C10: gl | D10: 3 | E10: 384981 | F10: =+E10*D10 -> 1154943 | I10: ='GDR 3760_Pto. 01_Cert. 01'!K10 -> 0.33 | K10: =+I10+J10 -> 0.33 | L10: =+F10*I10 -> 381131.19 | M10: =+F10*J10 -> 0 | N10: =+F10*K10 -> 381131.19
A11: 1.03 | B11: Cartel de Obra - No cotiza | C11: gl | D11: 1 | E11: 0 | F11: =+E11*D11 -> 0 | I11: ='GDR 3760_Pto. 01_Cert. 01'!K11 -> 0 | K11: =+I11+J11 -> 0 | L11: =+F11*I11 -> 0 | M11: =+F11*J11 -> 0 | N11: =+F11*K11 -> 0
A12: 1.04 | B12: Cerco de obra perimetral - En chapa C25 + Concertina + Porton corredizo | C12: ml | D12: 10 | E12: 256997 | F12: =+E12*D12 -> 2569970 | I12: ='GDR 3760_Pto. 01_Cert. 01'!K12 -> 0 | K12: =+I12+J12 -> 0 | L12: =+F12*I12 -> 0 | M12: =+F12*J12 -> 0 | N12: =+F12*K12 -> 0
A13: 1.05 | B13: Obrador, pañol y ducha. | C13: gl | D13: 1 | E13: 9812332 | F13: =+E13*D13 -> 9812332 | I13: ='GDR 3760_Pto. 01_Cert. 01'!K13 -> 0.7 | K13: =+I13+J13 -> 0.7 | L13: =+F13*I13 -> 6868632.4 | M13: =+F13*J13 -> 0 | N13: =+F13*K13 -> 6868632.4
A14: 1.06 | B14: Alquiler de baños quimicos y duchas portatiles | C14: mes | D14: 4 | E14: 442847 | F14: =+E14*D14 -> 1771388 | I14: ='GDR 3760_Pto. 01_Cert. 01'!K14 -> 0.25 | J14: 0.2 | K14: =+I14+J14 -> 0.45 | L14: =+F14*I14 -> 442847 | M14: =+F14*J14 -> 354277.6 | N14: =+F14*K14 -> 797124.6
A15: 1.07 | B15: Conexión pilar y luz de obra + Tablero de obra | C15: gl | D15: 1 | E15: 2287982 | F15: =+E15*D15 -> 2287982 | I15: ='GDR 3760_Pto. 01_Cert. 01'!K15 -> 0.5 | K15: =+I15+J15 -> 0.5 | L15: =+F15*I15 -> 1143991 | M15: =+F15*J15 -> 0 | N15: =+F15*K15 -> 1143991
A16: 1.08 | B16: Conexión agua de obra, tanque + bomba | C16: gl | D16: 1 | E16: 1808218 | F16: =+E16*D16 -> 1808218 | I16: ='GDR 3760_Pto. 01_Cert. 01'!K16 -> 0.2 | K16: =+I16+J16 -> 0.2 | L16: =+F16*I16 -> 361643.6 | M16: =+F16*J16 -> 0 | N16: =+F16*K16 -> 361643.6
A17: 1.09 | B17: Tramite luz de obra, certificado luz de obra (2) y medición PAT | C17: gl | D17: 1 | E17: 483369 | F17: =+E17*D17 -> 483369 | I17: ='GDR 3760_Pto. 01_Cert. 01'!K17 -> 0.6 | K17: =+I17+J17 -> 0.6 | L17: =+F17*I17 -> 290021.4 | M17: =+F17*J17 -> 0 | N17: =+F17*K17 -> 290021.4
A18: 2 | B18: MOVIMIENTO DE TIERRA, COMPACTACION Y RELLENO | G18: =SUM(F19:F23) -> 29649894 | H18: =+G18/$G$46 -> 0.059192328
A19: 2.01 | B19: Excavación a maquina para submuración, subsuelo y fundaciones | C19: m3 | D19: 308 | E19: 52801 | F19: =+E19*D19 -> 16262708 | I19: ='GDR 3760_Pto. 01_Cert. 01'!K19 -> 0.35 | J19: 0.15 | K19: =+I19+J19 -> 0.5 | L19: =+F19*I19 -> 5691947.8 | M19: =+F19*J19 -> 2439406.2 | N19: =+F19*K19 -> 8131354
A20: 2.02 | B20: Perfilado manual de bases. Relleno y compactación de pozos | C20: gl | D20: 1 | E20: 11624716 | F20: =+E20*D20 -> 11624716 | I20: ='GDR 3760_Pto. 01_Cert. 01'!K20 -> 0.15 | J20: 0.25 | K20: =+I20+J20 -> 0.4 | L20: =+F20*I20 -> 1743707.4 | M20: =+F20*J20 -> 2906179 | N20: =+F20*K20 -> 4649886.4
A21: 2.03 | B21: Excavación manual para vigas de fundación | C21: m3 | D21: 15 | E21: 117498 | F21: =+E21*D21 -> 1762470 | I21: ='GDR 3760_Pto. 01_Cert. 01'!K21 -> 0 | K21: =+I21+J21 -> 0 | L21: =+F21*I21 -> 0 | M21: =+F21*J21 -> 0 | N21: =+F21*K21 -> 0
A22: 2.04 | B22: Aporte y compactación de suelo seleccionado, e: 40 cm (2 capas de 20 cm) - Cotizado Hº Pobre en item 8,02 | C22: m2 | D22: 0 | E22: 28536 | F22: =+E22*D22 -> 0 | I22: ='GDR 3760_Pto. 01_Cert. 01'!K22 -> 0 | K22: =+I22+J22 -> 0 | L22: =+F22*I22 -> 0 | M22: =+F22*J22 -> 0 | N22: =+F22*K22 -> 0
A23: 2.05 | B23: Demolición de bases existentes - No cotiza | C23: gl | D23: 0 | E23: 0 | F23: =+E23*D23 -> 0 | I23: ='GDR 3760_Pto. 01_Cert. 01'!K23 -> 0 | K23: =+I23+J23 -> 0 | L23: =+F23*I23 -> 0 | M23: =+F23*J23 -> 0 | N23: =+F23*K23 -> 0
A24: 3 | B24: ESTRUCTURA RESISTENTE | G24: =SUM(F25:F45) -> 451369624 | H24: =+G24/$G$46 -> 0.90110335
A25: 3.01 | B25: Hormigón de limpieza - e: 10 cm | C25: m3 | D25: 13 | E25: 293139 | F25: =+E25*D25 -> 3810807 | I25: ='GDR 3760_Pto. 01_Cert. 01'!K25 -> 0 | J25: 0.33 | K25: =+I25+J25 -> 0.33 | L25: =+F25*I25 -> 0 | M25: =+F25*J25 -> 1257566.3 | N25: =+F25*K25 -> 1257566.3
A26: 3.02 | B26: Pilotes de tracción Ø 20 cm - (120 kg/m3 de hierro) | C26: u | D26: 18 | E26: 460697 | F26: =+E26*D26 -> 8292546 | I26: ='GDR 3760_Pto. 01_Cert. 01'!K26 -> 1 | K26: =+I26+J26 -> 1 | L26: =+F26*I26 -> 8292546 | M26: =+F26*J26 -> 0 | N26: =+F26*K26 -> 8292546
A27: 3.03 | B27: Tabique submuración - H35 (95 kg/m3 de hierro) | C27: m3 | D27: 12 | E27: 1027679 | F27: =+E27*D27 -> 12332148 | I27: ='GDR 3760_Pto. 01_Cert. 01'!K27 -> 0.35 | J27: 0.15 | K27: =+I27+J27 -> 0.5 | L27: =+F27*I27 -> 4316251.8 | M27: =+F27*J27 -> 1849822.2 | N27: =+F27*K27 -> 6166074
A28: 3.04 | B28: Zapata corrida tabique - H35 (120 kg/m3 de hierro) | C28: m3 | D28: 7 | E28: 960201 | F28: =+E28*D28 -> 6721407 | I28: ='GDR 3760_Pto. 01_Cert. 01'!K28 -> 0.35 | J28: 0.15 | K28: =+I28+J28 -> 0.5 | L28: =+F28*I28 -> 2352492.4 | M28: =+F28*J28 -> 1008211 | N28: =+F28*K28 -> 3360703.5
A29: 3.05 | B29: Platea - H35 (95 kg/m3 de hierro) | C29: m3 | D29: 38 | E29: 714274 | F29: =+E29*D29 -> 27142412 | I29: ='GDR 3760_Pto. 01_Cert. 01'!K29 -> 0 | K29: =+I29+J29 -> 0 | L29: =+F29*I29 -> 0 | M29: =+F29*J29 -> 0 | N29: =+F29*K29 -> 0
A30: 3.06 | B30: Bases aisladas - (60 kg/m3 de hierro) | C30: m3 | D30: 51 | E30: 634926 | F30: =+E30*D30 -> 32381226 | I30: ='GDR 3760_Pto. 01_Cert. 01'!K30 -> 0 | J30: 0.33 | K30: =+I30+J30 -> 0.33 | L30: =+F30*I30 -> 0 | M30: =+F30*J30 -> 10685805 | N30: =+F30*K30 -> 10685805
A31: 3.07 | B31: Troncos de columnas - H35 (240 kg/m3 de hierro) | C31: m3 | D31: 16 | E31: 1289285 | F31: =+E31*D31 -> 20628560 | I31: ='GDR 3760_Pto. 01_Cert. 01'!K31 -> 0 | J31: 0.3 | K31: =+I31+J31 -> 0.3 | L31: =+F31*I31 -> 0 | M31: =+F31*J31 -> 6188568 | N31: =+F31*K31 -> 6188568
A32: 3.08 | B32: Viga de encadenado - H35 (180 kg/m3 de hierro) | C32: m3 | D32: 7 | E32: 1096226 | F32: =+E32*D32 -> 7673582 | I32: ='GDR 3760_Pto. 01_Cert. 01'!K32 -> 0 | K32: =+I32+J32 -> 0 | L32: =+F32*I32 -> 0 | M32: =+F32*J32 -> 0 | N32: =+F32*K32 -> 0
A33: 3.09 | B33: Losa maciza - H35 (100 kg/m3 de hierro) | C33: m3 | D33: 90 | E33: 804023 | F33: =+E33*D33 -> 72362070 | I33: ='GDR 3760_Pto. 01_Cert. 01'!K33 -> 0 | K33: =+I33+J33 -> 0 | L33: =+F33*I33 -> 0 | M33: =+F33*J33 -> 0 | N33: =+F33*K33 -> 0
A34: 3.1 | B34: Losa maciza de Hº visto - H35 (100 kg/m3 de hierro) | C34: m3 | D34: 32 | E34: 888733 | F34: =+E34*D34 -> 28439456 | I34: ='GDR 3760_Pto. 01_Cert. 01'!K34 -> 0 | K34: =+I34+J34 -> 0 | L34: =+F34*I34 -> 0 | M34: =+F34*J34 -> 0 | N34: =+F34*K34 -> 0
A35: 3.11 | B35: Vigas - H35 (180 kg/m3 de hierro) | C35: m3 | D35: 46 | E35: 1494687 | F35: =+E35*D35 -> 68755602 | I35: ='GDR 3760_Pto. 01_Cert. 01'!K35 -> 0 | K35: =+I35+J35 -> 0 | L35: =+F35*I35 -> 0 | M35: =+F35*J35 -> 0 | N35: =+F35*K35 -> 0
A36: 3.12 | B36: Vigas de H° visto - H35 (180 kg/m3 de hierro) | C36: m3 | D36: 31 | E36: 1673385 | F36: =+E36*D36 -> 51874935 | I36: ='GDR 3760_Pto. 01_Cert. 01'!K36 -> 0 | K36: =+I36+J36 -> 0 | L36: =+F36*I36 -> 0 | M36: =+F36*J36 -> 0 | N36: =+F36*K36 -> 0
A37: 3.13 | B37: Tabiques - H35 (100 kg/m3 de hierro) | C37: m3 | D37: 24 | E37: 1039014 | F37: =+E37*D37 -> 24936336 | I37: ='GDR 3760_Pto. 01_Cert. 01'!K37 -> 0 | K37: =+I37+J37 -> 0 | L37: =+F37*I37 -> 0 | M37: =+F37*J37 -> 0 | N37: =+F37*K37 -> 0
A38: 3.14 | B38: Columna - H35 (180 Kg/m3 de hierro) | C38: m3 | D38: 39 | E38: 1153260 | F38: =+E38*D38 -> 44977140 | I38: ='GDR 3760_Pto. 01_Cert. 01'!K38 -> 0 | K38: =+I38+J38 -> 0 | L38: =+F38*I38 -> 0 | M38: =+F38*J38 -> 0 | N38: =+F38*K38 -> 0
A39: 3.16 | B39: Columna vista- H35 (180 Kg/m3 de hierro) | C39: m3 | D39: 4 | E39: 1254164 | F39: =+E39*D39 -> 5016656 | I39: ='GDR 3760_Pto. 01_Cert. 01'!K39 -> 0 | K39: =+I39+J39 -> 0 | L39: =+F39*I39 -> 0 | M39: =+F39*J39 -> 0 | N39: =+F39*K39 -> 0
A40: 3.17 | B40: Escaleras de Hº visto - H35 (105 kg/m3 de hierro) | C40: m3 | D40: 10 | E40: 1111535 | F40: =+E40*D40 -> 11115350 | I40: ='GDR 3760_Pto. 01_Cert. 01'!K40 -> 0 | K40: =+I40+J40 -> 0 | L40: =+F40*I40 -> 0 | M40: =+F40*J40 -> 0 | N40: =+F40*K40 -> 0
A41: 3.18 | B41: Tanques de HºAº - H35 (100 kg/m3 de hierro) - Tanque de reserva | C41: m3 | D41: 6 | E41: 1039014 | F41: =+E41*D41 -> 6234084 | I41: ='GDR 3760_Pto. 01_Cert. 01'!K41 -> 0 | K41: =+I41+J41 -> 0 | L41: =+F41*I41 -> 0 | M41: =+F41*J41 -> 0 | N41: =+F41*K41 -> 0
A42: 3.19 | B42: Sistema de apuntalamiento y reapuntalamiento | C42: gl | D42: 1 | E42: 11272951 | F42: =+E42*D42 -> 11272951 | I42: ='GDR 3760_Pto. 01_Cert. 01'!K42 -> 0 | K42: =+I42+J42 -> 0 | L42: =+F42*I42 -> 0 | M42: =+F42*J42 -> 0 | N42: =+F42*K42 -> 0
A43: 3.2 | B43: Ensayos de hormigon por etapas de hormigonado | C43: u | D43: 15 | E43: 304811 | F43: =+E43*D43 -> 4572165 | I43: ='GDR 3760_Pto. 01_Cert. 01'!K43 -> 0 | J43: 0.15 | K43: =+I43+J43 -> 0.15 | L43: =+F43*I43 -> 0 | M43: =+F43*J43 -> 685824.75 | N43: =+F43*K43 -> 685824.75
A44: 3.21 | B44: Permiso de estacionamiento de bomba de hormigón a contramano | C44: gl | D44: 3 | E44: 68289 | F44: =+E44*D44 -> 204867 | I44: ='GDR 3760_Pto. 01_Cert. 01'!K44 -> 0 | J44: 0.33 | K44: =+I44+J44 -> 0.33 | L44: =+F44*I44 -> 0 | M44: =+F44*J44 -> 67606.11 | N44: =+F44*K44 -> 67606.11
A45: 3.22 | B45: Picado de medianeras para columnas y vigas - Cotizado para PB y 1P | C45: m2 | D45: 78 | E45: 33658 | F45: =+E45*D45 -> 2625324 | I45: ='GDR 3760_Pto. 01_Cert. 01'!K45 -> 0.3 | K45: =+I45+J45 -> 0.3 | L45: =+F45*I45 -> 787597.2 | M45: =+F45*J45 -> 0 | N45: =+F45*K45 -> 787597.2
B46: SUB TOTAL OBRA GRIS | F46: =SUM(F8:F45) -> 500907720 | G46: =SUM(G8:G45) -> 500907720 | H46: =+G46/$G$46 -> 1 | L46: =+SUM(L8:L45) -> 32672809 | M46: =+SUM(M8:M45) -> 27443266 | N46: =+SUM(N8:N45) -> 60116075
M47: =M46/G46 -> 0.054787069
B50: RESUMEN CERTIFICADO | K50: CERT. N° | L50: =+J4 -> 2 | N50: =+N4 -> 45777
B51: Descripción | M51: % | N51: IMPORTE
A52: A | B52: Presupuesto aprobado | N52: =+G46 -> 500907720
A53: B | B53: Anticipo | M53: 0.4 | N53: =+M53*N52 -> 200363088
A54: C | B54: Certificado actual | N54: =+M46 -> 27443266
A55: D | B55: Desacopio | M55: =-M53 -> -0.4 | N55: =+M55*N54 -> -10977306
A56: E | B56: Subtotal certificacion actual completa (SIN IVA) | I56: Base 12-2024 | J56: Act. 03-2025 | N56: =+N54+N55 -> 16465959
A57: F | B57: Actualizacion CAC | I57: 15356.4 | J57: 15995.4 | L57: =J57/I57 -> 1.0416113 | M57: =L57-1 -> 0.041611315 | N57: =N56*M57 -> 685170.23
A58: G | B58: Subtotal certificacion con actualización (SIN IVA) | N58: =N56+N57 -> 17151130

Sheet GDR 3760_Pto. 01_Cert. 03
F1: DÓLAR BNA | G1: DÓLAR MEP
F2: 1066.5 | G2: 1170
F4: 45667 | I4: Certificado | J4: 3 | N4: 45808
B5: OBRA: EDIFICIO GDR 3760
B6: PRESUPUESTO OBRA CIVIL 01 | I6: Avance | L6: Importe
B7: Descripción | C7: U | D7: Cant | E7: P unit | F7: Subtotal | I7: Anterior | J7: Actual | K7: Acumulado | L7: Anterior | M7: Actual | N7: Acumulado
A8: 1 | B8: TAREAS PRELIMINARES | G8: =SUM(F9:F17) -> 19888202 | H8: =+G8/$G$46 -> 0.039704323
A9: 1.01 | B9: Limpieza y preparación del terreno - No cotiza | C9: gl | D9: 1 | E9: 0 | F9: =+E9*D9 -> 0 | I9: 0 | K9: =+I9+J9 -> 0 | L9: =+F9*I9 -> 0 | M9: =+F9*J9 -> 0 | N9: =+F9*K9 -> 0
A10: 1.02 | B10: Topógrafo - Visita de obra replanteo | C10: gl | D10: 3 | E10: 384981 | F10: =+E10*D10 -> 1154943 | I10: 0.33 | K10: =+I10+J10 -> 0.33 | L10: =+F10*I10 -> 381131.19 | M10: =+F10*J10 -> 0 | N10: =+F10*K10 -> 381131.19
A11: 1.03 | B11: Cartel de Obra - No cotiza | C11: gl | D11: 1 | E11: 0 | F11: =+E11*D11 -> 0 | I11: 0 | K11: =+I11+J11 -> 0 | L11: =+F11*I11 -> 0 | M11: =+F11*J11 -> 0 | N11: =+F11*K11 -> 0
A12: 1.04 | B12: Cerco de obra perimetral - En chapa C25 + Concertina + Porton corredizo | C12: ml | D12: 10 | E12: 256997 | F12: =+E12*D12 -> 2569970 | I12: 0 | K12: =+I12+J12 -> 0 | L12: =+F12*I12 -> 0 | M12: =+F12*J12 -> 0 | N12: =+F12*K12 -> 0
A13: 1.05 | B13: Obrador, pañol y ducha. | C13: gl | D13: 1 | E13: 9812332 | F13: =+E13*D13 -> 9812332 | I13: 0.7 | K13: =+I13+J13 -> 0.7 | L13: =+F13*I13 -> 6868632.4 | M13: =+F13*J13 -> 0 | N13: =+F13*K13 -> 6868632.4
A14: 1.06 | B14: Alquiler de baños quimicos y duchas portatiles | C14: mes | D14: 4 | E14: 442847 | F14: =+E14*D14 -> 1771388 | I14: 0.45 | J14: 0.25 | K14: =+I14+J14 -> 0.7 | L14: =+F14*I14 -> 797124.6 | M14: =+F14*J14 -> 442847 | N14: =+F14*K14 -> 1239971.6
A15: 1.07 | B15: Conexión pilar y luz de obra + Tablero de obra | C15: gl | D15: 1 | E15: 2287982 | F15: =+E15*D15 -> 2287982 | I15: 0.5 | K15: =+I15+J15 -> 0.5 | L15: =+F15*I15 -> 1143991 | M15: =+F15*J15 -> 0 | N15: =+F15*K15 -> 1143991
A16: 1.08 | B16: Conexión agua de obra, tanque + bomba | C16: gl | D16: 1 | E16: 1808218 | F16: =+E16*D16 -> 1808218 | I16: 0.2 | K16: =+I16+J16 -> 0.2 | L16: =+F16*I16 -> 361643.6 | M16: =+F16*J16 -> 0 | N16: =+F16*K16 -> 361643.6
A17: 1.09 | B17: Tramite luz de obra, certificado luz de obra (2) y medición PAT | C17: gl | D17: 1 | E17: 483369 | F17: =+E17*D17 -> 483369 | I17: 0.6 | K17: =+I17+J17 -> 0.6 | L17: =+F17*I17 -> 290021.4 | M17: =+F17*J17 -> 0 | N17: =+F17*K17 -> 290021.4
A18: 2 | B18: MOVIMIENTO DE TIERRA, COMPACTACION Y RELLENO | G18: =SUM(F19:F23) -> 29649894 | H18: =+G18/$G$46 -> 0.059192328
A19: 2.01 | B19: Excavación a maquina para submuración, subsuelo y fundaciones | C19: m3 | D19: 308 | E19: 52801 | F19: =+E19*D19 -> 16262708 | I19: 0.5 | J19: 0.3 | K19: =+I19+J19 -> 0.8 | L19: =+F19*I19 -> 8131354 | M19: =+F19*J19 -> 4878812.4 | N19: =+F19*K19 -> 13010166
A20: 2.02 | B20: Perfilado manual de bases. Relleno y compactación de pozos | C20: gl | D20: 1 | E20: 11624716 | F20: =+E20*D20 -> 11624716 | I20: 0.4 | J20: 0.25 | K20: =+I20+J20 -> 0.65 | L20: =+F20*I20 -> 4649886.4 | M20: =+F20*J20 -> 2906179 | N20: =+F20*K20 -> 7556065.4
A21: 2.03 | B21: Excavación manual para vigas de fundación | C21: m3 | D21: 15 | E21: 117498 | F21: =+E21*D21 -> 1762470 | I21: 0 | J21: 0.3 | K21: =+I21+J21 -> 0.3 | L21: =+F21*I21 -> 0 | M21: =+F21*J21 -> 528741 | N21: =+F21*K21 -> 528741
A22: 2.04 | B22: Aporte y compactación de suelo seleccionado, e: 40 cm (2 capas de 20 cm) - Cotizado Hº Pobre en item 8,02 | C22: m2 | D22: 0 | E22: 28536 | F22: =+E22*D22 -> 0 | I22: 0 | K22: =+I22+J22 -> 0 | L22: =+F22*I22 -> 0 | M22: =+F22*J22 -> 0 | N22: =+F22*K22 -> 0
A23: 2.05 | B23: Demolición de bases existentes - No cotiza | C23: gl | D23: 0 | E23: 0 | F23: =+E23*D23 -> 0 | I23: 0 | K23: =+I23+J23 -> 0 | L23: =+F23*I23 -> 0 | M23: =+F23*J23 -> 0 | N23: =+F23*K23 -> 0
A24: 3 | B24: ESTRUCTURA RESISTENTE | G24: =SUM(F25:F45) -> 451369624 | H24: =+G24/$G$46 -> 0.90110335
A25: 3.01 | B25: Hormigón de limpieza - e: 10 cm | C25: m3 | D25: 13 | E25: 293139 | F25: =+E25*D25 -> 3810807 | I25: 0.33 | J25: 0.5 | K25: =+I25+J25 -> 0.83 | L25: =+F25*I25 -> 1257566.3 | M25: =+F25*J25 -> 1905403.5 | N25: =+F25*K25 -> 3162969.8
A26: 3.02 | B26: Pilotes de tracción Ø 20 cm - (120 kg/m3 de hierro) | C26: u | D26: 18 | E26: 460697 | F26: =+E26*D26 -> 8292546 | I26: 1 | K26: =+I26+J26 -> 1 | L26: =+F26*I26 -> 8292546 | M26: =+F26*J26 -> 0 | N26: =+F26*K26 -> 8292546
A27: 3.03 | B27: Tabique submuración - H35 (95 kg/m3 de hierro) | C27: m3 | D27: 12 | E27: 1027679 | F27: =+E27*D27 -> 12332148 | I27: 0.5 | J27: 0.4 | K27: =+I27+J27 -> 0.9 | L27: =+F27*I27 -> 6166074 | M27: =+F27*J27 -> 4932859.2 | N27: =+F27*K27 -> 11098933
A28: 3.04 | B28: Zapata corrida tabique - H35 (120 kg/m3 de hierro) | C28: m3 | D28: 7 | E28: 960201 | F28: =+E28*D28 -> 6721407 | I28: 0.5 | J28: 0.4 | K28: =+I28+J28 -> 0.9 | L28: =+F28*I28 -> 3360703.5 | M28: =+F28*J28 -> 2688562.8 | N28: =+F28*K28 -> 6049266.3
A29: 3.05 | B29: Platea - H35 (95 kg/m3 de hierro) | C29: m3 | D29: 38 | E29: 714274 | F29: =+E29*D29 -> 27142412 | I29: 0 | J29: 1 | K29: =+I29+J29 -> 1 | L29: =+F29*I29 -> 0 | M29: =+F29*J29 -> 27142412 | N29: =+F29*K29 -> 27142412
A30: 3.06 | B30: Bases aisladas - (60 kg/m3 de hierro) | C30: m3 | D30: 51 | E30: 634926 | F30: =+E30*D30 -> 32381226 | I30: 0.33 | J30: 0.33 | K30: =+I30+J30 -> 0.66 | L30: =+F30*I30 -> 10685805 | M30: =+F30*J30 -> 10685805 | N30: =+F30*K30 -> 21371609
A31: 3.07 | B31: Troncos de columnas - H35 (240 kg/m3 de hierro) | C31: m3 | D31: 16 | E31: 1289285 | F31: =+E31*D31 -> 20628560 | I31: 0.3 | J31: 0.3 | K31: =+I31+J31 -> 0.6 | L31: =+F31*I31 -> 6188568 | M31: =+F31*J31 -> 6188568 | N31: =+F31*K31 -> 12377136
A32: 3.08 | B32: Viga de encadenado - H35 (180 kg/m3 de hierro) | C32: m3 | D32: 7 | E32: 1096226 | F32: =+E32*D32 -> 7673582 | I32: 0 | J32: 0.3 | K32: =+I32+J32 -> 0.3 | L32: =+F32*I32 -> 0 | M32: =+F32*J32 -> 2302074.6 | N32: =+F32*K32 -> 2302074.6
A33: 3.09 | B33: Losa maciza - H35 (100 kg/m3 de hierro) | C33: m3 | D33: 90 | E33: 804023 | F33: =+E33*D33 -> 72362070 | I33: 0 | K33: =+I33+J33 -> 0 | L33: =+F33*I33 -> 0 | M33: =+F33*J33 -> 0 | N33: =+F33*K33 -> 0
A34: 3.1 | B34: Losa maciza de Hº visto - H35 (100 kg/m3 de hierro) | C34: m3 | D34: 32 | E34: 888733 | F34: =+E34*D34 -> 28439456 | I34: 0 | K34: =+I34+J34 -> 0 | L34: =+F34*I34 -> 0 | M34: =+F34*J34 -> 0 | N34: =+F34*K34 -> 0
A35: 3.11 | B35: Vigas - H35 (180 kg/m3 de hierro) | C35: m3 | D35: 46 | E35: 1494687 | F35: =+E35*D35 -> 68755602 | I35: 0 | K35: =+I35+J35 -> 0 | L35: =+F35*I35 -> 0 | M35: =+F35*J35 -> 0 | N35: =+F35*K35 -> 0
A36: 3.12 | B36: Vigas de H° visto - H35 (180 kg/m3 de hierro) | C36: m3 | D36: 31 | E36: 1673385 | F36: =+E36*D36 -> 51874935 | I36: 0 | K36: =+I36+J36 -> 0 | L36: =+F36*I36 -> 0 | M36: =+F36*J36 -> 0 | N36: =+F36*K36 -> 0
A37: 3.13 | B37: Tabiques - H35 (100 kg/m3 de hierro) | C37: m3 | D37: 24 | E37: 1039014 | F37: =+E37*D37 -> 24936336 | I37: 0 | K37: =+I37+J37 -> 0 | L37: =+F37*I37 -> 0 | M37: =+F37*J37 -> 0 | N37: =+F37*K37 -> 0
A38: 3.14 | B38: Columna - H35 (180 Kg/m3 de hierro) | C38: m3 | D38: 39 | E38: 1153260 | F38: =+E38*D38 -> 44977140 | I38: 0 | K38: =+I38+J38 -> 0 | L38: =+F38*I38 -> 0 | M38: =+F38*J38 -> 0 | N38: =+F38*K38 -> 0
A39: 3.16 | B39: Columna vista- H35 (180 Kg/m3 de hierro) | C39: m3 | D39: 4 | E39: 1254164 | F39: =+E39*D39 -> 5016656 | I39: 0 | K39: =+I39+J39 -> 0 | L39: =+F39*I39 -> 0 | M39: =+F39*J39 -> 0 | N39: =+F39*K39 -> 0
A40: 3.17 | B40: Escaleras de Hº visto - H35 (105 kg/m3 de hierro) | C40: m3 | D40: 10 | E40: 1111535 | F40: =+E40*D40 -> 11115350 | I40: 0 | K40: =+I40+J40 -> 0 | L40: =+F40*I40 -> 0 | M40: =+F40*J40 -> 0 | N40: =+F40*K40 -> 0
A41: 3.18 | B41: Tanques de HºAº - H35 (100 kg/m3 de hierro) - Tanque de reserva | C41: m3 | D41: 6 | E41: 1039014 | F41: =+E41*D41 -> 6234084 | I41: 0 | K41: =+I41+J41 -> 0 | L41: =+F41*I41 -> 0 | M41: =+F41*J41 -> 0 | N41: =+F41*K41 -> 0
A42: 3.19 | B42: Sistema de apuntalamiento y reapuntalamiento | C42: gl | D42: 1 | E42: 11272951 | F42: =+E42*D42 -> 11272951 | I42: 0 | K42: =+I42+J42 -> 0 | L42: =+F42*I42 -> 0 | M42: =+F42*J42 -> 0 | N42: =+F42*K42 -> 0
A43: 3.2 | B43: Ensayos de hormigon por etapas de hormigonado | C43: u | D43: 15 | E43: 304811 | F43: =+E43*D43 -> 4572165 | I43: 0.15 | J43: 0.05 | K43: =+I43+J43 -> 0.2 | L43: =+F43*I43 -> 685824.75 | M43: =+F43*J43 -> 228608.25 | N43: =+F43*K43 -> 914433
A44: 3.21 | B44: Permiso de estacionamiento de bomba de hormigón a contramano | C44: gl | D44: 3 | E44: 68289 | F44: =+E44*D44 -> 204867 | I44: 0.33 | K44: =+I44+J44 -> 0.33 | L44: =+F44*I44 -> 67606.11 | M44: =+F44*J44 -> 0 | N44: =+F44*K44 -> 67606.11
A45: 3.22 | B45: Picado de medianeras para columnas y vigas - Cotizado para PB y 1P | C45: m2 | D45: 78 | E45: 33658 | F45: =+E45*D45 -> 2625324 | I45: 0.3 | K45: =+I45+J45 -> 0.3 | L45: =+F45*I45 -> 787597.2 | M45: =+F45*J45 -> 0 | N45: =+F45*K45 -> 787597.2
B46: SUB TOTAL OBRA GRIS | F46: =SUM(F8:F45) -> 500907720 | G46: =SUM(G8:G45) -> 500907720 | H46: =+G46/$G$46 -> 1 | L46: =+SUM(L8:L45) -> 60116075 | M46: =+SUM(M8:M45) -> 64830872 | N46: =+SUM(N8:N45) -> 1.2494695e+08
M47: =M46/G46 -> 0.12942678
B50: RESUMEN CERTIFICADO | K50: CERT. N° | L50: =+J4 -> 3 | N50: =+N4 -> 45808
B51: Descripción | M51: % | N51: IMPORTE
A52: A | B52: Presupuesto aprobado | N52: =+G46 -> 500907720
A53: B | B53: Anticipo | M53: 0.4 | N53: =+M53*N52 -> 200363088
A54: C | B54: Certificado actual | N54: =+M46 -> 64830872
A55: D | B55: Desacopio | M55: =-M53 -> -0.4 | N55: =+M55*N54 -> -25932349
A56: E | B56: Subtotal certificacion actual completa (SIN IVA) | I56: Base 12-2024 | J56: Act. 04-2025 | N56: =+N54+N55 -> 38898523
A57: F | B57: Actualizacion CAC | I57: 15356.4 | J57: 16253.5 | L57: =J57/I57 -> 1.0584186 | M57: =L57-1 -> 0.05841864 | N57: =N56*M57 -> 2272398.8
A58: G | B58: Subtotal certificacion con actualización (SIN IVA) | N58: =N56+N57 -> 41170922

Sheet GDR 3760_Pto. 01_Cert. 04
F1: DÓLAR BNA | G1: DÓLAR MEP
F2: 1066.5 | G2: 1170
F4: 45667 | I4: Certificado | J4: 4 | N4: 45838
B5: OBRA: EDIFICIO GDR 3760
B6: PRESUPUESTO OBRA CIVIL 01 | I6: Avance | L6: Importe
B7: Descripción | C7: U | D7: Cant | E7: P unit | F7: Subtotal | I7: Anterior | J7: Actual | K7: Acumulado | L7: Anterior | M7: Actual | N7: Acumulado
A8: 1 | B8: TAREAS PRELIMINARES | G8: =SUM(F9:F17) -> 19888202 | H8: =+G8/$G$46 -> 0.039704323
A9: 1.01 | B9: Limpieza y preparación del terreno - No cotiza | C9: gl | D9: 1 | E9: 0 | F9: =+E9*D9 -> 0 | I9: 0 | K9: =+I9+J9 -> 0 | L9: =+F9*I9 -> 0 | M9: =+F9*J9 -> 0 | N9: =+F9*K9 -> 0
A10: 1.02 | B10: Topógrafo - Visita de obra replanteo | C10: gl | D10: 3 | E10: 384981 | F10: =+E10*D10 -> 1154943 | I10: 0.33 | K10: =+I10+J10 -> 0.33 | L10: =+F10*I10 -> 381131.19 | M10: =+F10*J10 -> 0 | N10: =+F10*K10 -> 381131.19
A11: 1.03 | B11: Cartel de Obra - No cotiza | C11: gl | D11: 1 | E11: 0 | F11: =+E11*D11 -> 0 | I11: 0 | K11: =+I11+J11 -> 0 | L11: =+F11*I11 -> 0 | M11: =+F11*J11 -> 0 | N11: =+F11*K11 -> 0
A12: 1.04 | B12: Cerco de obra perimetral - En chapa C25 + Concertina + Porton corredizo | C12: ml | D12: 10 | E12: 256997 | F12: =+E12*D12 -> 2569970 | I12: 0 | K12: =+I12+J12 -> 0 | L12: =+F12*I12 -> 0 | M12: =+F12*J12 -> 0 | N12: =+F12*K12 -> 0
A13: 1.05 | B13: Obrador, pañol y ducha. | C13: gl | D13: 1 | E13: 9812332 | F13: =+E13*D13 -> 9812332 | I13: 0.7 | K13: =+I13+J13 -> 0.7 | L13: =+F13*I13 -> 6868632.4 | M13: =+F13*J13 -> 0 | N13: =+F13*K13 -> 6868632.4
A14: 1.06 | B14: Alquiler de baños quimicos y duchas portatiles | C14: mes | D14: 4 | E14: 442847 | F14: =+E14*D14 -> 1771388 | I14: 0.7 | J14: 0.2 | K14: =+I14+J14 -> 0.9 | L14: =+F14*I14 -> 1239971.6 | M14: =+F14*J14 -> 354277.6 | N14: =+F14*K14 -> 1594249.2
A15: 1.07 | B15: Conexión pilar y luz de obra + Tablero de obra | C15: gl | D15: 1 | E15: 2287982 | F15: =+E15*D15 -> 2287982 | I15: 0.5 | K15: =+I15+J15 -> 0.5 | L15: =+F15*I15 -> 1143991 | M15: =+F15*J15 -> 0 | N15: =+F15*K15 -> 1143991
A16: 1.08 | B16: Conexión agua de obra, tanque + bomba | C16: gl | D16: 1 | E16: 1808218 | F16: =+E16*D16 -> 1808218 | I16: 0.2 | K16: =+I16+J16 -> 0.2 | L16: =+F16*I16 -> 361643.6 | M16: =+F16*J16 -> 0 | N16: =+F16*K16 -> 361643.6
A17: 1.09 | B17: Tramite luz de obra, certificado luz de obra (2) y medición PAT | C17: gl | D17: 1 | E17: 483369 | F17: =+E17*D17 -> 483369 | I17: 0.6 | K17: =+I17+J17 -> 0.6 | L17: =+F17*I17 -> 290021.4 | M17: =+F17*J17 -> 0 | N17: =+F17*K17 -> 290021.4
A18: 2 | B18: MOVIMIENTO DE TIERRA, COMPACTACION Y RELLENO | G18: =SUM(F19:F23) -> 29649894 | H18: =+G18/$G$46 -> 0.059192328
A19: 2.01 | B19: Excavación a maquina para submuración, subsuelo y fundaciones | C19: m3 | D19: 308 | E19: 52801 | F19: =+E19*D19 -> 16262708 | I19: 0.8 | J19: 0.2 | K19: =+I19+J19 -> 1 | L19: =+F19*I19 -> 13010166 | M19: =+F19*J19 -> 3252541.6 | N19: =+F19*K19 -> 16262708
A20: 2.02 | B20: Perfilado manual de bases. Relleno y compactación de pozos | C20: gl | D20: 1 | E20: 11624716 | F20: =+E20*D20 -> 11624716 | I20: 0.65 | J20: 0.35 | K20: =+I20+J20 -> 1 | L20: =+F20*I20 -> 7556065.4 | M20: =+F20*J20 -> 4068650.6 | N20: =+F20*K20 -> 11624716
A21: 2.03 | B21: Excavación manual para vigas de fundación | C21: m3 | D21: 15 | E21: 117498 | F21: =+E21*D21 -> 1762470 | I21: 0.3 | J21: 0.4 | K21: =+I21+J21 -> 0.7 | L21: =+F21*I21 -> 528741 | M21: =+F21*J21 -> 704988 | N21: =+F21*K21 -> 1233729
A22: 2.04 | B22: Aporte y compactación de suelo seleccionado, e: 40 cm (2 capas de 20 cm) - Cotizado Hº Pobre en item 8,02 | C22: m2 | D22: 0 | E22: 28536 | F22: =+E22*D22 -> 0 | I22: 0 | K22: =+I22+J22 -> 0 | L22: =+F22*I22 -> 0 | M22: =+F22*J22 -> 0 | N22: =+F22*K22 -> 0
A23: 2.05 | B23: Demolición de bases existentes - No cotiza | C23: gl | D23: 0 | E23: 0 | F23: =+E23*D23 -> 0 | I23: 0 | K23: =+I23+J23 -> 0 | L23: =+F23*I23 -> 0 | M23: =+F23*J23 -> 0 | N23: =+F23*K23 -> 0
A24: 3 | B24: ESTRUCTURA RESISTENTE | G24: =SUM(F25:F45) -> 451369624 | H24: =+G24/$G$46 -> 0.90110335
A25: 3.01 | B25: Hormigón de limpieza - e: 10 cm | C25: m3 | D25: 13 | E25: 293139 | F25: =+E25*D25 -> 3810807 | I25: 0.83 | J25: 0.17 | K25: =+I25+J25 -> 1 | L25: =+F25*I25 -> 3162969.8 | M25: =+F25*J25 -> 647837.19 | N25: =+F25*K25 -> 3810807
A26: 3.02 | B26: Pilotes de tracción Ø 20 cm - (120 kg/m3 de hierro) | C26: u | D26: 18 | E26: 460697 | F26: =+E26*D26 -> 8292546 | I26: 1 | K26: =+I26+J26 -> 1 | L26: =+F26*I26 -> 8292546 | M26: =+F26*J26 -> 0 | N26: =+F26*K26 -> 8292546
A27: 3.03 | B27: Tabique submuración - H35 (95 kg/m3 de hierro) | C27: m3 | D27: 12 | E27: 1027679 | F27: =+E27*D27 -> 12332148 | I27: 0.9 | J27: 0.1 | K27: =+I27+J27 -> 1 | L27: =+F27*I27 -> 11098933 | M27: =+F27*J27 -> 1233214.8 | N27: =+F27*K27 -> 12332148
A28: 3.04 | B28: Zapata corrida tabique - H35 (120 kg/m3 de hierro) | C28: m3 | D28: 7 | E28: 960201 | F28: =+E28*D28 -> 6721407 | I28: 0.9 | J28: 0.1 | K28: =+I28+J28 -> 1 | L28: =+F28*I28 -> 6049266.3 | M28: =+F28*J28 -> 672140.7 | N28: =+F28*K28 -> 6721407
A29: 3.05 | B29: Platea - H35 (95 kg/m3 de hierro) | C29: m3 | D29: 38 | E29: 714274 | F29: =+E29*D29 -> 27142412 | I29: 1 | K29: =+I29+J29 -> 1 | L29: =+F29*I29 -> 27142412 | M29: =+F29*J29 -> 0 | N29: =+F29*K29 -> 27142412
A30: 3.06 | B30: Bases aisladas - (60 kg/m3 de hierro) | C30: m3 | D30: 51 | E30: 634926 | F30: =+E30*D30 -> 32381226 | I30: 0.66 | J30: 0.34 | K30: =+I30+J30 -> 1 | L30: =+F30*I30 -> 21371609 | M30: =+F30*J30 -> 11009617 | N30: =+F30*K30 -> 32381226
A31: 3.07 | B31: Troncos de columnas - H35 (240 kg/m3 de hierro) | C31: m3 | D31: 16 | E31: 1289285 | F31: =+E31*D31 -> 20628560 | I31: 0.6 | J31: 0.4 | K31: =+I31+J31 -> 1 | L31: =+F31*I31 -> 12377136 | M31: =+F31*J31 -> 8251424 | N31: =+F31*K31 -> 20628560
A32: 3.08 | B32: Viga de encadenado - H35 (180 kg/m3 de hierro) | C32: m3 | D32: 7 | E32: 1096226 | F32: =+E32*D32 -> 7673582 | I32: 0.3 | J32: 0.7 | K32: =+I32+J32 -> 1 | L32: =+F32*I32 -> 2302074.6 | M32: =+F32*J32 -> 5371507.4 | N32: =+F32*K32 -> 7673582
A33: 3.09 | B33: Losa maciza - H35 (100 kg/m3 de hierro) | C33: m3 | D33: 90 | E33: 804023 | F33: =+E33*D33 -> 72362070 | I33: 0 | K33: =+I33+J33 -> 0 | L33: =+F33*I33 -> 0 | M33: =+F33*J33 -> 0 | N33: =+F33*K33 -> 0
A34: 3.1 | B34: Losa maciza de Hº visto - H35 (100 kg/m3 de hierro) | C34: m3 | D34: 32 | E34: 888733 | F34: =+E34*D34 -> 28439456 | I34: 0 | K34: =+I34+J34 -> 0 | L34: =+F34*I34 -> 0 | M34: =+F34*J34 -> 0 | N34: =+F34*K34 -> 0
A35: 3.11 | B35: Vigas - H35 (180 kg/m3 de hierro) | C35: m3 | D35: 46 | E35: 1494687 | F35: =+E35*D35 -> 68755602 | I35: 0 | K35: =+I35+J35 -> 0 | L35: =+F35*I35 -> 0 | M35: =+F35*J35 -> 0 | N35: =+F35*K35 -> 0
A36: 3.12 | B36: Vigas de H° visto - H35 (180 kg/m3 de hierro) | C36: m3 | D36: 31 | E36: 1673385 | F36: =+E36*D36 -> 51874935 | I36: 0 | K36: =+I36+J36 -> 0 | L36: =+F36*I36 -> 0 | M36: =+F36*J36 -> 0 | N36: =+F36*K36 -> 0
A37: 3.13 | B37: Tabiques - H35 (100 kg/m3 de hierro) | C37: m3 | D37: 24 | E37: 1039014 | F37: =+E37*D37 -> 24936336 | I37: 0 | K37: =+I37+J37 -> 0 | L37: =+F37*I37 -> 0 | M37: =+F37*J37 -> 0 | N37: =+F37*K37 -> 0
A38: 3.14 | B38: Columna - H35 (180 Kg/m3 de hierro) | C38: m3 | D38: 39 | E38: 1153260 | F38: =+E38*D38 -> 44977140 | I38: 0 | K38: =+I38+J38 -> 0 | L38: =+F38*I38 -> 0 | M38: =+F38*J38 -> 0 | N38: =+F38*K38 -> 0
A39: 3.16 | B39: Columna vista- H35 (180 Kg/m3 de hierro) | C39: m3 | D39: 4 | E39: 1254164 | F39: =+E39*D39 -> 5016656 | I39: 0 | K39: =+I39+J39 -> 0 | L39: =+F39*I39 -> 0 | M39: =+F39*J39 -> 0 | N39: =+F39*K39 -> 0
A40: 3.17 | B40: Escaleras de Hº visto - H35 (105 kg/m3 de hierro) | C40: m3 | D40: 10 | E40: 1111535 | F40: =+E40*D40 -> 11115350 | I40: 0 | K40: =+I40+J40 -> 0 | L40: =+F40*I40 -> 0 | M40: =+F40*J40 -> 0 | N40: =+F40*K40 -> 0
A41: 3.18 | B41: Tanques de HºAº - H35 (100 kg/m3 de hierro) - Tanque de reserva | C41: m3 | D41: 6 | E41: 1039014 | F41: =+E41*D41 -> 6234084 | I41: 0 | K41: =+I41+J41 -> 0 | L41: =+F41*I41 -> 0 | M41: =+F41*J41 -> 0 | N41: =+F41*K41 -> 0
A42: 3.19 | B42: Sistema de apuntalamiento y reapuntalamiento | C42: gl | D42: 1 | E42: 11272951 | F42: =+E42*D42 -> 11272951 | I42: 0 | K42: =+I42+J42 -> 0 | L42: =+F42*I42 -> 0 | M42: =+F42*J42 -> 0 | N42: =+F42*K42 -> 0
A43: 3.2 | B43: Ensayos de hormigon por etapas de hormigonado | C43: u | D43: 15 | E43: 304811 | F43: =+E43*D43 -> 4572165 | I43: 0.2 | J43: 0.05 | K43: =+I43+J43 -> 0.25 | L43: =+F43*I43 -> 914433 | M43: =+F43*J43 -> 228608.25 | N43: =+F43*K43 -> 1143041.2
A44: 3.21 | B44: Permiso de estacionamiento de bomba de hormigón a contramano | C44: gl | D44: 3 | E44: 68289 | F44: =+E44*D44 -> 204867 | I44: 0.33 | K44: =+I44+J44 -> 0.33 | L44: =+F44*I44 -> 67606.11 | M44: =+F44*J44 -> 0 | N44: =+F44*K44 -> 67606.11
A45: 3.22 | B45: Picado de medianeras para columnas y vigas - Cotizado para PB y 1P | C45: m2 | D45: 78 | E45: 33658 | F45: =+E45*D45 -> 2625324 | I45: 0.3 | J45: 0.1 | K45: =+I45+J45 -> 0.4 | L45: =+F45*I45 -> 787597.2 | M45: =+F45*J45 -> 262532.4 | N45: =+F45*K45 -> 1050129.6
B46: SUB TOTAL OBRA GRIS | F46: =SUM(F8:F45) -> 500907720 | G46: =SUM(G8:G45) -> 500907720 | H46: =+G46/$G$46 -> 1 | L46: =+SUM(L8:L45) -> 1.2494695e+08 | M46: =+SUM(M8:M45) -> 36057339 | N46: =+SUM(N8:N45) -> 1.6100429e+08
M47: =M46/G46 -> 0.071983996
B50: RESUMEN CERTIFICADO | K50: CERT. N° | L50: =+J4 -> 4 | N50: =+N4 -> 45838
B51: Descripción | M51: % | N51: IMPORTE
A52: A | B52: Presupuesto aprobado | N52: =+G46 -> 500907720
A53: B | B53: Anticipo | M53: 0.4 | N53: =+M53*N52 -> 200363088
A54: C | B54: Certificado actual | N54: =+M46 -> 36057339
A55: D | B55: Desacopio | M55: =-M53 -> -0.4 | N55: =+M55*N54 -> -14422936
A56: E | B56: Subtotal certificacion actual completa (SIN IVA) | I56: Base 12-2024 | J56: Act. 05-2025 | N56: =+N54+N55 -> 21634404
A57: F | B57: Actualizacion CAC | I57: 15356.4 | J57: 16521.3 | L57: =J57/I57 -> 1.0758576 | M57: =L57-1 -> 0.075857623 | N57: =N56*M57 -> 1641134.4
A58: G | B58: Subtotal certificacion con actualización (SIN IVA) | N58: =N56+N57 -> 23275538

Sheet GDR 3760_Pto. 01_Cert. 05
F1: DÓLAR BNA | G1: DÓLAR MEP
F2: 1066.5 | G2: 1170
F4: 45667 | I4: Certificado | J4: 5 | N4: 45869
B5: OBRA: EDIFICIO GDR 3760
B6: PRESUPUESTO OBRA CIVIL 01 | I6: Avance | L6: Importe
B7: Descripción | C7: U | D7: Cant | E7: P unit | F7: Subtotal | I7: Anterior | J7: Actual | K7: Acumulado | L7: Anterior | M7: Actual | N7: Acumulado
A8: 1 | B8: TAREAS PRELIMINARES | G8: =SUM(F9:F17) -> 19888202 | H8: =+G8/$G$46 -> 0.039704323
A9: 1.01 | B9: Limpieza y preparación del terreno - No cotiza | C9: gl | D9: 1 | E9: 0 | F9: =+E9*D9 -> 0 | I9: 0 | K9: =+I9+J9 -> 0 | L9: =+F9*I9 -> 0 | M9: =+F9*J9 -> 0 | N9: =+F9*K9 -> 0
A10: 1.02 | B10: Topógrafo - Visita de obra replanteo | C10: gl | D10: 3 | E10: 384981 | F10: =+E10*D10 -> 1154943 | I10: 0.33 | K10: =+I10+J10 -> 0.33 | L10: =+F10*I10 -> 381131.19 | M10: =+F10*J10 -> 0 | N10: =+F10*K10 -> 381131.19
A11: 1.03 | B11: Cartel de Obra - No cotiza | C11: gl | D11: 1 | E11: 0 | F11: =+E11*D11 -> 0 | I11: 0 | K11: =+I11+J11 -> 0 | L11: =+F11*I11 -> 0 | M11: =+F11*J11 -> 0 | N11: =+F11*K11 -> 0
A12: 1.04 | B12: Cerco de obra perimetral - En chapa C25 + Concertina + Porton corredizo | C12: ml | D12: 10 | E12: 256997 | F12: =+E12*D12 -> 2569970 | I12: 0 | K12: =+I12+J12 -> 0 | L12: =+F12*I12 -> 0 | M12: =+F12*J12 -> 0 | N12: =+F12*K12 -> 0
A13: 1.05 | B13: Obrador, pañol y ducha. | C13: gl | D13: 1 | E13: 9812332 | F13: =+E13*D13 -> 9812332 | I13: 0.7 | K13: =+I13+J13 -> 0.7 | L13: =+F13*I13 -> 6868632.4 | M13: =+F13*J13 -> 0 | N13: =+F13*K13 -> 6868632.4
A14: 1.06 | B14: Alquiler de baños quimicos y duchas portatiles | C14: mes | D14: 4 | E14: 442847 | F14: =+E14*D14 -> 1771388 | I14: 0.9 | J14: 0.1 | K14: =+I14+J14 -> 1 | L14: =+F14*I14 -> 1594249.2 | M14: =+F14*J14 -> 177138.8 | N14: =+F14*K14 -> 1771388
A15: 1.07 | B15: Conexión pilar y luz de obra + Tablero de obra | C15: gl | D15: 1 | E15: 2287982 | F15: =+E15*D15 -> 2287982 | I15: 0.5 | J15: 0.3 | K15: =+I15+J15 -> 0.8 | L15: =+F15*I15 -> 1143991 | M15: =+F15*J15 -> 686394.6 | N15: =+F15*K15 -> 1830385.6
A16: 1.08 | B16: Conexión agua de obra, tanque + bomba | C16: gl | D16: 1 | E16: 1808218 | F16: =+E16*D16 -> 1808218 | I16: 0.2 | K16: =+I16+J16 -> 0.2 | L16: =+F16*I16 -> 361643.6 | M16: =+F16*J16 -> 0 | N16: =+F16*K16 -> 361643.6
A17: 1.09 | B17: Tramite luz de obra, certificado luz de obra (2) y medición PAT | C17: gl | D17: 1 | E17: 483369 | F17: =+E17*D17 -> 483369 | I17: 0.6 | J17: 0.1 | K17: =+I17+J17 -> 0.7 | L17: =+F17*I17 -> 290021.4 | M17: =+F17*J17 -> 48336.9 | N17: =+F17*K17 -> 338358.3
A18: 2 | B18: MOVIMIENTO DE TIERRA, COMPACTACION Y RELLENO | G18: =SUM(F19:F23) -> 29649894 | H18: =+G18/$G$46 -> 0.059192328
A19: 2.01 | B19: Excavación a maquina para submuración, subsuelo y fundaciones | C19: m3 | D19: 308 | E19: 52801 | F19: =+E19*D19 -> 16262708 | I19: 1 | K19: =+I19+J19 -> 1 | L19: =+F19*I19 -> 16262708 | M19: =+F19*J19 -> 0 | N19: =+F19*K19 -> 16262708
A20: 2.02 | B20: Perfilado manual de bases. Relleno y compactación de pozos | C20: gl | D20: 1 | E20: 11624716 | F20: =+E20*D20 -> 11624716 | I20: 1 | K20: =+I20+J20 -> 1 | L20: =+F20*I20 -> 11624716 | M20: =+F20*J20 -> 0 | N20: =+F20*K20 -> 11624716
A21: 2.03 | B21: Excavación manual para vigas de fundación | C21: m3 | D21: 15 | E21: 117498 | F21: =+E21*D21 -> 1762470 | I21: 0.7 | J21: 0.3 | K21: =+I21+J21 -> 1 | L21: =+F21*I21 -> 1233729 | M21: =+F21*J21 -> 528741 | N21: =+F21*K21 -> 1762470
A22: 2.04 | B22: Aporte y compactación de suelo seleccionado, e: 40 cm (2 capas de 20 cm) - Cotizado Hº Pobre en item 8,02 | C22: m2 | D22: 0 | E22: 28536 | F22: =+E22*D22 -> 0 | I22: 0 | K22: =+I22+J22 -> 0 | L22: =+F22*I22 -> 0 | M22: =+F22*J22 -> 0 | N22: =+F22*K22 -> 0
A23: 2.05 | B23: Demolición de bases existentes - No cotiza | C23: gl | D23: 0 | E23: 0 | F23: =+E23*D23 -> 0 | I23: 0 | K23: =+I23+J23 -> 0 | L23: =+F23*I23 -> 0 | M23: =+F23*J23 -> 0 | N23: =+F23*K23 -> 0
A24: 3 | B24: ESTRUCTURA RESISTENTE | G24: =SUM(F25:F45) -> 451369624 | H24: =+G24/$G$46 -> 0.90110335
A25: 3.01 | B25: Hormigón de limpieza - e: 10 cm | C25: m3 | D25: 13 | E25: 293139 | F25: =+E25*D25 -> 3810807 | I25: 1 | K25: =+I25+J25 -> 1 | L25: =+F25*I25 -> 3810807 | M25: =+F25*J25 -> 0 | N25: =+F25*K25 -> 3810807
A26: 3.02 | B26: Pilotes de tracción Ø 20 cm - (120 kg/m3 de hierro) | C26: u | D26: 18 | E26: 460697 | F26: =+E26*D26 -> 8292546 | I26: 1 | K26: =+I26+J26 -> 1 | L26: =+F26*I26 -> 8292546 | M26: =+F26*J26 -> 0 | N26: =+F26*K26 -> 8292546
A27: 3.03 | B27: Tabique submuración - H35 (95 kg/m3 de hierro) | C27: m3 | D27: 12 | E27: 1027679 | F27: =+E27*D27 -> 12332148 | I27: 1 | K27: =+I27+J27 -> 1 | L27: =+F27*I27 -> 12332148 | M27: =+F27*J27 -> 0 | N27: =+F27*K27 -> 12332148
A28: 3.04 | B28: Zapata corrida tabique - H35 (120 kg/m3 de hierro) | C28: m3 | D28: 7 | E28: 960201 | F28: =+E28*D28 -> 6721407 | I28: 1 | K28: =+I28+J28 -> 1 | L28: =+F28*I28 -> 6721407 | M28: =+F28*J28 -> 0 | N28: =+F28*K28 -> 6721407
A29: 3.05 | B29: Platea - H35 (95 kg/m3 de hierro) | C29: m3 | D29: 38 | E29: 714274 | F29: =+E29*D29 -> 27142412 | I29: 1 | K29: =+I29+J29 -> 1 | L29: =+F29*I29 -> 27142412 | M29: =+F29*J29 -> 0 | N29: =+F29*K29 -> 27142412
A30: 3.06 | B30: Bases aisladas - (60 kg/m3 de hierro) | C30: m3 | D30: 51 | E30: 634926 | F30: =+E30*D30 -> 32381226 | I30: 1 | K30: =+I30+J30 -> 1 | L30: =+F30*I30 -> 32381226 | M30: =+F30*J30 -> 0 | N30: =+F30*K30 -> 32381226
A31: 3.07 | B31: Troncos de columnas - H35 (240 kg/m3 de hierro) | C31: m3 | D31: 16 | E31: 1289285 | F31: =+E31*D31 -> 20628560 | I31: 1 | K31: =+I31+J31 -> 1 | L31: =+F31*I31 -> 20628560 | M31: =+F31*J31 -> 0 | N31: =+F31*K31 -> 20628560
A32: 3.08 | B32: Viga de encadenado - H35 (180 kg/m3 de hierro) | C32: m3 | D32: 7 | E32: 1096226 | F32: =+E32*D32 -> 7673582 | I32: 1 | K32: =+I32+J32 -> 1 | L32: =+F32*I32 -> 7673582 | M32: =+F32*J32 -> 0 | N32: =+F32*K32 -> 7673582
A33: 3.09 | B33: Losa maciza - H35 (100 kg/m3 de hierro) | C33: m3 | D33: 90 | E33: 804023 | F33: =+E33*D33 -> 72362070 | I33: 0 | J33: 0.1333 | K33: =+I33+J33 -> 0.1333 | L33: =+F33*I33 -> 0 | M33: =+F33*J33 -> 9645863.9 | N33: =+F33*K33 -> 9645863.9
A34: 3.1 | B34: Losa maciza de Hº visto - H35 (100 kg/m3 de hierro) | C34: m3 | D34: 32 | E34: 888733 | F34: =+E34*D34 -> 28439456 | I34: 0 | J34: 0.2328 | K34: =+I34+J34 -> 0.2328 | L34: =+F34*I34 -> 0 | M34: =+F34*J34 -> 6620705.4 | N34: =+F34*K34 -> 6620705.4
A35: 3.11 | B35: Vigas - H35 (180 kg/m3 de hierro) | C35: m3 | D35: 46 | E35: 1494687 | F35: =+E35*D35 -> 68755602 | I35: 0 | J35: 0.3744 | K35: =+I35+J35 -> 0.3744 | L35: =+F35*I35 -> 0 | M35: =+F35*J35 -> 25742097 | N35: =+F35*K35 -> 25742097
A36: 3.12 | B36: Vigas de H° visto - H35 (180 kg/m3 de hierro) | C36: m3 | D36: 31 | E36: 1673385 | F36: =+E36*D36 -> 51874935 | I36: 0 | J36: 0.5138 | K36: =+I36+J36 -> 0.5138 | L36: =+F36*I36 -> 0 | M36: =+F36*J36 -> 26653342 | N36: =+F36*K36 -> 26653342
A37: 3.13 | B37: Tabiques - H35 (100 kg/m3 de hierro) | C37: m3 | D37: 24 | E37: 1039014 | F37: =+E37*D37 -> 24936336 | I37: 0 | J37: 0.2629 | K37: =+I37+J37 -> 0.2629 | L37: =+F37*I37 -> 0 | M37: =+F37*J37 -> 6555762.7 | N37: =+F37*K37 -> 6555762.7
A38: 3.14 | B38: Columna - H35 (180 Kg/m3 de hierro) | C38: m3 | D38: 39 | E38: 1153260 | F38: =+E38*D38 -> 44977140 | I38: 0 | J38: 0.2672 | K38: =+I38+J38 -> 0.2672 | L38: =+F38*I38 -> 0 | M38: =+F38*J38 -> 12017892 | N38: =+F38*K38 -> 12017892
A39: 3.16 | B39: Columna vista- H35 (180 Kg/m3 de hierro) | C39: m3 | D39: 4 | E39: 1254164 | F39: =+E39*D39 -> 5016656 | I39: 0 | J39: 0.1925 | K39: =+I39+J39 -> 0.1925 | L39: =+F39*I39 -> 0 | M39: =+F39*J39 -> 965706.28 | N39: =+F39*K39 -> 965706.28
A40: 3.17 | B40: Escaleras de Hº visto - H35 (105 kg/m3 de hierro) | C40: m3 | D40: 10 | E40: 1111535 | F40: =+E40*D40 -> 11115350 | I40: 0 | K40: =+I40+J40 -> 0 | L40: =+F40*I40 -> 0 | M40: =+F40*J40 -> 0 | N40: =+F40*K40 -> 0
A41: 3.18 | B41: Tanques de HºAº - H35 (100 kg/m3 de hierro) - Tanque de reserva | C41: m3 | D41: 6 | E41: 1039014 | F41: =+E41*D41 -> 6234084 | I41: 0 | K41: =+I41+J41 -> 0 | L41: =+F41*I41 -> 0 | M41: =+F41*J41 -> 0 | N41: =+F41*K41 -> 0
A42: 3.19 | B42: Sistema de apuntalamiento y reapuntalamiento | C42: gl | D42: 1 | E42: 11272951 | F42: =+E42*D42 -> 11272951 | I42: 0 | J42: 0.2 | K42: =+I42+J42 -> 0.2 | L42: =+F42*I42 -> 0 | M42: =+F42*J42 -> 2254590.2 | N42: =+F42*K42 -> 2254590.2
A43: 3.2 | B43: Ensayos de hormigon por etapas de hormigonado | C43: u | D43: 15 | E43: 304811 | F43: =+E43*D43 -> 4572165 | I43: 0.25 | J43: 0.35 | K43: =+I43+J43 -> 0.6 | L43: =+F43*I43 -> 1143041.2 | M43: =+F43*J43 -> 1600257.8 | N43: =+F43*K43 -> 2743299
A44: 3.21 | B44: Permiso de estacionamiento de bomba de hormigón a contramano | C44: gl | D44: 3 | E44: 68289 | F44: =+E44*D44 -> 204867 | I44: 0.33 | J44: 0.33 | K44: =+I44+J44 -> 0.66 | L44: =+F44*I44 -> 67606.11 | M44: =+F44*J44 -> 67606.11 | N44: =+F44*K44 -> 135212.22
A45: 3.22 | B45: Picado de medianeras para columnas y vigas - Cotizado para PB y 1P | C45: m2 | D45: 78 | E45: 33658 | F45: =+E45*D45 -> 2625324 | I45: 0.4 | J45: 0.15 | K45: =+I45+J45 -> 0.55 | L45: =+F45*I45 -> 1050129.6 | M45: =+F45*J45 -> 393798.6 | N45: =+F45*K45 -> 1443928.2
B46: SUB TOTAL OBRA GRIS | F46: =SUM(F8:F45) -> 500907720 | G46: =SUM(G8:G45) -> 500907720 | H46: =+G46/$G$46 -> 1 | L46: =+SUM(L8:L45) -> 1.6100429e+08 | M46: =+SUM(M8:M45) -> 93958233 | N46: =+SUM(N8:N45) -> 2.5496252e+08
M47: =+M46/G46 -> 0.18757593 | N47: =+N46/G46 -> 0.50900098
B50: RESUMEN CERTIFICADO | K50: CERT. N° | L50: =+J4 -> 5 | N50: =+N4 -> 45869
B51: Descripción | M51: % | N51: IMPORTE
A52: A | B52: Presupuesto aprobado | N52: =+G46 -> 500907720
A53: B | B53: Anticipo | M53: 0.4 | N53: =+M53*N52 -> 200363088
A54: C | B54: Certificado actual | N54: =+M46 -> 93958233
A55: D | B55: Desacopio | M55: =-M53 -> -0.4 | N55: =+M55*N54 -> -37583293
A56: E | B56: Subtotal certificacion actual completa (SIN IVA) | I56: Base 12-2024 | J56: Act. 06-2025 | N56: =+N54+N55 -> 56374940
A57: F | B57: Actualizacion CAC | I57: 15356.4 | J57: 16643.4 | L57: =J57/I57 -> 1.0838087 | M57: =L57-1 -> 0.083808705 | N57: =N56*M57 -> 4724710.7
A58: G | B58: Subtotal certificacion con actualización (SIN IVA) | N58: =N56+N57 -> 61099651

Sheet GDR 3760_Pto. 01_Cert. 06
F1: DÓLAR BNA | G1: DÓLAR MEP
F2: 1066.5 | G2: 1170
F4: 45667 | I4: Certificado | J4: 6 | N4: 45900
B5: OBRA: EDIFICIO GDR 3760
B6: PRESUPUESTO OBRA CIVIL 01 | I6: Avance | L6: Importe
B7: Descripción | C7: U | D7: Cant | E7: P unit | F7: Subtotal | I7: Anterior | J7: Actual | K7: Acumulado | L7: Anterior | M7: Actual | N7: Acumulado
A8: 1 | B8: TAREAS PRELIMINARES | G8: =SUM(F9:F17) -> 19888202 | H8: =+G8/$G$46 -> 0.039704323
A9: 1.01 | B9: Limpieza y preparación del terreno - No cotiza | C9: gl | D9: 1 | E9: 0 | F9: =+E9*D9 -> 0 | I9: 0 | K9: =+I9+J9 -> 0 | L9: =+F9*I9 -> 0 | M9: =+F9*J9 -> 0 | N9: =+F9*K9 -> 0
A10: 1.02 | B10: Topógrafo - Visita de obra replanteo | C10: gl | D10: 3 | E10: 384981 | F10: =+E10*D10 -> 1154943 | I10: 0.33 | K10: =+I10+J10 -> 0.33 | L10: =+F10*I10 -> 381131.19 | M10: =+F10*J10 -> 0 | N10: =+F10*K10 -> 381131.19
A11: 1.03 | B11: Cartel de Obra - No cotiza | C11: gl | D11: 1 | E11: 0 | F11: =+E11*D11 -> 0 | I11: 0 | K11: =+I11+J11 -> 0 | L11: =+F11*I11 -> 0 | M11: =+F11*J11 -> 0 | N11: =+F11*K11 -> 0
A12: 1.04 | B12: Cerco de obra perimetral - En chapa C25 + Concertina + Porton corredizo | C12: ml | D12: 10 | E12: 256997 | F12: =+E12*D12 -> 2569970 | I12: 0 | K12: =+I12+J12 -> 0 | L12: =+F12*I12 -> 0 | M12: =+F12*J12 -> 0 | N12: =+F12*K12 -> 0
A13: 1.05 | B13: Obrador, pañol y ducha. | C13: gl | D13: 1 | E13: 9812332 | F13: =+E13*D13 -> 9812332 | I13: 0.7 | K13: =+I13+J13 -> 0.7 | L13: =+F13*I13 -> 6868632.4 | M13: =+F13*J13 -> 0 | N13: =+F13*K13 -> 6868632.4
A14: 1.06 | B14: Alquiler de baños quimicos y duchas portatiles | C14: mes | D14: 4 | E14: 442847 | F14: =+E14*D14 -> 1771388 | I14: 1 | K14: =+I14+J14 -> 1 | L14: =+F14*I14 -> 1771388 | M14: =+F14*J14 -> 0 | N14: =+F14*K14 -> 1771388
A15: 1.07 | B15: Conexión pilar y luz de obra + Tablero de obra | C15: gl | D15: 1 | E15: 2287982 | F15: =+E15*D15 -> 2287982 | I15: 0.8 | K15: =+I15+J15 -> 0.8 | L15: =+F15*I15 -> 1830385.6 | M15: =+F15*J15 -> 0 | N15: =+F15*K15 -> 1830385.6
A16: 1.08 | B16: Conexión agua de obra, tanque + bomba | C16: gl | D16: 1 | E16: 1808218 | F16: =+E16*D16 -> 1808218 | I16: 0.2 | K16: =+I16+J16 -> 0.2 | L16: =+F16*I16 -> 361643.6 | M16: =+F16*J16 -> 0 | N16: =+F16*K16 -> 361643.6
A17: 1.09 | B17: Tramite luz de obra, certificado luz de obra (2) y medición PAT | C17: gl | D17: 1 | E17: 483369 | F17: =+E17*D17 -> 483369 | I17: 0.7 | K17: =+I17+J17 -> 0.7 | L17: =+F17*I17 -> 338358.3 | M17: =+F17*J17 -> 0 | N17: =+F17*K17 -> 338358.3
A18: 2 | B18: MOVIMIENTO DE TIERRA, COMPACTACION Y RELLENO | G18: =SUM(F19:F23) -> 29649894 | H18: =+G18/$G$46 -> 0.059192328
A19: 2.01 | B19: Excavación a maquina para submuración, subsuelo y fundaciones | C19: m3 | D19: 308 | E19: 52801 | F19: =+E19*D19 -> 16262708 | I19: 1 | K19: =+I19+J19 -> 1 | L19: =+F19*I19 -> 16262708 | M19: =+F19*J19 -> 0 | N19: =+F19*K19 -> 16262708
A20: 2.02 | B20: Perfilado manual de bases. Relleno y compactación de pozos | C20: gl | D20: 1 | E20: 11624716 | F20: =+E20*D20 -> 11624716 | I20: 1 | K20: =+I20+J20 -> 1 | L20: =+F20*I20 -> 11624716 | M20: =+F20*J20 -> 0 | N20: =+F20*K20 -> 11624716
A21: 2.03 | B21: Excavación manual para vigas de fundación | C21: m3 | D21: 15 | E21: 117498 | F21: =+E21*D21 -> 1762470 | I21: 1 | K21: =+I21+J21 -> 1 | L21: =+F21*I21 -> 1762470 | M21: =+F21*J21 -> 0 | N21: =+F21*K21 -> 1762470
A22: 2.04 | B22: Aporte y compactación de suelo seleccionado, e: 40 cm (2 capas de 20 cm) - Cotizado Hº Pobre en item 8,02 | C22: m2 | D22: 0 | E22: 28536 | F22: =+E22*D22 -> 0 | I22: 0 | K22: =+I22+J22 -> 0 | L22: =+F22*I22 -> 0 | M22: =+F22*J22 -> 0 | N22: =+F22*K22 -> 0
A23: 2.05 | B23: Demolición de bases existentes - No cotiza | C23: gl | D23: 0 | E23: 0 | F23: =+E23*D23 -> 0 | I23: 0 | K23: =+I23+J23 -> 0 | L23: =+F23*I23 -> 0 | M23: =+F23*J23 -> 0 | N23: =+F23*K23 -> 0
A24: 3 | B24: ESTRUCTURA RESISTENTE | G24: =SUM(F25:F45) -> 451369624 | H24: =+G24/$G$46 -> 0.90110335
A25: 3.01 | B25: Hormigón de limpieza - e: 10 cm | C25: m3 | D25: 13 | E25: 293139 | F25: =+E25*D25 -> 3810807 | I25: 1 | K25: =+I25+J25 -> 1 | L25: =+F25*I25 -> 3810807 | M25: =+F25*J25 -> 0 | N25: =+F25*K25 -> 3810807
A26: 3.02 | B26: Pilotes de tracción Ø 20 cm - (120 kg/m3 de hierro) | C26: u | D26: 18 | E26: 460697 | F26: =+E26*D26 -> 8292546 | I26: 1 | K26: =+I26+J26 -> 1 | L26: =+F26*I26 -> 8292546 | M26: =+F26*J26 -> 0 | N26: =+F26*K26 -> 8292546
A27: 3.03 | B27: Tabique submuración - H35 (95 kg/m3 de hierro) | C27: m3 | D27: 12 | E27: 1027679 | F27: =+E27*D27 -> 12332148 | I27: 1 | K27: =+I27+J27 -> 1 | L27: =+F27*I27 -> 12332148 | M27: =+F27*J27 -> 0 | N27: =+F27*K27 -> 12332148
A28: 3.04 | B28: Zapata corrida tabique - H35 (120 kg/m3 de hierro) | C28: m3 | D28: 7 | E28: 960201 | F28: =+E28*D28 -> 6721407 | I28: 1 | K28: =+I28+J28 -> 1 | L28: =+F28*I28 -> 6721407 | M28: =+F28*J28 -> 0 | N28: =+F28*K28 -> 6721407
A29: 3.05 | B29: Platea - H35 (95 kg/m3 de hierro) | C29: m3 | D29: 38 | E29: 714274 | F29: =+E29*D29 -> 27142412 | I29: 1 | K29: =+I29+J29 -> 1 | L29: =+F29*I29 -> 27142412 | M29: =+F29*J29 -> 0 | N29: =+F29*K29 -> 27142412
A30: 3.06 | B30: Bases aisladas - (60 kg/m3 de hierro) | C30: m3 | D30: 51 | E30: 634926 | F30: =+E30*D30 -> 32381226 | I30: 1 | K30: =+I30+J30 -> 1 | L30: =+F30*I30 -> 32381226 | M30: =+F30*J30 -> 0 | N30: =+F30*K30 -> 32381226
A31: 3.07 | B31: Troncos de columnas - H35 (240 kg/m3 de hierro) | C31: m3 | D31: 16 | E31: 1289285 | F31: =+E31*D31 -> 20628560 | I31: 1 | K31: =+I31+J31 -> 1 | L31: =+F31*I31 -> 20628560 | M31: =+F31*J31 -> 0 | N31: =+F31*K31 -> 20628560
A32: 3.08 | B32: Viga de encadenado - H35 (180 kg/m3 de hierro) | C32: m3 | D32: 7 | E32: 1096226 | F32: =+E32*D32 -> 7673582 | I32: 1 | K32: =+I32+J32 -> 1 | L32: =+F32*I32 -> 7673582 | M32: =+F32*J32 -> 0 | N32: =+F32*K32 -> 7673582
A33: 3.09 | B33: Losa maciza - H35 (100 kg/m3 de hierro) | C33: m3 | D33: 90 | E33: 804023 | F33: =+E33*D33 -> 72362070 | I33: 0.1333 | J33: 0 | K33: =+I33+J33 -> 0.1333 | L33: =+F33*I33 -> 9645863.9 | M33: =+F33*J33 -> 0 | N33: =+F33*K33 -> 9645863.9
A34: 3.1 | B34: Losa maciza de Hº visto - H35 (100 kg/m3 de hierro) | C34: m3 | D34: 32 | E34: 888733 | F34: =+E34*D34 -> 28439456 | I34: 0.2328 | J34: 0.7672 | K34: =+I34+J34 -> 1 | L34: =+F34*I34 -> 6620705.4 | M34: =+F34*J34 -> 21818751 | N34: =+F34*K34 -> 28439456
A35: 3.11 | B35: Vigas - H35 (180 kg/m3 de hierro) | C35: m3 | D35: 46 | E35: 1494687 | F35: =+E35*D35 -> 68755602 | I35: 0.3744 | J35: 0.069 | K35: =+I35+J35 -> 0.4434 | L35: =+F35*I35 -> 25742097 | M35: =+F35*J35 -> 4744136.5 | N35: =+F35*K35 -> 30486234
A36: 3.12 | B36: Vigas de H° visto - H35 (180 kg/m3 de hierro) | C36: m3 | D36: 31 | E36: 1673385 | F36: =+E36*D36 -> 51874935 | I36: 0.5138 | J36: 0.2358 | K36: =+I36+J36 -> 0.7496 | L36: =+F36*I36 -> 26653342 | M36: =+F36*J36 -> 12232110 | N36: =+F36*K36 -> 38885451
A37: 3.13 | B37: Tabiques - H35 (100 kg/m3 de hierro) | C37: m3 | D37: 24 | E37: 1039014 | F37: =+E37*D37 -> 24936336 | I37: 0.2629 | J37: 0.1295 | K37: =+I37+J37 -> 0.3924 | L37: =+F37*I37 -> 6555762.7 | M37: =+F37*J37 -> 3229255.5 | N37: =+F37*K37 -> 9785018.2
A38: 3.14 | B38: Columna - H35 (180 Kg/m3 de hierro) | C38: m3 | D38: 39 | E38: 1153260 | F38: =+E38*D38 -> 44977140 | I38: 0.2672 | J38: 0.1859 | K38: =+I38+J38 -> 0.4531 | L38: =+F38*I38 -> 12017892 | M38: =+F38*J38 -> 8361250.3 | N38: =+F38*K38 -> 20379142
A39: 3.16 | B39: Columna vista- H35 (180 Kg/m3 de hierro) | C39: m3 | D39: 4 | E39: 1254164 | F39: =+E39*D39 -> 5016656 | I39: 0.1925 | J39: 0.145 | K39: =+I39+J39 -> 0.3375 | L39: =+F39*I39 -> 965706.28 | M39: =+F39*J39 -> 727415.12 | N39: =+F39*K39 -> 1693121.4
A40: 3.17 | B40: Escaleras de Hº visto - H35 (105 kg/m3 de hierro) | C40: m3 | D40: 10 | E40: 1111535 | F40: =+E40*D40 -> 11115350 | I40: 0 | J40: 0.184 | K40: =+I40+J40 -> 0.184 | L40: =+F40*I40 -> 0 | M40: =+F40*J40 -> 2045224.4 | N40: =+F40*K40 -> 2045224.4
A41: 3.18 | B41: Tanques de HºAº - H35 (100 kg/m3 de hierro) - Tanque de reserva | C41: m3 | D41: 6 | E41: 1039014 | F41: =+E41*D41 -> 6234084 | I41: 0 | J41: 0 | K41: =+I41+J41 -> 0 | L41: =+F41*I41 -> 0 | M41: =+F41*J41 -> 0 | N41: =+F41*K41 -> 0
A42: 3.19 | B42: Sistema de apuntalamiento y reapuntalamiento | C42: gl | D42: 1 | E42: 11272951 | F42: =+E42*D42 -> 11272951 | I42: 0.2 | J42: 0.15 | K42: =+I42+J42 -> 0.35 | L42: =+F42*I42 -> 2254590.2 | M42: =+F42*J42 -> 1690942.6 | N42: =+F42*K42 -> 3945532.8
A43: 3.2 | B43: Ensayos de hormigon por etapas de hormigonado | C43: u | D43: 15 | E43: 304811 | F43: =+E43*D43 -> 4572165 | I43: 0.6 | J43: 0.05 | K43: =+I43+J43 -> 0.65 | L43: =+F43*I43 -> 2743299 | M43: =+F43*J43 -> 228608.25 | N43: =+F43*K43 -> 2971907.2
A44: 3.21 | B44: Permiso de estacionamiento de bomba de hormigón a contramano | C44: gl | D44: 3 | E44: 68289 | F44: =+E44*D44 -> 204867 | I44: 0.66 | K44: =+I44+J44 -> 0.66 | L44: =+F44*I44 -> 135212.22 | M44: =+F44*J44 -> 0 | N44: =+F44*K44 -> 135212.22
A45: 3.22 | B45: Picado de medianeras para columnas y vigas - Cotizado para PB y 1P | C45: m2 | D45: 78 | E45: 33658 | F45: =+E45*D45 -> 2625324 | I45: 0.55 | J45: 0.3 | K45: =+I45+J45 -> 0.85 | L45: =+F45*I45 -> 1443928.2 | M45: =+F45*J45 -> 787597.2 | N45: =+F45*K45 -> 2231525.4
B46: SUB TOTAL OBRA GRIS | F46: =SUM(F8:F45) -> 500907720 | G46: =SUM(G8:G45) -> 500907720 | H46: =+G46/$G$46 -> 1 | L46: =+SUM(L8:L45) -> 2.5496252e+08 | M46: =+SUM(M8:M45) -> 55865290 | N46: =+SUM(N8:N45) -> 3.1082781e+08
M47: =+M46/G46 -> 0.11152811 | N47: =+N46/G46 -> 0.62052909
B50: RESUMEN CERTIFICADO | K50: CERT. N° | L50: =+J4 -> 6 | N50: =+N4 -> 45900
B51: Descripción | M51: % | N51: IMPORTE
A52: A | B52: Presupuesto aprobado | N52: =+G46 -> 500907720
A53: B | B53: Anticipo | M53: 0.4 | N53: =+M53*N52 -> 200363088
A54: C | B54: Certificado actual | N54: =+M46 -> 55865290
A55: D | B55: Desacopio | M55: =-M53 -> -0.4 | N55: =+M55*N54 -> -22346116
A56: E | B56: Subtotal certificacion actual completa (SIN IVA) | N56: =+N54+N55 -> 33519174

Sheet GDR 3760_Pto. 01_Cert. 07
F1: DÓLAR BNA | G1: DÓLAR MEP
F2: 1066.5 | G2: 1170
F4: 45667 | I4: Certificado | J4: 7 | N4: 45930
B5: OBRA: EDIFICIO GDR 3760
B6: PRESUPUESTO OBRA CIVIL 01 | I6: Avance | L6: Importe
B7: Descripción | C7: U | D7: Cant | E7: P unit | F7: Subtotal | I7: Anterior | J7: Actual | K7: Acumulado | L7: Anterior | M7: Actual | N7: Acumulado
A8: 1 | B8: TAREAS PRELIMINARES | G8: =SUM(F9:F17) -> 19888202 | H8: =+G8/$G$46 -> 0.039704323
A9: 1.01 | B9: Limpieza y preparación del terreno - No cotiza | C9: gl | D9: 1 | E9: 0 | F9: =+E9*D9 -> 0 | I9: 0 | K9: =+I9+J9 -> 0 | L9: =+F9*I9 -> 0 | M9: =+F9*J9 -> 0 | N9: =+F9*K9 -> 0
A10: 1.02 | B10: Topógrafo - Visita de obra replanteo | C10: gl | D10: 3 | E10: 384981 | F10: =+E10*D10 -> 1154943 | I10: 0.33 | K10: =+I10+J10 -> 0.33 | L10: =+F10*I10 -> 381131.19 | M10: =+F10*J10 -> 0 | N10: =+F10*K10 -> 381131.19
A11: 1.03 | B11: Cartel de Obra - No cotiza | C11: gl | D11: 1 | E11: 0 | F11: =+E11*D11 -> 0 | I11: 0 | K11: =+I11+J11 -> 0 | L11: =+F11*I11 -> 0 | M11: =+F11*J11 -> 0 | N11: =+F11*K11 -> 0
A12: 1.04 | B12: Cerco de obra perimetral - En chapa C25 + Concertina + Porton corredizo | C12: ml | D12: 10 | E12: 256997 | F12: =+E12*D12 -> 2569970 | I12: 0 | K12: =+I12+J12 -> 0 | L12: =+F12*I12 -> 0 | M12: =+F12*J12 -> 0 | N12: =+F12*K12 -> 0
A13: 1.05 | B13: Obrador, pañol y ducha. | C13: gl | D13: 1 | E13: 9812332 | F13: =+E13*D13 -> 9812332 | I13: 0.7 | K13: =+I13+J13 -> 0.7 | L13: =+F13*I13 -> 6868632.4 | M13: =+F13*J13 -> 0 | N13: =+F13*K13 -> 6868632.4
A14: 1.06 | B14: Alquiler de baños quimicos y duchas portatiles | C14: mes | D14: 4 | E14: 442847 | F14: =+E14*D14 -> 1771388 | I14: 1 | K14: =+I14+J14 -> 1 | L14: =+F14*I14 -> 1771388 | M14: =+F14*J14 -> 0 | N14: =+F14*K14 -> 1771388
A15: 1.07 | B15: Conexión pilar y luz de obra + Tablero de obra | C15: gl | D15: 1 | E15: 2287982 | F15: =+E15*D15 -> 2287982 | I15: 0.8 | K15: =+I15+J15 -> 0.8 | L15: =+F15*I15 -> 1830385.6 | M15: =+F15*J15 -> 0 | N15: =+F15*K15 -> 1830385.6
A16: 1.08 | B16: Conexión agua de obra, tanque + bomba | C16: gl | D16: 1 | E16: 1808218 | F16: =+E16*D16 -> 1808218 | I16: 0.2 | K16: =+I16+J16 -> 0.2 | L16: =+F16*I16 -> 361643.6 | M16: =+F16*J16 -> 0 | N16: =+F16*K16 -> 361643.6
A17: 1.09 | B17: Tramite luz de obra, certificado luz de obra (2) y medición PAT | C17: gl | D17: 1 | E17: 483369 | F17: =+E17*D17 -> 483369 | I17: 0.7 | K17: =+I17+J17 -> 0.7 | L17: =+F17*I17 -> 338358.3 | M17: =+F17*J17 -> 0 | N17: =+F17*K17 -> 338358.3
A18: 2 | B18: MOVIMIENTO DE TIERRA, COMPACTACION Y RELLENO | G18: =SUM(F19:F23) -> 29649894 | H18: =+G18/$G$46 -> 0.059192328
A19: 2.01 | B19: Excavación a maquina para submuración, subsuelo y fundaciones | C19: m3 | D19: 308 | E19: 52801 | F19: =+E19*D19 -> 16262708 | I19: 1 | K19: =+I19+J19 -> 1 | L19: =+F19*I19 -> 16262708 | M19: =+F19*J19 -> 0 | N19: =+F19*K19 -> 16262708
A20: 2.02 | B20: Perfilado manual de bases. Relleno y compactación de pozos | C20: gl | D20: 1 | E20: 11624716 | F20: =+E20*D20 -> 11624716 | I20: 1 | K20: =+I20+J20 -> 1 | L20: =+F20*I20 -> 11624716 | M20: =+F20*J20 -> 0 | N20: =+F20*K20 -> 11624716
A21: 2.03 | B21: Excavación manual para vigas de fundación | C21: m3 | D21: 15 | E21: 117498 | F21: =+E21*D21 -> 1762470 | I21: 1 | K21: =+I21+J21 -> 1 | L21: =+F21*I21 -> 1762470 | M21: =+F21*J21 -> 0 | N21: =+F21*K21 -> 1762470
A22: 2.04 | B22: Aporte y compactación de suelo seleccionado, e: 40 cm (2 capas de 20 cm) - Cotizado Hº Pobre en item 8,02 | C22: m2 | D22: 0 | E22: 28536 | F22: =+E22*D22 -> 0 | I22: 0 | K22: =+I22+J22 -> 0 | L22: =+F22*I22 -> 0 | M22: =+F22*J22 -> 0 | N22: =+F22*K22 -> 0
A23: 2.05 | B23: Demolición de bases existentes - No cotiza | C23: gl | D23: 0 | E23: 0 | F23: =+E23*D23 -> 0 | I23: 0 | K23: =+I23+J23 -> 0 | L23: =+F23*I23 -> 0 | M23: =+F23*J23 -> 0 | N23: =+F23*K23 -> 0
A24: 3 | B24: ESTRUCTURA RESISTENTE | G24: =SUM(F25:F45) -> 451369624 | H24: =+G24/$G$46 -> 0.90110335
A25: 3.01 | B25: Hormigón de limpieza - e: 10 cm | C25: m3 | D25: 13 | E25: 293139 | F25: =+E25*D25 -> 3810807 | I25: 1 | K25: =+I25+J25 -> 1 | L25: =+F25*I25 -> 3810807 | M25: =+F25*J25 -> 0 | N25: =+F25*K25 -> 3810807
A26: 3.02 | B26: Pilotes de tracción Ø 20 cm - (120 kg/m3 de hierro) | C26: u | D26: 18 | E26: 460697 | F26: =+E26*D26 -> 8292546 | I26: 1 | K26: =+I26+J26 -> 1 | L26: =+F26*I26 -> 8292546 | M26: =+F26*J26 -> 0 | N26: =+F26*K26 -> 8292546
A27: 3.03 | B27: Tabique submuración - H35 (95 kg/m3 de hierro) | C27: m3 | D27: 12 | E27: 1027679 | F27: =+E27*D27 -> 12332148 | I27: 1 | K27: =+I27+J27 -> 1 | L27: =+F27*I27 -> 12332148 | M27: =+F27*J27 -> 0 | N27: =+F27*K27 -> 12332148
A28: 3.04 | B28: Zapata corrida tabique - H35 (120 kg/m3 de hierro) | C28: m3 | D28: 7 | E28: 960201 | F28: =+E28*D28 -> 6721407 | I28: 1 | K28: =+I28+J28 -> 1 | L28: =+F28*I28 -> 6721407 | M28: =+F28*J28 -> 0 | N28: =+F28*K28 -> 6721407
A29: 3.05 | B29: Platea - H35 (95 kg/m3 de hierro) | C29: m3 | D29: 38 | E29: 714274 | F29: =+E29*D29 -> 27142412 | I29: 1 | K29: =+I29+J29 -> 1 | L29: =+F29*I29 -> 27142412 | M29: =+F29*J29 -> 0 | N29: =+F29*K29 -> 27142412
A30: 3.06 | B30: Bases aisladas - (60 kg/m3 de hierro) | C30: m3 | D30: 51 | E30: 634926 | F30: =+E30*D30 -> 32381226 | I30: 1 | K30: =+I30+J30 -> 1 | L30: =+F30*I30 -> 32381226 | M30: =+F30*J30 -> 0 | N30: =+F30*K30 -> 32381226
A31: 3.07 | B31: Troncos de columnas - H35 (240 kg/m3 de hierro) | C31: m3 | D31: 16 | E31: 1289285 | F31: =+E31*D31 -> 20628560 | I31: 1 | K31: =+I31+J31 -> 1 | L31: =+F31*I31 -> 20628560 | M31: =+F31*J31 -> 0 | N31: =+F31*K31 -> 20628560
A32: 3.08 | B32: Viga de encadenado - H35 (180 kg/m3 de hierro) | C32: m3 | D32: 7 | E32: 1096226 | F32: =+E32*D32 -> 7673582 | I32: 1 | K32: =+I32+J32 -> 1 | L32: =+F32*I32 -> 7673582 | M32: =+F32*J32 -> 0 | N32: =+F32*K32 -> 7673582
A33: 3.09 | B33: Losa maciza - H35 (100 kg/m3 de hierro) | C33: m3 | D33: 90 | E33: 804023 | F33: =+E33*D33 -> 72362070 | I33: 0.1333 | J33: 0 | K33: =+I33+J33 -> 0.1333 | L33: =+F33*I33 -> 9645863.9 | M33: =+F33*J33 -> 0 | N33: =+F33*K33 -> 9645863.9
A34: 3.1 | B34: Losa maciza de Hº visto - H35 (100 kg/m3 de hierro) | C34: m3 | D34: 32 | E34: 888733 | F34: =+E34*D34 -> 28439456 | I34: 1.0028 | J34: 0 | K34: =+I34+J34 -> 1.0028 | L34: =+F34*I34 -> 28519086 | M34: =+F34*J34 -> 0 | N34: =+F34*K34 -> 28519086
A35: 3.11 | B35: Vigas - H35 (180 kg/m3 de hierro) | C35: m3 | D35: 46 | E35: 1494687 | F35: =+E35*D35 -> 68755602 | I35: 0.4434 | J35: 0.069 | K35: =+I35+J35 -> 0.5124 | L35: =+F35*I35 -> 30486234 | M35: =+F35*J35 -> 4744136.5 | N35: =+F35*K35 -> 35230370
A36: 3.12 | B36: Vigas de H° visto - H35 (180 kg/m3 de hierro) | C36: m3 | D36: 31 | E36: 1673385 | F36: =+E36*D36 -> 51874935 | I36: 0.7496 | J36: 0.235 | K36: =+I36+J36 -> 0.9846 | L36: =+F36*I36 -> 38885451 | M36: =+F36*J36 -> 12190610 | N36: =+F36*K36 -> 51076061
A37: 3.13 | B37: Tabiques - H35 (100 kg/m3 de hierro) | C37: m3 | D37: 24 | E37: 1039014 | F37: =+E37*D37 -> 24936336 | I37: 0.3924 | J37: 0.1295 | K37: =+I37+J37 -> 0.5219 | L37: =+F37*I37 -> 9785018.2 | M37: =+F37*J37 -> 3229255.5 | N37: =+F37*K37 -> 13014274
A38: 3.14 | B38: Columna - H35 (180 Kg/m3 de hierro) | C38: m3 | D38: 39 | E38: 1153260 | F38: =+E38*D38 -> 44977140 | I38: 0.4531 | J38: 0.1858 | K38: =+I38+J38 -> 0.6389 | L38: =+F38*I38 -> 20379142 | M38: =+F38*J38 -> 8356752.6 | N38: =+F38*K38 -> 28735895
A39: 3.16 | B39: Columna vista- H35 (180 Kg/m3 de hierro) | C39: m3 | D39: 4 | E39: 1254164 | F39: =+E39*D39 -> 5016656 | I39: 0.3375 | J39: 0.145 | K39: =+I39+J39 -> 0.4825 | L39: =+F39*I39 -> 1693121.4 | M39: =+F39*J39 -> 727415.12 | N39: =+F39*K39 -> 2420536.5
A40: 3.17 | B40: Escaleras de Hº visto - H35 (105 kg/m3 de hierro) | C40: m3 | D40: 10 | E40: 1111535 | F40: =+E40*D40 -> 11115350 | I40: 0.184 | J40: 0.2 | K40: =+I40+J40 -> 0.384 | L40: =+F40*I40 -> 2045224.4 | M40: =+F40*J40 -> 2223070 | N40: =+F40*K40 -> 4268294.4
A41: 3.18 | B41: Tanques de HºAº - H35 (100 kg/m3 de hierro) - Tanque de reserva | C41: m3 | D41: 6 | E41: 1039014 | F41: =+E41*D41 -> 6234084 | I41: 0 | J41: 0 | K41: =+I41+J41 -> 0 | L41: =+F41*I41 -> 0 | M41: =+F41*J41 -> 0 | N41: =+F41*K41 -> 0
A42: 3.19 | B42: Sistema de apuntalamiento y reapuntalamiento | C42: gl | D42: 1 | E42: 11272951 | F42: =+E42*D42 -> 11272951 | I42: 0.35 | J42: 0.15 | K42: =+I42+J42 -> 0.5 | L42: =+F42*I42 -> 3945532.8 | M42: =+F42*J42 -> 1690942.6 | N42: =+F42*K42 -> 5636475.5
A43: 3.2 | B43: Ensayos de hormigon por etapas de hormigonado | C43: u | D43: 15 | E43: 304811 | F43: =+E43*D43 -> 4572165 | I43: 0.65 | J43: 0.05 | K43: =+I43+J43 -> 0.7 | L43: =+F43*I43 -> 2971907.2 | M43: =+F43*J43 -> 228608.25 | N43: =+F43*K43 -> 3200515.5
A44: 3.21 | B44: Permiso de estacionamiento de bomba de hormigón a contramano | C44: gl | D44: 3 | E44: 68289 | F44: =+E44*D44 -> 204867 | I44: 0.66 | K44: =+I44+J44 -> 0.66 | L44: =+F44*I44 -> 135212.22 | M44: =+F44*J44 -> 0 | N44: =+F44*K44 -> 135212.22
A45: 3.22 | B45: Picado de medianeras para columnas y vigas - Cotizado para PB y 1P | C45: m2 | D45: 78 | E45: 33658 | F45: =+E45*D45 -> 2625324 | I45: 0.85 | J45: 0.15 | K45: =+I45+J45 -> 1 | L45: =+F45*I45 -> 2231525.4 | M45: =+F45*J45 -> 393798.6 | N45: =+F45*K45 -> 2625324
B46: SUB TOTAL OBRA GRIS | F46: =SUM(F8:F45) -> 500907720 | G46: =SUM(G8:G45) -> 500907720 | H46: =+G46/$G$46 -> 1 | L46: =+SUM(L8:L45) -> 3.1090744e+08 | M46: =+SUM(M8:M45) -> 33784589 | N46: =+SUM(N8:N45) -> 3.4469203e+08
M47: =+M46/G46 -> 0.067446733 | N47: =+N46/G46 -> 0.68813479
B50: RESUMEN CERTIFICADO | K50: CERT. N° | L50: =+J4 -> 7 | N50: =+N4 -> 45930
B51: Descripción | M51: % | N51: IMPORTE
A52: A | B52: Presupuesto aprobado | N52: =+G46 -> 500907720
A53: B | B53: Anticipo | M53: 0.4 | N53: =+M53*N52 -> 200363088
A54: C | B54: Certificado actual | N54: =+M46 -> 33784589
A55: D | B55: Desacopio | M55: =-M53 -> -0.4 | N55: =+M55*N54 -> -13513836
A56: E | B56: Subtotal certificacion actual completa (SIN IVA) | N56: =+N54+N55 -> 20270753

Sheet GDR 3760_Pto. 01_Cert. 08
F1: DÓLAR BNA | G1: DÓLAR MEP
F2: 1066.5 | G2: 1170
F4: 45667 | I4: Certificado | J4: 8 | N4: 45958
B5: OBRA: EDIFICIO GDR 3760
B6: PRESUPUESTO OBRA CIVIL 01 | I6: Avance | L6: Importe
B7: Descripción | C7: U | D7: Cant | E7: P unit | F7: Subtotal | I7: Anterior | J7: Actual | K7: Acumulado | L7: Anterior | M7: Actual | N7: Acumulado
A8: 1 | B8: TAREAS PRELIMINARES | G8: =SUM(F9:F17) -> 19888202 | H8: =+G8/$G$46 -> 0.039704323
A9: 1.01 | B9: Limpieza y preparación del terreno - No cotiza | C9: gl | D9: 1 | E9: 0 | F9: =+E9*D9 -> 0 | I9: 0 | K9: =+I9+J9 -> 0 | L9: =+F9*I9 -> 0 | M9: =+F9*J9 -> 0 | N9: =+F9*K9 -> 0
A10: 1.02 | B10: Topógrafo - Visita de obra replanteo | C10: gl | D10: 3 | E10: 384981 | F10: =+E10*D10 -> 1154943 | I10: 0.33 | K10: =+I10+J10 -> 0.33 | L10: =+F10*I10 -> 381131.19 | M10: =+F10*J10 -> 0 | N10: =+F10*K10 -> 381131.19
A11: 1.03 | B11: Cartel de Obra - No cotiza | C11: gl | D11: 1 | E11: 0 | F11: =+E11*D11 -> 0 | I11: 0 | K11: =+I11+J11 -> 0 | L11: =+F11*I11 -> 0 | M11: =+F11*J11 -> 0 | N11: =+F11*K11 -> 0
A12: 1.04 | B12: Cerco de obra perimetral - En chapa C25 + Concertina + Porton corredizo | C12: ml | D12: 10 | E12: 256997 | F12: =+E12*D12 -> 2569970 | I12: 0 | J12: 0.75 | K12: =+I12+J12 -> 0.75 | L12: =+F12*I12 -> 0 | M12: =+F12*J12 -> 1927477.5 | N12: =+F12*K12 -> 1927477.5
A13: 1.05 | B13: Obrador, pañol y ducha. | C13: gl | D13: 1 | E13: 9812332 | F13: =+E13*D13 -> 9812332 | I13: 0.7 | J13: 0.15 | K13: =+I13+J13 -> 0.85 | L13: =+F13*I13 -> 6868632.4 | M13: =+F13*J13 -> 1471849.8 | N13: =+F13*K13 -> 8340482.2
A14: 1.06 | B14: Alquiler de baños quimicos y duchas portatiles | C14: mes | D14: 4 | E14: 442847 | F14: =+E14*D14 -> 1771388 | I14: 1 | K14: =+I14+J14 -> 1 | L14: =+F14*I14 -> 1771388 | M14: =+F14*J14 -> 0 | N14: =+F14*K14 -> 1771388
A15: 1.07 | B15: Conexión pilar y luz de obra + Tablero de obra | C15: gl | D15: 1 | E15: 2287982 | F15: =+E15*D15 -> 2287982 | I15: 0.8 | K15: =+I15+J15 -> 0.8 | L15: =+F15*I15 -> 1830385.6 | M15: =+F15*J15 -> 0 | N15: =+F15*K15 -> 1830385.6
A16: 1.08 | B16: Conexión agua de obra, tanque + bomba | C16: gl | D16: 1 | E16: 1808218 | F16: =+E16*D16 -> 1808218 | I16: 0.2 | K16: =+I16+J16 -> 0.2 | L16: =+F16*I16 -> 361643.6 | M16: =+F16*J16 -> 0 | N16: =+F16*K16 -> 361643.6
A17: 1.09 | B17: Tramite luz de obra, certificado luz de obra (2) y medición PAT | C17: gl | D17: 1 | E17: 483369 | F17: =+E17*D17 -> 483369 | I17: 0.7 | K17: =+I17+J17 -> 0.7 | L17: =+F17*I17 -> 338358.3 | M17: =+F17*J17 -> 0 | N17: =+F17*K17 -> 338358.3
A18: 2 | B18: MOVIMIENTO DE TIERRA, COMPACTACION Y RELLENO | G18: =SUM(F19:F23) -> 29649894 | H18: =+G18/$G$46 -> 0.059192328
A19: 2.01 | B19: Excavación a maquina para submuración, subsuelo y fundaciones | C19: m3 | D19: 308 | E19: 52801 | F19: =+E19*D19 -> 16262708 | I19: 1 | K19: =+I19+J19 -> 1 | L19: =+F19*I19 -> 16262708 | M19: =+F19*J19 -> 0 | N19: =+F19*K19 -> 16262708
A20: 2.02 | B20: Perfilado manual de bases. Relleno y compactación de pozos | C20: gl | D20: 1 | E20: 11624716 | F20: =+E20*D20 -> 11624716 | I20: 1 | K20: =+I20+J20 -> 1 | L20: =+F20*I20 -> 11624716 | M20: =+F20*J20 -> 0 | N20: =+F20*K20 -> 11624716
A21: 2.03 | B21: Excavación manual para vigas de fundación | C21: m3 | D21: 15 | E21: 117498 | F21: =+E21*D21 -> 1762470 | I21: 1 | K21: =+I21+J21 -> 1 | L21: =+F21*I21 -> 1762470 | M21: =+F21*J21 -> 0 | N21: =+F21*K21 -> 1762470
A22: 2.04 | B22: Aporte y compactación de suelo seleccionado, e: 40 cm (2 capas de 20 cm) - Cotizado Hº Pobre en item 8,02 | C22: m2 | D22: 0 | E22: 28536 | F22: =+E22*D22 -> 0 | I22: 0 | K22: =+I22+J22 -> 0 | L22: =+F22*I22 -> 0 | M22: =+F22*J22 -> 0 | N22: =+F22*K22 -> 0
A23: 2.05 | B23: Demolición de bases existentes - No cotiza | C23: gl | D23: 0 | E23: 0 | F23: =+E23*D23 -> 0 | I23: 0 | K23: =+I23+J23 -> 0 | L23: =+F23*I23 -> 0 | M23: =+F23*J23 -> 0 | N23: =+F23*K23 -> 0
A24: 3 | B24: ESTRUCTURA RESISTENTE | G24: =SUM(F25:F45) -> 451369624 | H24: =+G24/$G$46 -> 0.90110335
A25: 3.01 | B25: Hormigón de limpieza - e: 10 cm | C25: m3 | D25: 13 | E25: 293139 | F25: =+E25*D25 -> 3810807 | I25: 1 | K25: =+I25+J25 -> 1 | L25: =+F25*I25 -> 3810807 | M25: =+F25*J25 -> 0 | N25: =+F25*K25 -> 3810807
A26: 3.02 | B26: Pilotes de tracción Ø 20 cm - (120 kg/m3 de hierro) | C26: u | D26: 18 | E26: 460697 | F26: =+E26*D26 -> 8292546 | I26: 1 | K26: =+I26+J26 -> 1 | L26: =+F26*I26 -> 8292546 | M26: =+F26*J26 -> 0 | N26: =+F26*K26 -> 8292546
A27: 3.03 | B27: Tabique submuración - H35 (95 kg/m3 de hierro) | C27: m3 | D27: 12 | E27: 1027679 | F27: =+E27*D27 -> 12332148 | I27: 1 | K27: =+I27+J27 -> 1 | L27: =+F27*I27 -> 12332148 | M27: =+F27*J27 -> 0 | N27: =+F27*K27 -> 12332148
A28: 3.04 | B28: Zapata corrida tabique - H35 (120 kg/m3 de hierro) | C28: m3 | D28: 7 | E28: 960201 | F28: =+E28*D28 -> 6721407 | I28: 1 | K28: =+I28+J28 -> 1 | L28: =+F28*I28 -> 6721407 | M28: =+F28*J28 -> 0 | N28: =+F28*K28 -> 6721407
A29: 3.05 | B29: Platea - H35 (95 kg/m3 de hierro) | C29: m3 | D29: 38 | E29: 714274 | F29: =+E29*D29 -> 27142412 | I29: 1 | K29: =+I29+J29 -> 1 | L29: =+F29*I29 -> 27142412 | M29: =+F29*J29 -> 0 | N29: =+F29*K29 -> 27142412
A30: 3.06 | B30: Bases aisladas - (60 kg/m3 de hierro) | C30: m3 | D30: 51 | E30: 634926 | F30: =+E30*D30 -> 32381226 | I30: 1 | K30: =+I30+J30 -> 1 | L30: =+F30*I30 -> 32381226 | M30: =+F30*J30 -> 0 | N30: =+F30*K30 -> 32381226
A31: 3.07 | B31: Troncos de columnas - H35 (240 kg/m3 de hierro) | C31: m3 | D31: 16 | E31: 1289285 | F31: =+E31*D31 -> 20628560 | I31: 1 | K31: =+I31+J31 -> 1 | L31: =+F31*I31 -> 20628560 | M31: =+F31*J31 -> 0 | N31: =+F31*K31 -> 20628560
A32: 3.08 | B32: Viga de encadenado - H35 (180 kg/m3 de hierro) | C32: m3 | D32: 7 | E32: 1096226 | F32: =+E32*D32 -> 7673582 | I32: 1 | K32: =+I32+J32 -> 1 | L32: =+F32*I32 -> 7673582 | M32: =+F32*J32 -> 0 | N32: =+F32*K32 -> 7673582
A33: 3.09 | B33: Losa maciza - H35 (100 kg/m3 de hierro) | C33: m3 | D33: 90 | E33: 804023 | F33: =+E33*D33 -> 72362070 | I33: 0.1333 | K33: =+I33+J33 -> 0.1333 | L33: =+F33*I33 -> 9645863.9 | M33: =+F33*J33 -> 0 | N33: =+F33*K33 -> 9645863.9
A34: 3.1 | B34: Losa maciza de Hº visto - H35 (100 kg/m3 de hierro) | C34: m3 | D34: 32 | E34: 888733 | F34: =+E34*D34 -> 28439456 | I34: 1.0028 | K34: =+I34+J34 -> 1.0028 | L34: =+F34*I34 -> 28519086 | M34: =+F34*J34 -> 0 | N34: =+F34*K34 -> 28519086
A35: 3.11 | B35: Vigas - H35 (180 kg/m3 de hierro) | C35: m3 | D35: 46 | E35: 1494687 | F35: =+E35*D35 -> 68755602 | I35: 0.5124 | J35: 0.07 | K35: =+I35+J35 -> 0.5824 | L35: =+F35*I35 -> 35230370 | M35: =+F35*J35 -> 4812892.1 | N35: =+F35*K35 -> 40043263
A36: 3.12 | B36: Vigas de H° visto - H35 (180 kg/m3 de hierro) | C36: m3 | D36: 31 | E36: 1673385 | F36: =+E36*D36 -> 51874935 | I36: 0.9846 | J36: 0.0154 | K36: =+I36+J36 -> 1 | L36: =+F36*I36 -> 51076061 | M36: =+F36*J36 -> 798874 | N36: =+F36*K36 -> 51874935
A37: 3.13 | B37: Tabiques - H35 (100 kg/m3 de hierro) | C37: m3 | D37: 24 | E37: 1039014 | F37: =+E37*D37 -> 24936336 | I37: 0.5219 | J37: 0.13 | K37: =+I37+J37 -> 0.6519 | L37: =+F37*I37 -> 13014274 | M37: =+F37*J37 -> 3241723.7 | N37: =+F37*K37 -> 16255997
A38: 3.14 | B38: Columna - H35 (180 Kg/m3 de hierro) | C38: m3 | D38: 39 | E38: 1153260 | F38: =+E38*D38 -> 44977140 | I38: 0.6389 | J38: 0.18 | K38: =+I38+J38 -> 0.8189 | L38: =+F38*I38 -> 28735895 | M38: =+F38*J38 -> 8095885.2 | N38: =+F38*K38 -> 36831780
A39: 3.16 | B39: Columna vista- H35 (180 Kg/m3 de hierro) | C39: m3 | D39: 4 | E39: 1254164 | F39: =+E39*D39 -> 5016656 | I39: 0.4825 | J39: 0.15 | K39: =+I39+J39 -> 0.6325 | L39: =+F39*I39 -> 2420536.5 | M39: =+F39*J39 -> 752498.4 | N39: =+F39*K39 -> 3173034.9
A40: 3.17 | B40: Escaleras de Hº visto - H35 (105 kg/m3 de hierro) | C40: m3 | D40: 10 | E40: 1111535 | F40: =+E40*D40 -> 11115350 | I40: 0.384 | J40: 0.18 | K40: =+I40+J40 -> 0.564 | L40: =+F40*I40 -> 4268294.4 | M40: =+F40*J40 -> 2000763 | N40: =+F40*K40 -> 6269057.4
A41: 3.18 | B41: Tanques de HºAº - H35 (100 kg/m3 de hierro) - Tanque de reserva | C41: m3 | D41: 6 | E41: 1039014 | F41: =+E41*D41 -> 6234084 | I41: 0 | K41: =+I41+J41 -> 0 | L41: =+F41*I41 -> 0 | M41: =+F41*J41 -> 0 | N41: =+F41*K41 -> 0 | O41: =+J41*D41 -> 0
A42: 3.19 | B42: Sistema de apuntalamiento y reapuntalamiento | C42: gl | D42: 1 | E42: 11272951 | F42: =+E42*D42 -> 11272951 | I42: 0.5 | J42: 0.15 | K42: =+I42+J42 -> 0.65 | L42: =+F42*I42 -> 5636475.5 | M42: =+F42*J42 -> 1690942.6 | N42: =+F42*K42 -> 7327418.2
A43: 3.2 | B43: Ensayos de hormigon por etapas de hormigonado | C43: u | D43: 15 | E43: 304811 | F43: =+E43*D43 -> 4572165 | I43: 0.7 | J43: 0.1 | K43: =+I43+J43 -> 0.8 | L43: =+F43*I43 -> 3200515.5 | M43: =+F43*J43 -> 457216.5 | N43: =+F43*K43 -> 3657732
A44: 3.21 | B44: Permiso de estacionamiento de bomba de hormigón a contramano | C44: gl | D44: 3 | E44: 68289 | F44: =+E44*D44 -> 204867 | I44: 0.66 | J44: 0.34 | K44: =+I44+J44 -> 1 | L44: =+F44*I44 -> 135212.22 | M44: =+F44*J44 -> 69654.78 | N44: =+F44*K44 -> 204867
A45: 3.22 | B45: Picado de medianeras para columnas y vigas - Cotizado para PB y 1P | C45: m2 | D45: 78 | E45: 33658 | F45: =+E45*D45 -> 2625324 | I45: 1 | K45: =+I45+J45 -> 1 | L45: =+F45*I45 -> 2625324 | M45: =+F45*J45 -> 0 | N45: =+F45*K45 -> 2625324
B46: SUB TOTAL OBRA GRIS | F46: =SUM(F8:F45) -> 500907720 | G46: =SUM(G8:G45) -> 500907720 | H46: =+G46/$G$46 -> 1 | L46: =+SUM(L8:L45) -> 3.4469203e+08 | M46: =+SUM(M8:M45) -> 25319778 | N46: =+SUM(N8:N45) -> 3.7001181e+08
M47: =+M46/G46 -> 0.050547789 | N47: =+N46/G46 -> 0.73868258
B50: RESUMEN CERTIFICADO | K50: CERT. N° | L50: =+J4 -> 8 | N50: =+N4 -> 45958
B51: Descripción | M51: % | N51: IMPORTE
A52: A | B52: Presupuesto aprobado | N52: =+G46 -> 500907720
A53: B | B53: Anticipo | M53: 0.4 | N53: =+M53*N52 -> 200363088
A54: C | B54: Certificado actual | N54: =+M46 -> 25319778
A55: D | B55: Desacopio | M55: =-M53 -> -0.4 | N55: =+M55*N54 -> -10127911
A56: E | B56: Subtotal certificacion actual completa (SIN IVA) | N56: =+N54+N55 -> 15191867

Sheet GDR 3760_Pto. 01_Cert. 09
F1: DÓLAR BNA | G1: DÓLAR MEP
F2: 1066.5 | G2: 1170
F4: 45667 | I4: Certificado | J4: 9 | N4: 45988
B5: OBRA: EDIFICIO GDR 3760
B6: PRESUPUESTO OBRA CIVIL 01 | I6: Avance | L6: Importe
B7: Descripción | C7: U | D7: Cant | E7: P unit | F7: Subtotal | I7: Anterior | J7: Actual | K7: Acumulado | L7: Anterior | M7: Actual | N7: Acumulado
A8: 1 | B8: TAREAS PRELIMINARES | G8: =SUM(F9:F17) -> 19888202 | H8: =+G8/$G$46 -> 0.039704323
A9: 1.01 | B9: Limpieza y preparación del terreno - No cotiza | C9: gl | D9: 1 | E9: 0 | F9: =+E9*D9 -> 0 | I9: 0 | K9: =+I9+J9 -> 0 | L9: =+F9*I9 -> 0 | M9: =+F9*J9 -> 0 | N9: =+F9*K9 -> 0
A10: 1.02 | B10: Topógrafo - Visita de obra replanteo | C10: gl | D10: 3 | E10: 384981 | F10: =+E10*D10 -> 1154943 | I10: 0.33 | J10: 0.67 | K10: =+I10+J10 -> 1 | L10: =+F10*I10 -> 381131.19 | M10: =+F10*J10 -> 773811.81 | N10: =+F10*K10 -> 1154943
A11: 1.03 | B11: Cartel de Obra - No cotiza | C11: gl | D11: 1 | E11: 0 | F11: =+E11*D11 -> 0 | I11: 0 | K11: =+I11+J11 -> 0 | L11: =+F11*I11 -> 0 | M11: =+F11*J11 -> 0 | N11: =+F11*K11 -> 0
A12: 1.04 | B12: Cerco de obra perimetral - En chapa C25 + Concertina + Porton corredizo | C12: ml | D12: 10 | E12: 256997 | F12: =+E12*D12 -> 2569970 | I12: 0.75 | J12: 0.25 | K12: =+I12+J12 -> 1 | L12: =+F12*I12 -> 1927477.5 | M12: =+F12*J12 -> 642492.5 | N12: =+F12*K12 -> 2569970
A13: 1.05 | B13: Obrador, pañol y ducha. | C13: gl | D13: 1 | E13: 9812332 | F13: =+E13*D13 -> 9812332 | I13: 0.85 | J13: 0.15 | K13: =+I13+J13 -> 1 | L13: =+F13*I13 -> 8340482.2 | M13: =+F13*J13 -> 1471849.8 | N13: =+F13*K13 -> 9812332
A14: 1.06 | B14: Alquiler de baños quimicos y duchas portatiles | C14: mes | D14: 4 | E14: 442847 | F14: =+E14*D14 -> 1771388 | I14: 1 | K14: =+I14+J14 -> 1 | L14: =+F14*I14 -> 1771388 | M14: =+F14*J14 -> 0 | N14: =+F14*K14 -> 1771388
A15: 1.07 | B15: Conexión pilar y luz de obra + Tablero de obra | C15: gl | D15: 1 | E15: 2287982 | F15: =+E15*D15 -> 2287982 | I15: 0.8 | J15: 0.2 | K15: =+I15+J15 -> 1 | L15: =+F15*I15 -> 1830385.6 | M15: =+F15*J15 -> 457596.4 | N15: =+F15*K15 -> 2287982
A16: 1.08 | B16: Conexión agua de obra, tanque + bomba | C16: gl | D16: 1 | E16: 1808218 | F16: =+E16*D16 -> 1808218 | I16: 0.2 | J16: 0.8 | K16: =+I16+J16 -> 1 | L16: =+F16*I16 -> 361643.6 | M16: =+F16*J16 -> 1446574.4 | N16: =+F16*K16 -> 1808218
A17: 1.09 | B17: Tramite luz de obra, certificado luz de obra (2) y medición PAT | C17: gl | D17: 1 | E17: 483369 | F17: =+E17*D17 -> 483369 | I17: 0.7 | J17: 0.3 | K17: =+I17+J17 -> 1 | L17: =+F17*I17 -> 338358.3 | M17: =+F17*J17 -> 145010.7 | N17: =+F17*K17 -> 483369
A18: 2 | B18: MOVIMIENTO DE TIERRA, COMPACTACION Y RELLENO | G18: =SUM(F19:F23) -> 29649894 | H18: =+G18/$G$46 -> 0.059192328
A19: 2.01 | B19: Excavación a maquina para submuración, subsuelo y fundaciones | C19: m3 | D19: 308 | E19: 52801 | F19: =+E19*D19 -> 16262708 | I19: 1 | K19: =+I19+J19 -> 1 | L19: =+F19*I19 -> 16262708 | M19: =+F19*J19 -> 0 | N19: =+F19*K19 -> 16262708
A20: 2.02 | B20: Perfilado manual de bases. Relleno y compactación de pozos | C20: gl | D20: 1 | E20: 11624716 | F20: =+E20*D20 -> 11624716 | I20: 1 | K20: =+I20+J20 -> 1 | L20: =+F20*I20 -> 11624716 | M20: =+F20*J20 -> 0 | N20: =+F20*K20 -> 11624716
A21: 2.03 | B21: Excavación manual para vigas de fundación | C21: m3 | D21: 15 | E21: 117498 | F21: =+E21*D21 -> 1762470 | I21: 1 | K21: =+I21+J21 -> 1 | L21: =+F21*I21 -> 1762470 | M21: =+F21*J21 -> 0 | N21: =+F21*K21 -> 1762470
A22: 2.04 | B22: Aporte y compactación de suelo seleccionado, e: 40 cm (2 capas de 20 cm) - Cotizado Hº Pobre en item 8,02 | C22: m2 | D22: 0 | E22: 28536 | F22: =+E22*D22 -> 0 | I22: 0 | K22: =+I22+J22 -> 0 | L22: =+F22*I22 -> 0 | M22: =+F22*J22 -> 0 | N22: =+F22*K22 -> 0
A23: 2.05 | B23: Demolición de bases existentes - No cotiza | C23: gl | D23: 0 | E23: 0 | F23: =+E23*D23 -> 0 | I23: 0 | K23: =+I23+J23 -> 0 | L23: =+F23*I23 -> 0 | M23: =+F23*J23 -> 0 | N23: =+F23*K23 -> 0
A24: 3 | B24: ESTRUCTURA RESISTENTE | G24: =SUM(F25:F45) -> 451369624 | H24: =+G24/$G$46 -> 0.90110335
A25: 3.01 | B25: Hormigón de limpieza - e: 10 cm | C25: m3 | D25: 13 | E25: 293139 | F25: =+E25*D25 -> 3810807 | I25: 1 | K25: =+I25+J25 -> 1 | L25: =+F25*I25 -> 3810807 | M25: =+F25*J25 -> 0 | N25: =+F25*K25 -> 3810807
A26: 3.02 | B26: Pilotes de tracción Ø 20 cm - (120 kg/m3 de hierro) | C26: u | D26: 18 | E26: 460697 | F26: =+E26*D26 -> 8292546 | I26: 1 | K26: =+I26+J26 -> 1 | L26: =+F26*I26 -> 8292546 | M26: =+F26*J26 -> 0 | N26: =+F26*K26 -> 8292546
A27: 3.03 | B27: Tabique submuración - H35 (95 kg/m3 de hierro) | C27: m3 | D27: 12 | E27: 1027679 | F27: =+E27*D27 -> 12332148 | I27: 1 | K27: =+I27+J27 -> 1 | L27: =+F27*I27 -> 12332148 | M27: =+F27*J27 -> 0 | N27: =+F27*K27 -> 12332148
A28: 3.04 | B28: Zapata corrida tabique - H35 (120 kg/m3 de hierro) | C28: m3 | D28: 7 | E28: 960201 | F28: =+E28*D28 -> 6721407 | I28: 1 | K28: =+I28+J28 -> 1 | L28: =+F28*I28 -> 6721407 | M28: =+F28*J28 -> 0 | N28: =+F28*K28 -> 6721407
A29: 3.05 | B29: Platea - H35 (95 kg/m3 de hierro) | C29: m3 | D29: 38 | E29: 714274 | F29: =+E29*D29 -> 27142412 | I29: 1 | K29: =+I29+J29 -> 1 | L29: =+F29*I29 -> 27142412 | M29: =+F29*J29 -> 0 | N29: =+F29*K29 -> 27142412
A30: 3.06 | B30: Bases aisladas - (60 kg/m3 de hierro) | C30: m3 | D30: 51 | E30: 634926 | F30: =+E30*D30 -> 32381226 | I30: 1 | K30: =+I30+J30 -> 1 | L30: =+F30*I30 -> 32381226 | M30: =+F30*J30 -> 0 | N30: =+F30*K30 -> 32381226
A31: 3.07 | B31: Troncos de columnas - H35 (240 kg/m3 de hierro) | C31: m3 | D31: 16 | E31: 1289285 | F31: =+E31*D31 -> 20628560 | I31: 1 | K31: =+I31+J31 -> 1 | L31: =+F31*I31 -> 20628560 | M31: =+F31*J31 -> 0 | N31: =+F31*K31 -> 20628560
A32: 3.08 | B32: Viga de encadenado - H35 (180 kg/m3 de hierro) | C32: m3 | D32: 7 | E32: 1096226 | F32: =+E32*D32 -> 7673582 | I32: 1 | K32: =+I32+J32 -> 1 | L32: =+F32*I32 -> 7673582 | M32: =+F32*J32 -> 0 | N32: =+F32*K32 -> 7673582
A33: 3.09 | B33: Losa maciza - H35 (100 kg/m3 de hierro) | C33: m3 | D33: 90 | E33: 804023 | F33: =+E33*D33 -> 72362070 | I33: 0.1333 | J33: 0.0258 | K33: =+I33+J33 -> 0.1591 | L33: =+F33*I33 -> 9645863.9 | M33: =+F33*J33 -> 1866941.4 | N33: =+F33*K33 -> 11512805 | O33: =K33*D33 -> 14.319 | P33: =D33-O33 -> 75.681
A34: 3.1 | B34: Losa maciza de Hº visto - H35 (100 kg/m3 de hierro) | C34: m3 | D34: 32 | E34: 888733 | F34: =+E34*D34 -> 28439456 | I34: 1.0028 | J34: =-'GDR 3760_Pto. 01_Cert. 09 (2)'!R34 -> 0 | K34: =+I34+J34 -> 1.0028 | L34: =+F34*I34 -> 28519086 | M34: =+F34*J34 -> 0 | N34: =+F34*K34 -> 28519086
A35: 3.11 | B35: Vigas - H35 (180 kg/m3 de hierro) | C35: m3 | D35: 46 | E35: 1494687 | F35: =+E35*D35 -> 68755602 | I35: 0.5824 | J35: 0.116 | K35: =+I35+J35 -> 0.6984 | L35: =+F35*I35 -> 40043263 | M35: =+F35*J35 -> 7975649.8 | N35: =+F35*K35 -> 48018912 | O35: =K35*D35 -> 32.1264 | P35: =D35-O35 -> 13.8736
A36: 3.12 | B36: Vigas de H° visto - H35 (180 kg/m3 de hierro) | C36: m3 | D36: 31 | E36: 1673385 | F36: =+E36*D36 -> 51874935 | I36: 1 | K36: =+I36+J36 -> 1 | L36: =+F36*I36 -> 51874935 | M36: =+F36*J36 -> 0 | N36: =+F36*K36 -> 51874935
A37: 3.13 | B37: Tabiques - H35 (100 kg/m3 de hierro) | C37: m3 | D37: 24 | E37: 1039014 | F37: =+E37*D37 -> 24936336 | I37: 0.6519 | J37: 0.3481 | K37: =+I37+J37 -> 1 | L37: =+F37*I37 -> 16255997 | M37: =+F37*J37 -> 8680338.6 | N37: =+F37*K37 -> 24936336
A38: 3.14 | B38: Columna - H35 (180 Kg/m3 de hierro) | C38: m3 | D38: 39 | E38: 1153260 | F38: =+E38*D38 -> 44977140 | I38: 0.8189 | J38: 0.1811 | K38: =+I38+J38 -> 1 | L38: =+F38*I38 -> 36831780 | M38: =+F38*J38 -> 8145360.1 | N38: =+F38*K38 -> 44977140
A39: 3.16 | B39: Columna vista- H35 (180 Kg/m3 de hierro) | C39: m3 | D39: 4 | E39: 1254164 | F39: =+E39*D39 -> 5016656 | I39: 0.6325 | J39: 0.3675 | K39: =+I39+J39 -> 1 | L39: =+F39*I39 -> 3173034.9 | M39: =+F39*J39 -> 1843621.1 | N39: =+F39*K39 -> 5016656
A40: 3.17 | B40: Escaleras de Hº visto - H35 (105 kg/m3 de hierro) | C40: m3 | D40: 10 | E40: 1111535 | F40: =+E40*D40 -> 11115350 | I40: 0.564 | J40: 0.436 | K40: =+I40+J40 -> 1 | L40: =+F40*I40 -> 6269057.4 | M40: =+F40*J40 -> 4846292.6 | N40: =+F40*K40 -> 11115350
A41: 3.18 | B41: Tanques de HºAº - H35 (100 kg/m3 de hierro) - Tanque de reserva | C41: m3 | D41: 6 | E41: 1039014 | F41: =+E41*D41 -> 6234084 | I41: 0 | J41: 0 | K41: =+I41+J41 -> 0 | L41: =+F41*I41 -> 0 | M41: =+F41*J41 -> 0 | N41: =+F41*K41 -> 0 | O41: =K41*D41 -> 0 | P41: =D41-O41 -> 6
A42: 3.19 | B42: Sistema de apuntalamiento y reapuntalamiento | C42: gl | D42: 1 | E42: 11272951 | F42: =+E42*D42 -> 11272951 | I42: 0.65 | J42: 0.35 | K42: =+I42+J42 -> 1 | L42: =+F42*I42 -> 7327418.2 | M42: =+F42*J42 -> 3945532.8 | N42: =+F42*K42 -> 11272951
A43: 3.2 | B43: Ensayos de hormigon por etapas de hormigonado | C43: u | D43: 15 | E43: 304811 | F43: =+E43*D43 -> 4572165 | I43: 0.8 | J43: 0.2 | K43: =+I43+J43 -> 1 | L43: =+F43*I43 -> 3657732 | M43: =+F43*J43 -> 914433 | N43: =+F43*K43 -> 4572165
A44: 3.21 | B44: Permiso de estacionamiento de bomba de hormigón a contramano | C44: gl | D44: 3 | E44: 68289 | F44: =+E44*D44 -> 204867 | I44: 1 | K44: =+I44+J44 -> 1 | L44: =+F44*I44 -> 204867 | M44: =+F44*J44 -> 0 | N44: =+F44*K44 -> 204867
A45: 3.22 | B45: Picado de medianeras para columnas y vigas - Cotizado para PB y 1P | C45: m2 | D45: 78 | E45: 33658 | F45: =+E45*D45 -> 2625324 | I45: 1 | K45: =+I45+J45 -> 1 | L45: =+F45*I45 -> 2625324 | M45: =+F45*J45 -> 0 | N45: =+F45*K45 -> 2625324
B46: SUB TOTAL OBRA GRIS | F46: =SUM(F8:F45) -> 500907720 | G46: =SUM(G8:G45) -> 500907720 | H46: =+G46/$G$46 -> 1 | L46: =+SUM(L8:L45) -> 3.7001181e+08 | M46: =+SUM(M8:M45) -> 43155505 | N46: =+SUM(N8:N45) -> 4.1316731e+08
M47: =+M46/G46 -> 0.086154601 | N47: =+N46/G46 -> 0.82483718
B50: RESUMEN CERTIFICADO | K50: CERT. N° | L50: =+J4 -> 9 | N50: =+N4 -> 45988
B51: Descripción | M51: % | N51: IMPORTE
A52: A | B52: Presupuesto aprobado | N52: =+G46 -> 500907720
A53: B | B53: Anticipo | M53: 0.4 | N53: =+M53*N52 -> 200363088
A54: C | B54: Certificado actual | N54: =+M46 -> 43155505
A55: D | B55: Desacopio | M55: =-M53 -> -0.4 | N55: =+M55*N54 -> -17262202
A56: E | B56: Subtotal certificacion actual completa (SIN IVA) | N56: =+N54+N55 -> 25893303
F60: GDR | G60: Pto | H60: % | I60: Cert.
F61: #1 | G61: =+G46 -> 500907720 | H61: 1 | I61: =+G61*H61 -> 500907720
F62: # 2 | G62: 844845248 | H62: =+I62/G62 -> 0.16832995 | I62: 1.4221276e+08
G63: =+SUM(G61:G62) -> 1345752968 | H63: =+I63/G63 -> 0.47788895 | I63: =+SUM(I61:I62) -> 6.4312048e+08

Sheet GDR 3760_Pto. 01_Cert. 09 (2)
F1: DÓLAR BNA | G1: DÓLAR MEP
F2: 1066.5 | G2: 1170
F4: 45667 | I4: Certificado | J4: 9 | N4: 45988
B5: OBRA: EDIFICIO GDR 3760
B6: PRESUPUESTO OBRA CIVIL 01 | I6: Avance | L6: Importe
B7: Descripción | C7: U | D7: Cant | E7: P unit | F7: Subtotal | I7: Anterior | J7: Actual | K7: Acumulado | L7: Anterior | M7: Actual | N7: Acumulado
A8: 1 | B8: TAREAS PRELIMINARES | G8: =SUM(F9:F17) -> 19888202 | H8: =+G8/$G$46 -> 0.039704323
A9: 1.01 | B9: Limpieza y preparación del terreno - No cotiza | C9: gl | D9: 1 | E9: 0 | F9: =+E9*D9 -> 0 | I9: 0 | K9: =+I9+J9 -> 0 | L9: =+F9*I9 -> 0 | M9: =+F9*J9 -> 0 | N9: =+F9*K9 -> 0
A10: 1.02 | B10: Topógrafo - Visita de obra replanteo | C10: gl | D10: 3 | E10: 384981 | F10: =+E10*D10 -> 1154943 | I10: 0.33 | J10: 0.67 | K10: =+I10+J10 -> 1 | L10: =+F10*I10 -> 381131.19 | M10: =+F10*J10 -> 773811.81 | N10: =+F10*K10 -> 1154943
A11: 1.03 | B11: Cartel de Obra - No cotiza | C11: gl | D11: 1 | E11: 0 | F11: =+E11*D11 -> 0 | I11: 0 | K11: =+I11+J11 -> 0 | L11: =+F11*I11 -> 0 | M11: =+F11*J11 -> 0 | N11: =+F11*K11 -> 0
A12: 1.04 | B12: Cerco de obra perimetral - En chapa C25 + Concertina + Porton corredizo | C12: ml | D12: 10 | E12: 256997 | F12: =+E12*D12 -> 2569970 | I12: 0.75 | J12: 0.25 | K12: =+I12+J12 -> 1 | L12: =+F12*I12 -> 1927477.5 | M12: =+F12*J12 -> 642492.5 | N12: =+F12*K12 -> 2569970
A13: 1.05 | B13: Obrador, pañol y ducha. | C13: gl | D13: 1 | E13: 9812332 | F13: =+E13*D13 -> 9812332 | I13: 0.85 | J13: 0.15 | K13: =+I13+J13 -> 1 | L13: =+F13*I13 -> 8340482.2 | M13: =+F13*J13 -> 1471849.8 | N13: =+F13*K13 -> 9812332
A14: 1.06 | B14: Alquiler de baños quimicos y duchas portatiles | C14: mes | D14: 4 | E14: 442847 | F14: =+E14*D14 -> 1771388 | I14: 1 | K14: =+I14+J14 -> 1 | L14: =+F14*I14 -> 1771388 | M14: =+F14*J14 -> 0 | N14: =+F14*K14 -> 1771388
A15: 1.07 | B15: Conexión pilar y luz de obra + Tablero de obra | C15: gl | D15: 1 | E15: 2287982 | F15: =+E15*D15 -> 2287982 | I15: 0.8 | J15: 0.2 | K15: =+I15+J15 -> 1 | L15: =+F15*I15 -> 1830385.6 | M15: =+F15*J15 -> 457596.4 | N15: =+F15*K15 -> 2287982
A16: 1.08 | B16: Conexión agua de obra, tanque + bomba | C16: gl | D16: 1 | E16: 1808218 | F16: =+E16*D16 -> 1808218 | I16: 0.2 | J16: 0.8 | K16: =+I16+J16 -> 1 | L16: =+F16*I16 -> 361643.6 | M16: =+F16*J16 -> 1446574.4 | N16: =+F16*K16 -> 1808218
A17: 1.09 | B17: Tramite luz de obra, certificado luz de obra (2) y medición PAT | C17: gl | D17: 1 | E17: 483369 | F17: =+E17*D17 -> 483369 | I17: 0.7 | J17: 0.3 | K17: =+I17+J17 -> 1 | L17: =+F17*I17 -> 338358.3 | M17: =+F17*J17 -> 145010.7 | N17: =+F17*K17 -> 483369
A18: 2 | B18: MOVIMIENTO DE TIERRA, COMPACTACION Y RELLENO | G18: =SUM(F19:F23) -> 29649894 | H18: =+G18/$G$46 -> 0.059192328
A19: 2.01 | B19: Excavación a maquina para submuración, subsuelo y fundaciones | C19: m3 | D19: 308 | E19: 52801 | F19: =+E19*D19 -> 16262708 | I19: 1 | K19: =+I19+J19 -> 1 | L19: =+F19*I19 -> 16262708 | M19: =+F19*J19 -> 0 | N19: =+F19*K19 -> 16262708
A20: 2.02 | B20: Perfilado manual de bases. Relleno y compactación de pozos | C20: gl | D20: 1 | E20: 11624716 | F20: =+E20*D20 -> 11624716 | I20: 1 | K20: =+I20+J20 -> 1 | L20: =+F20*I20 -> 11624716 | M20: =+F20*J20 -> 0 | N20: =+F20*K20 -> 11624716
A21: 2.03 | B21: Excavación manual para vigas de fundación | C21: m3 | D21: 15 | E21: 117498 | F21: =+E21*D21 -> 1762470 | I21: 1 | K21: =+I21+J21 -> 1 | L21: =+F21*I21 -> 1762470 | M21: =+F21*J21 -> 0 | N21: =+F21*K21 -> 1762470
A22: 2.04 | B22: Aporte y compactación de suelo seleccionado, e: 40 cm (2 capas de 20 cm) - Cotizado Hº Pobre en item 8,02 | C22: m2 | D22: 0 | E22: 28536 | F22: =+E22*D22 -> 0 | I22: 0 | K22: =+I22+J22 -> 0 | L22: =+F22*I22 -> 0 | M22: =+F22*J22 -> 0 | N22: =+F22*K22 -> 0
A23: 2.05 | B23: Demolición de bases existentes - No cotiza | C23: gl | D23: 0 | E23: 0 | F23: =+E23*D23 -> 0 | I23: 0 | K23: =+I23+J23 -> 0 | L23: =+F23*I23 -> 0 | M23: =+F23*J23 -> 0 | N23: =+F23*K23 -> 0
A24: 3 | B24: ESTRUCTURA RESISTENTE | G24: =SUM(F25:F45) -> 451369624 | H24: =+G24/$G$46 -> 0.90110335
A25: 3.01 | B25: Hormigón de limpieza - e: 10 cm | C25: m3 | D25: 13 | E25: 293139 | F25: =+E25*D25 -> 3810807 | I25: 1 | K25: =+I25+J25 -> 1 | L25: =+F25*I25 -> 3810807 | M25: =+F25*J25 -> 0 | N25: =+F25*K25 -> 3810807
A26: 3.02 | B26: Pilotes de tracción Ø 20 cm - (120 kg/m3 de hierro) | C26: u | D26: 18 | E26: 460697 | F26: =+E26*D26 -> 8292546 | I26: 1 | K26: =+I26+J26 -> 1 | L26: =+F26*I26 -> 8292546 | M26: =+F26*J26 -> 0 | N26: =+F26*K26 -> 8292546
A27: 3.03 | B27: Tabique submuración - H35 (95 kg/m3 de hierro) | C27: m3 | D27: 12 | E27: 1027679 | F27: =+E27*D27 -> 12332148 | I27: 1 | K27: =+I27+J27 -> 1 | L27: =+F27*I27 -> 12332148 | M27: =+F27*J27 -> 0 | N27: =+F27*K27 -> 12332148
A28: 3.04 | B28: Zapata corrida tabique - H35 (120 kg/m3 de hierro) | C28: m3 | D28: 7 | E28: 960201 | F28: =+E28*D28 -> 6721407 | I28: 1 | K28: =+I28+J28 -> 1 | L28: =+F28*I28 -> 6721407 | M28: =+F28*J28 -> 0 | N28: =+F28*K28 -> 6721407
A29: 3.05 | B29: Platea - H35 (95 kg/m3 de hierro) | C29: m3 | D29: 38 | E29: 714274 | F29: =+E29*D29 -> 27142412 | I29: 1 | K29: =+I29+J29 -> 1 | L29: =+F29*I29 -> 27142412 | M29: =+F29*J29 -> 0 | N29: =+F29*K29 -> 27142412
A30: 3.06 | B30: Bases aisladas - (60 kg/m3 de hierro) | C30: m3 | D30: 51 | E30: 634926 | F30: =+E30*D30 -> 32381226 | I30: 1 | K30: =+I30+J30 -> 1 | L30: =+F30*I30 -> 32381226 | M30: =+F30*J30 -> 0 | N30: =+F30*K30 -> 32381226
A31: 3.07 | B31: Troncos de columnas - H35 (240 kg/m3 de hierro) | C31: m3 | D31: 16 | E31: 1289285 | F31: =+E31*D31 -> 20628560 | I31: 1 | K31: =+I31+J31 -> 1 | L31: =+F31*I31 -> 20628560 | M31: =+F31*J31 -> 0 | N31: =+F31*K31 -> 20628560
A32: 3.08 | B32: Viga de encadenado - H35 (180 kg/m3 de hierro) | C32: m3 | D32: 7 | E32: 1096226 | F32: =+E32*D32 -> 7673582 | I32: 1 | K32: =+I32+J32 -> 1 | L32: =+F32*I32 -> 7673582 | M32: =+F32*J32 -> 0 | N32: =+F32*K32 -> 7673582
A33: 3.09 | B33: Losa maciza - H35 (100 kg/m3 de hierro) | C33: m3 | D33: 90 | E33: 804023 | F33: =+E33*D33 -> 72362070 | I33: 0.1333 | J33: =100%-I33 -> 0.8667 | K33: =+I33+J33 -> 1 | L33: =+F33*I33 -> 9645863.9 | M33: =+F33*J33 -> 62716206 | N33: =+F33*K33 -> 72362070 | O33: =K33*D33 -> 90 | P33: =D33-O33 -> 0 | T33: =F33*0.4 -> 28944828
A34: 3.1 | B34: Losa maciza de Hº visto - H35 (100 kg/m3 de hierro) | C34: m3 | D34: 32 | E34: 888733 | F34: =+E34*D34 -> 28439456 | I34: 1.0028 | J34: -0.0028 | K34: =+I34+J34 -> 1 | L34: =+F34*I34 -> 28519086 | M34: =+F34*J34 -> -79630.477 | N34: =+F34*K34 -> 28439456 | P34: =R34*D34 -> 0 | Q34: =N34-F34 -> 0 | R34: =Q34/F34 -> 0
A35: 3.11 | B35: Vigas - H35 (180 kg/m3 de hierro) | C35: m3 | D35: 46 | E35: 1494687 | F35: =+E35*D35 -> 68755602 | I35: 0.5824 | J35: =100%-I35 -> 0.4176 | K35: =+I35+J35 -> 1 | L35: =+F35*I35 -> 40043263 | M35: =+F35*J35 -> 28712339 | N35: =+F35*K35 -> 68755602 | O35: =K35*D35 -> 46 | P35: =D35-O35 -> 0 | T35: =F35*0.4 -> 27502241
A36: 3.12 | B36: Vigas de H° visto - H35 (180 kg/m3 de hierro) | C36: m3 | D36: 31 | E36: 1673385 | F36: =+E36*D36 -> 51874935 | I36: 1 | K36: =+I36+J36 -> 1 | L36: =+F36*I36 -> 51874935 | M36: =+F36*J36 -> 0 | N36: =+F36*K36 -> 51874935
A37: 3.13 | B37: Tabiques - H35 (100 kg/m3 de hierro) | C37: m3 | D37: 24 | E37: 1039014 | F37: =+E37*D37 -> 24936336 | I37: 0.6519 | J37: 0.3481 | K37: =+I37+J37 -> 1 | L37: =+F37*I37 -> 16255997 | M37: =+F37*J37 -> 8680338.6 | N37: =+F37*K37 -> 24936336
A38: 3.14 | B38: Columna - H35 (180 Kg/m3 de hierro) | C38: m3 | D38: 39 | E38: 1153260 | F38: =+E38*D38 -> 44977140 | I38: 0.8189 | J38: 0.1811 | K38: =+I38+J38 -> 1 | L38: =+F38*I38 -> 36831780 | M38: =+F38*J38 -> 8145360.1 | N38: =+F38*K38 -> 44977140
A39: 3.16 | B39: Columna vista- H35 (180 Kg/m3 de hierro) | C39: m3 | D39: 4 | E39: 1254164 | F39: =+E39*D39 -> 5016656 | I39: 0.6325 | J39: 0.3675 | K39: =+I39+J39 -> 1 | L39: =+F39*I39 -> 3173034.9 | M39: =+F39*J39 -> 1843621.1 | N39: =+F39*K39 -> 5016656
A40: 3.17 | B40: Escaleras de Hº visto - H35 (105 kg/m3 de hierro) | C40: m3 | D40: 10 | E40: 1111535 | F40: =+E40*D40 -> 11115350 | I40: 0.564 | J40: 0.436 | K40: =+I40+J40 -> 1 | L40: =+F40*I40 -> 6269057.4 | M40: =+F40*J40 -> 4846292.6 | N40: =+F40*K40 -> 11115350
A41: 3.18 | B41: Tanques de HºAº - H35 (100 kg/m3 de hierro) - Tanque de reserva | C41: m3 | D41: 6 | E41: 1039014 | F41: =+E41*D41 -> 6234084 | I41: 0 | J41: =100%-I41 -> 1 | K41: =+I41+J41 -> 1 | L41: =+F41*I41 -> 0 | M41: =+F41*J41 -> 6234084 | N41: =+F41*K41 -> 6234084 | O41: =K41*D41 -> 6 | P41: =D41-O41 -> 0 | T41: =F41*0.4 -> 2493633.6
A42: 3.19 | B42: Sistema de apuntalamiento y reapuntalamiento | C42: gl | D42: 1 | E42: 11272951 | F42: =+E42*D42 -> 11272951 | I42: 0.65 | J42: 0.35 | K42: =+I42+J42 -> 1 | L42: =+F42*I42 -> 7327418.2 | M42: =+F42*J42 -> 3945532.8 | N42: =+F42*K42 -> 11272951
A43: 3.2 | B43: Ensayos de hormigon por etapas de hormigonado | C43: u | D43: 15 | E43: 304811 | F43: =+E43*D43 -> 4572165 | I43: 0.8 | J43: 0.2 | K43: =+I43+J43 -> 1 | L43: =+F43*I43 -> 3657732 | M43: =+F43*J43 -> 914433 | N43: =+F43*K43 -> 4572165
A44: 3.21 | B44: Permiso de estacionamiento de bomba de hormigón a contramano | C44: gl | D44: 3 | E44: 68289 | F44: =+E44*D44 -> 204867 | I44: 1 | K44: =+I44+J44 -> 1 | L44: =+F44*I44 -> 204867 | M44: =+F44*J44 -> 0 | N44: =+F44*K44 -> 204867
A45: 3.22 | B45: Picado de medianeras para columnas y vigas - Cotizado para PB y 1P | C45: m2 | D45: 78 | E45: 33658 | F45: =+E45*D45 -> 2625324 | I45: 1 | K45: =+I45+J45 -> 1 | L45: =+F45*I45 -> 2625324 | M45: =+F45*J45 -> 0 | N45: =+F45*K45 -> 2625324
B46: SUB TOTAL OBRA GRIS | F46: =SUM(F8:F45) -> 500907720 | G46: =SUM(G8:G45) -> 500907720 | H46: =+G46/$G$46 -> 1 | L46: =+SUM(L8:L45) -> 3.7001181e+08 | M46: =+SUM(M8:M45) -> 1.3089591e+08 | N46: =+SUM(N8:N45) -> 500907720 | O46: =+N46-G46 -> 0 | P46: =+N46+N53 -> 4.1308768e+08
M47: =+M46/G46 -> 0.26131742 | N47: =+N46/G46 -> 1 | T47: =SUM(T26:T46) -> 58940702
A48: 3 | B48: DEDUCTIVOS | G48: =SUM(F49:F52) -> -87820038 | H48: =+G48/$G$46 -> -0.17532179 | P48: =+N46 -> 500907720
A49: =A34 -> 3.1 | B49: =B34 -> Losa maciza de Hº visto - H35 (100 kg/m3 de hierro) | C49: m3 | D49: =-P34 -> 0 | E49: =E34 -> 888733 | F49: =+E49*D49 -> 0 | J49: 1 | K49: =+I49+J49 -> 1 | L49: =+F49*I49 -> 0 | M49: =+F49*J49 -> 0 | N49: =+F49*K49 -> 0 | P49: =+N53 -> -87820038
A50: =A33 -> 3.09 | B50: =B33 -> Losa maciza - H35 (100 kg/m3 de hierro) | C50: m3 | D50: =-'GDR 3760_Pto. 01_Cert. 09'!P33 -> -75.681 | E50: =E33 -> 804023 | F50: =+E50*D50 -> -60849265 | J50: 1 | K50: =+I50+J50 -> 1 | L50: =+F50*I50 -> 0 | M50: =+F50*J50 -> -60849265 | N50: =+F50*K50 -> -60849265 | P50: 93845459
A51: =A35 -> 3.11 | B51: =B35 -> Vigas - H35 (180 kg/m3 de hierro) | C51: =C35 -> m3 | D51: =-'GDR 3760_Pto. 01_Cert. 09'!P35 -> -13.8736 | E51: =E35 -> 1494687 | F51: =+E51*D51 -> -20736690 | J51: 1 | K51: =+I51+J51 -> 1 | L51: =+F51*I51 -> 0 | M51: =+F51*J51 -> -20736690 | N51: =+F51*K51 -> -20736690 | P51: =+P48+P49+P50 -> 5.0693314e+08
A52: =A41 -> 3.18 | B52: =B41 -> Tanques de HºAº - H35 (100 kg/m3 de hierro) - Tanque de reserva | C52: =C41 -> m3 | D52: =-'GDR 3760_Pto. 01_Cert. 09'!P41 -> -6 | E52: =E41 -> 1039014 | F52: =+E52*D52 -> -6234084 | J52: 1 | K52: =+I52+J52 -> 1 | L52: =+F52*I52 -> 0 | M52: =+F52*J52 -> -6234084 | N52: =+F52*K52 -> -6234084
B53: SUBTOTAL DEDUCTIVOS PTO#1 | G53: =SUM(G48:G52) -> -87820038 | L53: =SUM(L50:L52) -> 0 | M53: =SUM(M49:M52) -> -87820038 | N53: =SUM(N49:N52) -> -87820038 | P53: =+M53*0.4 -> -35128015
M54: =+M53/G53 -> 1 | N54: =+N53/G53 -> 1
B56: RESUMEN CERTIFICADO | K56: CERT. N° | L56: =+J4 -> 9 | N56: =+N4 -> 45988
B57: Descripción | M57: % | N57: IMPORTE
A58: A | B58: Presupuesto aprobado | N58: =+G46 -> 500907720
A59: B | B59: Anticipo | M59: 0.4 | N59: =+M59*N58 -> 200363088
A60: C | B60: Certificado actual | N60: =+M46+M53 -> 43075875 | O60: =M46 -> 1.3089591e+08
A61: D | B61: Desacopio | M61: =-M59 -> -0.4 | N61: =+M61*N60 -> -17230350 | O61: =+O60*M61 -> -52358365
A62: E | B62: Subtotal certificacion actual completa (SIN IVA) | N62: =+N60+N61 -> 25845525 | O62: =+O60+O61 -> 78537548
O63: =+M53 -> -87820038
O64: =+O62+O63 -> -9282490.6
F66: GDR | G66: Pto | H66: % | I66: Cert.
F67: #1 | G67: =+G46 -> 500907720 | H67: 1 | I67: =+G67*H67 -> 500907720
F68: # 2 | G68: 844845248 | H68: =+I68/G68 -> 0.16832995 | I68: 1.4221276e+08
G69: =+SUM(G67:G68) -> 1345752968 | H69: =+I69/G69 -> 0.47788895 | I69: =+SUM(I67:I68) -> 6.4312048e+08
