Workbook
Name \0: #REF!
Name \c: #REF!
Name \E: #REF!
Name \i: #REF!
Name \j: #REF!
Name \m: #REF!
Name \P: #REF!
Name \P: #REF!
Name \P: #REF!
Name \P: #REF!
Name \P: #REF!
Name \P: #REF!
Name \P: #REF!
Name \P: #REF!
Name \P: #REF!
Name \P: #REF!
Name \P: #REF!
Name \P: #REF!
Name \P: #REF!
Name \r: #N/A
Name \x: #REF!
Name \z: #REF!
Name __________ben1: #REF!
Name __________ben1: #REF!
Name __________ben1: #REF!
Name __________ben1: #REF!
Name __________ben1: #REF!
Name __________ben1: #REF!
Name __________ben1: #REF!
Name __________ben1: #REF!
Name __________ben1: #REF!
Name __________ben1: #REF!
Name __________ben1: #REF!
Name __________ben1: #REF!
Name __________ben1: #REF!
Name __________ben10: #REF!
Name __________ben10: #REF!
Name __________ben10: #REF!
Name __________ben10: #REF!
Name __________ben10: #REF!
Name __________ben10: #REF!
Name __________ben10: #REF!
Name __________ben10: #REF!
Name __________ben10: #REF!
Name __________ben10: #REF!
Name __________ben10: #REF!
Name __________ben10: #REF!
Name __________ben10: #REF!
Name __________ben15: #REF!
Name __________ben15: #REF!
Name __________ben15: #REF!
Name __________ben15: #REF!
Name __________ben15: #REF!
Name __________ben15: #REF!
Name __________ben15: #REF!
Name __________ben15: #REF!
Name __________ben15: #REF!
Name __________ben15: #REF!
Name __________ben15: #REF!
Name __________ben15: #REF!

Sheet SVD 4140_Pto. 01_Cert. 01
G2: DÓLAR BNA | H2: DÓLAR MEP
F3: cotiz oct24 | G3: 1005 | H3: 1170
G5: 45628
C6: OBRA: EDIFICIO EL SALVADOR 4140 | J6: Certificado | K6: 1 | O6: 45747
C7: PRESUPUESTO OBRA CIVIL
C8: Descripción | D8: U | E8: Cant | F8: P unit | G8: Subtotal | J8: Avance | M8: Importe
C9: PRESUPUESTO 01 - PRELIMINARES + MOV SUELO + HORMIGON | J9: Anterior | K9: Actual | L9: Acumulado | M9: Anterior | N9: Actual | O9: Acumulado
B10: 1 | C10: TAREAS PRELIMINARES | H10: =SUM(G11:G20) -> 24784163 | I10: =+H10/$H$57 -> 0.058826981
B11: 1.01 | C11: Limpieza y preparación del terreno - No cotiza | D11: gl | E11: 0 | F11: 0 | G11: =+F11*E11 -> 0 | L11: =+J11+K11 -> 0 | M11: =+G11*J11 -> 0 | N11: =+G11*K11 -> 0 | O11: =+G11*L11 -> 0
B12: 1.02 | C12: Topógrafo - Visita de obra replanteo | D12: un | E12: 3 | F12: 379588 | G12: =+F12*E12 -> 1138764 | K12: 0.65 | L12: =+J12+K12 -> 0.65 | M12: =+G12*J12 -> 0 | N12: =+G12*K12 -> 740196.6 | O12: =+G12*L12 -> 740196.6
B13: 1.03 | C13: Cartel de Obra - No cotiza | D13: gl | E13: 0 | F13: 0 | G13: =+F13*E13 -> 0 | L13: =+J13+K13 -> 0 | M13: =+G13*J13 -> 0 | N13: =+G13*K13 -> 0 | O13: =+G13*L13 -> 0
B14: 1.04 | C14: Cerco de obra perimetral - En chapa C25 + Concertina + Porton corredizo | D14: ml | E14: 11 | F14: 141220 | G14: =+F14*E14 -> 1553420 | L14: =+J14+K14 -> 0 | M14: =+G14*J14 -> 0 | N14: =+G14*K14 -> 0 | O14: =+G14*L14 -> 0
B15: 1.05 | C15: Obrador colgante, pañol y ducha | D15: gl | E15: 1 | F15: 7548771 | G15: =+F15*E15 -> 7548771 | K15: 0.5 | L15: =+J15+K15 -> 0.5 | M15: =+G15*J15 -> 0 | N15: =+G15*K15 -> 3774385.5 | O15: =+G15*L15 -> 3774385.5
B16: 1.06 | C16: Alquiler de baños quimicos y duchas portatiles | D16: mes | E16: 3 | F16: 392028 | G16: =+F16*E16 -> 1176084 | K16: 0.3 | L16: =+J16+K16 -> 0.3 | M16: =+G16*J16 -> 0 | N16: =+G16*K16 -> 352825.2 | O16: =+G16*L16 -> 352825.2
B17: 1.07 | C17: Conexión pilar y luz de obra + Tablero de obra | D17: gl | E17: 1 | F17: 1731320 | G17: =+F17*E17 -> 1731320 | K17: 0.5 | L17: =+J17+K17 -> 0.5 | M17: =+G17*J17 -> 0 | N17: =+G17*K17 -> 865660 | O17: =+G17*L17 -> 865660
B18: 1.08 | C18: Conexión agua de obra, tanque + bomba | D18: gl | E18: 1 | F18: 1405632 | G18: =+F18*E18 -> 1405632 | L18: =+J18+K18 -> 0 | M18: =+G18*J18 -> 0 | N18: =+G18*K18 -> 0 | O18: =+G18*L18 -> 0
B19: 1.09 | C19: Tramite luz de obra, certificado luz de obra (2) y medición PAT | D19: gl | E19: 1 | F19: 426487 | G19: =+F19*E19 -> 426487 | K19: 0.5 | L19: =+J19+K19 -> 0.5 | M19: =+G19*J19 -> 0 | N19: =+G19*K19 -> 213243.5 | O19: =+G19*L19 -> 213243.5
B20: 1.1 | C20: Sistema de depresión de napas | D20: gl | E20: 1 | F20: 9803685 | G20: =+F20*E20 -> 9803685 | K20: 1 | L20: =+J20+K20 -> 1 | M20: =+G20*J20 -> 0 | N20: =+G20*K20 -> 9803685 | O20: =+G20*L20 -> 9803685
B21: 2 | C21: MOVIMIENTO DE TIERRA, COMPACTACION Y RELLENO | H21: =SUM(G22:G24) -> 42017464 | I21: =+H21/$H$57 -> 0.099731451
B22: 2.01 | C22: Excavación a maquina para submuración y subsuelo | D22: m3 | E22: 1266 | F22: 33090 | G22: =+F22*E22 -> 41891940 | K22: 0.35 | L22: =+J22+K22 -> 0.35 | M22: =+G22*J22 -> 0 | N22: =+G22*K22 -> 14662179 | O22: =+G22*L22 -> 14662179
B23: 2.02 | C23: Demolición y retiro de fundaciones existentes - No cotiza | D23: gl | E23: 0 | F23: 0 | G23: =+F23*E23 -> 0 | L23: =+J23+K23 -> 0 | M23: =+G23*J23 -> 0 | N23: =+G23*K23 -> 0 | O23: =+G23*L23 -> 0
B24: 2.03 | C24: Excavación manual para pozo de achique y bombeo | D24: m3 | E24: 2 | F24: 62762 | G24: =+F24*E24 -> 125524 | L24: =+J24+K24 -> 0 | M24: =+G24*J24 -> 0 | N24: =+G24*K24 -> 0 | O24: =+G24*L24 -> 0
B25: 3 | C25: ESTRUCTURA RESISTENTE - sin provision de hierro y hormigon (incluye corte y doblado en obra) | H25: =SUM(G26:G42) -> 277149875 | I25: =+H25/$H$57 -> 0.65783502
B26: 3.01 | C26: Hormigón de limpieza - e: 10 cm | D26: m3 | E26: 35 | F26: 314478 | G26: =+F26*E26 -> 11006730 | L26: =+J26+K26 -> 0 | M26: =+G26*J26 -> 0 | N26: =+G26*K26 -> 0 | O26: =+G26*L26 -> 0
B27: 3.02 | C27: Tabique submuración - H30 hidrófugo (95 kg/m3 de hierro) | D27: m3 | E27: 40 | F27: 536061.6 | G27: =+F27*E27 -> 21442464 | L27: =+J27+K27 -> 0 | M27: =+G27*J27 -> 0 | N27: =+G27*K27 -> 0 | O27: =+G27*L27 -> 0
B28: 3.03 | C28: Zapata corrida tabique - H30 hidrófugo (120 kg/m3) | D28: m3 | E28: 28 | F28: 437680.76 | G28: =+F28*E28 -> 12255061 | L28: =+J28+K28 -> 0 | M28: =+G28*J28 -> 0 | N28: =+G28*K28 -> 0 | O28: =+G28*L28 -> 0
B29: 3.04 | C29: Platea - H30 hidrófugo (95 kg/m3 de hierro) | D29: m3 | E29: 179 | F29: 214461.72 | G29: =+F29*E29 -> 38388648 | L29: =+J29+K29 -> 0 | M29: =+G29*J29 -> 0 | N29: =+G29*K29 -> 0 | O29: =+G29*L29 -> 0
B30: 3.05 | C30: Rampa - H30 (120 kg/m3 de hierro) | D30: m3 | E30: 10 | F30: 462731.65 | G30: =+F30*E30 -> 4627316.5 | L30: =+J30+K30 -> 0 | M30: =+G30*J30 -> 0 | N30: =+G30*K30 -> 0 | O30: =+G30*L30 -> 0
B31: 3.06 | C31: Losa maciza - H30 (110 kg/m3 de hierro) | D31: m3 | E31: 177 | F31: 317280.61 | G31: =+F31*E31 -> 56158669 | L31: =+J31+K31 -> 0 | M31: =+G31*J31 -> 0 | N31: =+G31*K31 -> 0 | O31: =+G31*L31 -> 0
B32: 3.07 | C32: Vigas - H30 (140 kg/m3 de hierro) | D32: m3 | E32: 65 | F32: 789050.44 | G32: =+F32*E32 -> 51288278 | L32: =+J32+K32 -> 0 | M32: =+G32*J32 -> 0 | N32: =+G32*K32 -> 0 | O32: =+G32*L32 -> 0
B33: 3.08 | C33: Vigas de H° visto - H30 (140 kg/m3 de hierro) | D33: m3 | E33: 12 | F33: 917117.82 | G33: =+F33*E33 -> 11005414 | L33: =+J33+K33 -> 0 | M33: =+G33*J33 -> 0 | N33: =+G33*K33 -> 0 | O33: =+G33*L33 -> 0
B34: 3.09 | C34: Tabiques - H30 (120 kg/m3 de hierro) | D34: m3 | E34: 28 | F34: 536061.6 | G34: =+F34*E34 -> 15009725 | L34: =+J34+K34 -> 0 | M34: =+G34*J34 -> 0 | N34: =+G34*K34 -> 0 | O34: =+G34*L34 -> 0
B35: 3.1 | C35: Columna - H30 (240 Kg/m3 de hierro) | D35: m3 | E35: 54 | F35: 473858.97 | G35: =+F35*E35 -> 25588384 | L35: =+J35+K35 -> 0 | M35: =+G35*J35 -> 0 | N35: =+G35*K35 -> 0 | O35: =+G35*L35 -> 0
B36: 3.11 | C36: Escaleras - H30 (105 kg/m3 de hierro) | D36: m3 | E36: 11 | F36: 497587.77 | G36: =+F36*E36 -> 5473465.5 | L36: =+J36+K36 -> 0 | M36: =+G36*J36 -> 0 | N36: =+G36*K36 -> 0 | O36: =+G36*L36 -> 0
B37: 3.12 | C37: Tabiques tanques de H° - H30 (120 kg/m3 de hierro) | D37: m3 | E37: 3 | F37: 536061.6 | G37: =+F37*E37 -> 1608184.8 | L37: =+J37+K37 -> 0 | M37: =+G37*J37 -> 0 | N37: =+G37*K37 -> 0 | O37: =+G37*L37 -> 0
... B42: 3.17 | C42: Picado de medianeras para columnas y vigas - Cotizado solo para PB y 1P, No contempla picado en SS | D42: m2 | E42: 93 | F42: 24580 | G42: =+F42*E42 -> 2285940 | L42: =+J42+K42 -> 0 | M42: =+G42*J42 -> 0 | N42: =+G42*K42 -> 0 | O42: =+G42*L42 -> 0
B43: 24 | C43: AYUDA DE GREMIOS | H43: =SUM(G44:G53) -> 34134166 | I43: =+H43/$H$57 -> 0.081019881
B44: 24.01 | C44: Sereno | D44: mes | E44: 8 | F44: 753138 | G44: =+F44*E44 -> 6025104 | K44: 0.1 | L44: =+J44+K44 -> 0.1 | M44: =+G44*J44 -> 0 | N44: =+G44*K44 -> 602510.4 | O44: =+G44*L44 -> 602510.4
B45: 24.02 | C45: Tecnico de seguridad & higiene permanente en Obra | D45: mes | E45: 4 | F45: 1944871 | G45: =+F45*E45 -> 7779484 | L45: =+J45+K45 -> 0 | M45: =+G45*J45 -> 0 | N45: =+G45*K45 -> 0 | O45: =+G45*L45 -> 0
B46: 24.03 | C46: Higiene y seguridad Res 51 | D46: mes | E46: 8 | F46: 188533 | G46: =+F46*E46 -> 1508264 | K46: 0.1 | L46: =+J46+K46 -> 0.1 | M46: =+G46*J46 -> 0 | N46: =+G46*K46 -> 150826.4 | O46: =+G46*L46 -> 150826.4
B47: 24.04 | C47: Protecciones y defensas | D47: gl | E47: 1 | F47: 4606562 | G47: =+F47*E47 -> 4606562 | L47: =+J47+K47 -> 0 | M47: =+G47*J47 -> 0 | N47: =+G47*K47 -> 0 | O47: =+G47*L47 -> 0
B48: 24.05 | C48: Ayuda de gremios | D48: mes | E48: 8 | F48: 696152 | G48: =+F48*E48 -> 5569216 | L48: =+J48+K48 -> 0 | M48: =+G48*J48 -> 0 | N48: =+G48*K48 -> 0 | O48: =+G48*L48 -> 0
B49: 24.06 | C49: Limpieza periodica | D49: mes | E49: 8 | F49: 452333 | G49: =+F49*E49 -> 3618664 | L49: =+J49+K49 -> 0 | M49: =+G49*J49 -> 0 | N49: =+G49*K49 -> 0 | O49: =+G49*L49 -> 0
B50: 24.07 | C50: Limpieza final de Obra | D50: gl | E50: 0 | F50: 0 | G50: =+F50*E50 -> 0 | L50: =+J50+K50 -> 0 | M50: =+G50*J50 -> 0 | N50: =+G50*K50 -> 0 | O50: =+G50*L50 -> 0
B51: 24.08 | C51: Fletes | D51: mes | E51: 8 | F51: 314221 | G51: =+F51*E51 -> 2513768 | L51: =+J51+K51 -> 0 | M51: =+G51*J51 -> 0 | N51: =+G51*K51 -> 0 | O51: =+G51*L51 -> 0
B52: 24.09 | C52: Alquiler de equipos - Montacargas, tubos de descarga y balancin | D52: mes | E52: 4 | F52: 0 | G52: =+F52*E52 -> 0 | L52: =+J52+K52 -> 0 | M52: =+G52*J52 -> 0 | N52: =+G52*K52 -> 0 | O52: =+G52*L52 -> 0
B53: 24.1 | C53: Volquetes | D53: mes | E53: 8 | F53: 314138 | G53: =+F53*E53 -> 2513104 | L53: =+J53+K53 -> 0 | M53: =+G53*J53 -> 0 | N53: =+G53*K53 -> 0 | O53: =+G53*L53 -> 0
B54: 25 | C54: JEFATURA DE OBRA | H54: =SUM(G55:G56) -> 43220384 | I54: =+H54/$H$57 -> 0.10258667
B55: 25.01 | C55: Supervisión profesional de Obra | D55: mes | E55: 8 | F55: 4774106 | G55: =+F55*E55 -> 38192848 | K55: 0.1 | L55: =+J55+K55 -> 0.1 | M55: =+G55*J55 -> 0 | N55: =+G55*K55 -> 3819284.8 | O55: =+G55*L55 -> 3819284.8
B56: 25.02 | C56: Movilidad y viaticos | D56: mes | E56: 8 | F56: 628442 | G56: =+F56*E56 -> 5027536 | K56: 0.1 | L56: =+J56+K56 -> 0.1 | M56: =+G56*J56 -> 0 | N56: =+G56*K56 -> 502753.6 | O56: =+G56*L56 -> 502753.6
C57: SUBTOTAL PRESUPUESTO 01 (SIN IVA) | G57: =SUM(G10:G56) -> 4.2130605e+08 | H57: =SUM(H10:H56) -> 421306052 | I57: =+SUM(I10:I56) -> 1 | M57: =+SUM(M10:M56) -> 0 | N57: =+SUM(N10:N56) -> 35487550 | O57: =+SUM(O10:O56) -> 35487550
C58: Presupuesto base Sep-24 | O58: =+O57/H57 -> 0.084232234
C61: RESUMEN CERTIFICADO | L61: CERT. N° | M61: =+K6 -> 1 | O61: =+O6 -> 45747
C62: Descripción | N62: % | O62: IMPORTE
B63: A | C63: Presupuesto aprobado | O63: =+H57 -> 421306052 | R63: =+O63 -> 421306052
B64: B | C64: Anticipo | N64: 0.2 | O64: =+N64*O63 -> 84261210 | Q64: -0.1969448 | R64: =+R63*Q64 -> -82974034
B65: C | C65: Certificado actual | O65: =+N57 -> 35487550 | R65: =+N57 -> 35487550
B66: D | C66: Desacopio | N66: =-N64 -> -0.2 | O66: =+N66*O65 -> -7097510 | Q66: =Q64 -> -0.1969448 | R66: =+R65*Q66 -> -6989088.3
B67: E | C67: Subtotal certificacion actual completa (SIN IVA) | O67: =+O65+O66 -> 28390040 | R67: =+R65+R66 -> 28498462
C68: Actualización por CAC base Sep-24 por fuera de OC
R69: =+R67-O67 -> 108421.71

Sheet SVD 4140_Pto. 01_Cert. 2
G2: DÓLAR BNA | H2: DÓLAR MEP
G3: 1005 | H3: 1170
G5: 45628
C6: OBRA: EDIFICIO EL SALVADOR 4140 | J6: Certificado | K6: 2 | O6: 45777
C7: PRESUPUESTO OBRA CIVIL
C8: Descripción | D8: U | E8: Cant | F8: P unit | G8: Subtotal | J8: Avance | M8: Importe
C9: PRESUPUESTO 01 - PRELIMINARES + MOV SUELO + HORMIGON | J9: Anterior | K9: Actual | L9: Acumulado | M9: Anterior | N9: Actual | O9: Acumulado
B10: 1 | C10: TAREAS PRELIMINARES | H10: =SUM(G11:G20) -> 24784163 | I10: =+H10/$H$57 -> 0.058826981
B11: 1.01 | C11: Limpieza y preparación del terreno - No cotiza | D11: gl | E11: 0 | F11: 0 | G11: =+F11*E11 -> 0 | J11: =+'SVD 4140_Pto. 01_Cert. 01'!L11 -> 0 | L11: =+J11+K11 -> 0 | M11: =+G11*J11 -> 0 | N11: =+G11*K11 -> 0 | O11: =+G11*L11 -> 0
B12: 1.02 | C12: Topógrafo - Visita de obra replanteo | D12: un | E12: 3 | F12: 379588 | G12: =+F12*E12 -> 1138764 | J12: =+'SVD 4140_Pto. 01_Cert. 01'!L12 -> 0.65 | L12: =+J12+K12 -> 0.65 | M12: =+G12*J12 -> 740196.6 | N12: =+G12*K12 -> 0 | O12: =+G12*L12 -> 740196.6
B13: 1.03 | C13: Cartel de Obra - No cotiza | D13: gl | E13: 0 | F13: 0 | G13: =+F13*E13 -> 0 | J13: =+'SVD 4140_Pto. 01_Cert. 01'!L13 -> 0 | L13: =+J13+K13 -> 0 | M13: =+G13*J13 -> 0 | N13: =+G13*K13 -> 0 | O13: =+G13*L13 -> 0
B14: 1.04 | C14: Cerco de obra perimetral - En chapa C25 + Concertina + Porton corredizo | D14: ml | E14: 11 | F14: 141220 | G14: =+F14*E14 -> 1553420 | J14: =+'SVD 4140_Pto. 01_Cert. 01'!L14 -> 0 | L14: =+J14+K14 -> 0 | M14: =+G14*J14 -> 0 | N14: =+G14*K14 -> 0 | O14: =+G14*L14 -> 0
B15: 1.05 | C15: Obrador colgante, pañol y ducha | D15: gl | E15: 1 | F15: 7548771 | G15: =+F15*E15 -> 7548771 | J15: =+'SVD 4140_Pto. 01_Cert. 01'!L15 -> 0.5 | L15: =+J15+K15 -> 0.5 | M15: =+G15*J15 -> 3774385.5 | N15: =+G15*K15 -> 0 | O15: =+G15*L15 -> 3774385.5
B16: 1.06 | C16: Alquiler de baños quimicos y duchas portatiles | D16: mes | E16: 3 | F16: 392028 | G16: =+F16*E16 -> 1176084 | J16: =+'SVD 4140_Pto. 01_Cert. 01'!L16 -> 0.3 | K16: 0.2 | L16: =+J16+K16 -> 0.5 | M16: =+G16*J16 -> 352825.2 | N16: =+G16*K16 -> 235216.8 | O16: =+G16*L16 -> 588042
B17: 1.07 | C17: Conexión pilar y luz de obra + Tablero de obra | D17: gl | E17: 1 | F17: 1731320 | G17: =+F17*E17 -> 1731320 | J17: =+'SVD 4140_Pto. 01_Cert. 01'!L17 -> 0.5 | K17: 0.2 | L17: =+J17+K17 -> 0.7 | M17: =+G17*J17 -> 865660 | N17: =+G17*K17 -> 346264 | O17: =+G17*L17 -> 1211924
B18: 1.08 | C18: Conexión agua de obra, tanque + bomba | D18: gl | E18: 1 | F18: 1405632 | G18: =+F18*E18 -> 1405632 | J18: =+'SVD 4140_Pto. 01_Cert. 01'!L18 -> 0 | L18: =+J18+K18 -> 0 | M18: =+G18*J18 -> 0 | N18: =+G18*K18 -> 0 | O18: =+G18*L18 -> 0
B19: 1.09 | C19: Tramite luz de obra, certificado luz de obra (2) y medición PAT | D19: gl | E19: 1 | F19: 426487 | G19: =+F19*E19 -> 426487 | J19: =+'SVD 4140_Pto. 01_Cert. 01'!L19 -> 0.5 | L19: =+J19+K19 -> 0.5 | M19: =+G19*J19 -> 213243.5 | N19: =+G19*K19 -> 0 | O19: =+G19*L19 -> 213243.5
B20: 1.1 | C20: Sistema de depresión de napas | D20: gl | E20: 1 | F20: 9803685 | G20: =+F20*E20 -> 9803685 | J20: =+'SVD 4140_Pto. 01_Cert. 01'!L20 -> 1 | L20: =+J20+K20 -> 1 | M20: =+G20*J20 -> 9803685 | N20: =+G20*K20 -> 0 | O20: =+G20*L20 -> 9803685
B21: 2 | C21: MOVIMIENTO DE TIERRA, COMPACTACION Y RELLENO | H21: =SUM(G22:G24) -> 42017464 | I21: =+H21/$H$57 -> 0.099731451
B22: 2.01 | C22: Excavación a maquina para submuración y subsuelo | D22: m3 | E22: 1266 | F22: 33090 | G22: =+F22*E22 -> 41891940 | J22: =+'SVD 4140_Pto. 01_Cert. 01'!L22 -> 0.35 | L22: =+J22+K22 -> 0.35 | M22: =+G22*J22 -> 14662179 | N22: =+G22*K22 -> 0 | O22: =+G22*L22 -> 14662179
B23: 2.02 | C23: Demolición y retiro de fundaciones existentes - No cotiza | D23: gl | E23: 0 | F23: 0 | G23: =+F23*E23 -> 0 | J23: =+'SVD 4140_Pto. 01_Cert. 01'!L23 -> 0 | L23: =+J23+K23 -> 0 | M23: =+G23*J23 -> 0 | N23: =+G23*K23 -> 0 | O23: =+G23*L23 -> 0
B24: 2.03 | C24: Excavación manual para pozo de achique y bombeo | D24: m3 | E24: 2 | F24: 62762 | G24: =+F24*E24 -> 125524 | J24: =+'SVD 4140_Pto. 01_Cert. 01'!L24 -> 0 | L24: =+J24+K24 -> 0 | M24: =+G24*J24 -> 0 | N24: =+G24*K24 -> 0 | O24: =+G24*L24 -> 0
B25: 3 | C25: ESTRUCTURA RESISTENTE - sin provision de hierro y hormigon (incluye corte y doblado en obra) | H25: =SUM(G26:G42) -> 277149875 | I25: =+H25/$H$57 -> 0.65783502
B26: 3.01 | C26: Hormigón de limpieza - e: 10 cm | D26: m3 | E26: 35 | F26: 314478 | G26: =+F26*E26 -> 11006730 | J26: =+'SVD 4140_Pto. 01_Cert. 01'!L26 -> 0 | K26: 0.15 | L26: =+J26+K26 -> 0.15 | M26: =+G26*J26 -> 0 | N26: =+G26*K26 -> 1651009.5 | O26: =+G26*L26 -> 1651009.5
B27: 3.02 | C27: Tabique submuración - H30 hidrófugo (95 kg/m3 de hierro) | D27: m3 | E27: 40 | F27: 536061.6 | G27: =+F27*E27 -> 21442464 | J27: =+'SVD 4140_Pto. 01_Cert. 01'!L27 -> 0 | K27: 0.25 | L27: =+J27+K27 -> 0.25 | M27: =+G27*J27 -> 0 | N27: =+G27*K27 -> 5360616 | O27: =+G27*L27 -> 5360616
B28: 3.03 | C28: Zapata corrida tabique - H30 hidrófugo (120 kg/m3) | D28: m3 | E28: 28 | F28: 437680.76 | G28: =+F28*E28 -> 12255061 | J28: =+'SVD 4140_Pto. 01_Cert. 01'!L28 -> 0 | K28: 0.25 | L28: =+J28+K28 -> 0.25 | M28: =+G28*J28 -> 0 | N28: =+G28*K28 -> 3063765.3 | O28: =+G28*L28 -> 3063765.3
B29: 3.04 | C29: Platea - H30 hidrófugo (95 kg/m3 de hierro) | D29: m3 | E29: 179 | F29: 214461.72 | G29: =+F29*E29 -> 38388648 | J29: =+'SVD 4140_Pto. 01_Cert. 01'!L29 -> 0 | K29: 0.15 | L29: =+J29+K29 -> 0.15 | M29: =+G29*J29 -> 0 | N29: =+G29*K29 -> 5758297.1 | O29: =+G29*L29 -> 5758297.1
B30: 3.05 | C30: Rampa - H30 (120 kg/m3 de hierro) | D30: m3 | E30: 10 | F30: 462731.65 | G30: =+F30*E30 -> 4627316.5 | J30: =+'SVD 4140_Pto. 01_Cert. 01'!L30 -> 0 | L30: =+J30+K30 -> 0 | M30: =+G30*J30 -> 0 | N30: =+G30*K30 -> 0 | O30: =+G30*L30 -> 0
B31: 3.06 | C31: Losa maciza - H30 (110 kg/m3 de hierro) | D31: m3 | E31: 177 | F31: 317280.61 | G31: =+F31*E31 -> 56158669 | J31: =+'SVD 4140_Pto. 01_Cert. 01'!L31 -> 0 | L31: =+J31+K31 -> 0 | M31: =+G31*J31 -> 0 | N31: =+G31*K31 -> 0 | O31: =+G31*L31 -> 0
B32: 3.07 | C32: Vigas - H30 (140 kg/m3 de hierro) | D32: m3 | E32: 65 | F32: 789050.44 | G32: =+F32*E32 -> 51288278 | J32: =+'SVD 4140_Pto. 01_Cert. 01'!L32 -> 0 | L32: =+J32+K32 -> 0 | M32: =+G32*J32 -> 0 | N32: =+G32*K32 -> 0 | O32: =+G32*L32 -> 0
B33: 3.08 | C33: Vigas de H° visto - H30 (140 kg/m3 de hierro) | D33: m3 | E33: 12 | F33: 917117.82 | G33: =+F33*E33 -> 11005414 | J33: =+'SVD 4140_Pto. 01_Cert. 01'!L33 -> 0 | L33: =+J33+K33 -> 0 | M33: =+G33*J33 -> 0 | N33: =+G33*K33 -> 0 | O33: =+G33*L33 -> 0
B34: 3.09 | C34: Tabiques - H30 (120 kg/m3 de hierro) | D34: m3 | E34: 28 | F34: 536061.6 | G34: =+F34*E34 -> 15009725 | J34: =+'SVD 4140_Pto. 01_Cert. 01'!L34 -> 0 | L34: =+J34+K34 -> 0 | M34: =+G34*J34 -> 0 | N34: =+G34*K34 -> 0 | O34: =+G34*L34 -> 0
B35: 3.1 | C35: Columna - H30 (240 Kg/m3 de hierro) | D35: m3 | E35: 54 | F35: 473858.97 | G35: =+F35*E35 -> 25588384 | J35: =+'SVD 4140_Pto. 01_Cert. 01'!L35 -> 0 | L35: =+J35+K35 -> 0 | M35: =+G35*J35 -> 0 | N35: =+G35*K35 -> 0 | O35: =+G35*L35 -> 0
B36: 3.11 | C36: Escaleras - H30 (105 kg/m3 de hierro) | D36: m3 | E36: 11 | F36: 497587.77 | G36: =+F36*E36 -> 5473465.5 | J36: =+'SVD 4140_Pto. 01_Cert. 01'!L36 -> 0 | L36: =+J36+K36 -> 0 | M36: =+G36*J36 -> 0 | N36: =+G36*K36 -> 0 | O36: =+G36*L36 -> 0
B37: 3.12 | C37: Tabiques tanques de H° - H30 (120 kg/m3 de hierro) | D37: m3 | E37: 3 | F37: 536061.6 | G37: =+F37*E37 -> 1608184.8 | J37: =+'SVD 4140_Pto. 01_Cert. 01'!L37 -> 0 | L37: =+J37+K37 -> 0 | M37: =+G37*J37 -> 0 | N37: =+G37*K37 -> 0 | O37: =+G37*L37 -> 0
B38: 3.13 | C38: Junta de impermeabilización de PVC - Sika Waterbars v15 x 15mts o similar | D38: ml | E38: 240 | F38: 31137 | G38: =+F38*E38 -> 7472880 | J38: =+'SVD 4140_Pto. 01_Cert. 01'!L38 -> 0 | K38: 0.15 | L38: =+J38+K38 -> 0.15 | M38: =+G38*J38 -> 0 | N38: =+G38*K38 -> 1120932 | O38: =+G38*L38 -> 1120932
B39: 3.14 | C39: Sistema de apuntalamiento y reapuntalamiento | D39: gl | E39: 1 | F39: 11089161 | G39: =+F39*E39 -> 11089161 | J39: =+'SVD 4140_Pto. 01_Cert. 01'!L39 -> 0 | L39: =+J39+K39 -> 0 | M39: =+G39*J39 -> 0 | N39: =+G39*K39 -> 0 | O39: =+G39*L39 -> 0
B40: 3.15 | C40: Ensayos de Hormigon por etapas de hormigonado | D40: u | E40: 14 | F40: 155217 | G40: =+F40*E40 -> 2173038 | J40: =+'SVD 4140_Pto. 01_Cert. 01'!L40 -> 0 | K40: 0.05 | L40: =+J40+K40 -> 0.05 | M40: =+G40*J40 -> 0 | N40: =+G40*K40 -> 108651.9 | O40: =+G40*L40 -> 108651.9
B41: 3.16 | C41: Permiso de estacionamiento de bomba de hormigón a contramano | D41: gl | E41: 4 | F41: 69129 | G41: =+F41*E41 -> 276516 | J41: =+'SVD 4140_Pto. 01_Cert. 01'!L41 -> 0 | K41: 0.25 | L41: =+J41+K41 -> 0.25 | M41: =+G41*J41 -> 0 | N41: =+G41*K41 -> 69129 | O41: =+G41*L41 -> 69129
B42: 3.17 | C42: Picado de medianeras para columnas y vigas - Cotizado solo para PB y 1P, No contempla picado en SS | D42: m2 | E42: 93 | F42: 24580 | G42: =+F42*E42 -> 2285940 | J42: =+'SVD 4140_Pto. 01_Cert. 01'!L42 -> 0 | L42: =+J42+K42 -> 0 | M42: =+G42*J42 -> 0 | N42: =+G42*K42 -> 0 | O42: =+G42*L42 -> 0
B43: 24 | C43: AYUDA DE GREMIOS | H43: =SUM(G44:G53) -> 34134166 | I43: =+H43/$H$57 -> 0.081019881
B44: 24.01 | C44: Sereno | D44: mes | E44: 8 | F44: 753138 | G44: =+F44*E44 -> 6025104 | J44: =+'SVD 4140_Pto. 01_Cert. 01'!L44 -> 0.1 | K44: 0.1 | L44: =+J44+K44 -> 0.2 | M44: =+G44*J44 -> 602510.4 | N44: =+G44*K44 -> 602510.4 | O44: =+G44*L44 -> 1205020.8
B45: 24.02 | C45: Tecnico de seguridad & higiene permanente en Obra | D45: mes | E45: 4 | F45: 1944871 | G45: =+F45*E45 -> 7779484 | J45: =+'SVD 4140_Pto. 01_Cert. 01'!L45 -> 0 | K45: 0.25 | L45: =+J45+K45 -> 0.25 | M45: =+G45*J45 -> 0 | N45: =+G45*K45 -> 1944871 | O45: =+G45*L45 -> 1944871
B46: 24.03 | C46: Higiene y seguridad Res 51 | D46: mes | E46: 8 | F46: 188533 | G46: =+F46*E46 -> 1508264 | J46: =+'SVD 4140_Pto. 01_Cert. 01'!L46 -> 0.1 | K46: 0.1 | L46: =+J46+K46 -> 0.2 | M46: =+G46*J46 -> 150826.4 | N46: =+G46*K46 -> 150826.4 | O46: =+G46*L46 -> 301652.8
B47: 24.04 | C47: Protecciones y defensas | D47: gl | E47: 1 | F47: 4606562 | G47: =+F47*E47 -> 4606562 | J47: =+'SVD 4140_Pto. 01_Cert. 01'!L47 -> 0 | L47: =+J47+K47 -> 0 | M47: =+G47*J47 -> 0 | N47: =+G47*K47 -> 0 | O47: =+G47*L47 -> 0
B48: 24.05 | C48: Ayuda de gremios | D48: mes | E48: 8 | F48: 696152 | G48: =+F48*E48 -> 5569216 | J48: =+'SVD 4140_Pto. 01_Cert. 01'!L48 -> 0 | L48: =+J48+K48 -> 0 | M48: =+G48*J48 -> 0 | N48: =+G48*K48 -> 0 | O48: =+G48*L48 -> 0
B49: 24.06 | C49: Limpieza periodica | D49: mes | E49: 8 | F49: 452333 | G49: =+F49*E49 -> 3618664 | J49: =+'SVD 4140_Pto. 01_Cert. 01'!L49 -> 0 | K49: 0.05 | L49: =+J49+K49 -> 0.05 | M49: =+G49*J49 -> 0 | N49: =+G49*K49 -> 180933.2 | O49: =+G49*L49 -> 180933.2
B50: 24.07 | C50: Limpieza final de Obra | D50: gl | E50: 0 | F50: 0 | G50: =+F50*E50 -> 0 | J50: =+'SVD 4140_Pto. 01_Cert. 01'!L50 -> 0 | L50: =+J50+K50 -> 0 | M50: =+G50*J50 -> 0 | N50: =+G50*K50 -> 0 | O50: =+G50*L50 -> 0
B51: 24.08 | C51: Fletes | D51: mes | E51: 8 | F51: 314221 | G51: =+F51*E51 -> 2513768 | J51: =+'SVD 4140_Pto. 01_Cert. 01'!L51 -> 0 | K51: 0.05 | L51: =+J51+K51 -> 0.05 | M51: =+G51*J51 -> 0 | N51: =+G51*K51 -> 125688.4 | O51: =+G51*L51 -> 125688.4
B52: 24.09 | C52: Alquiler de equipos - Montacargas, tubos de descarga y balancin | D52: mes | E52: 4 | F52: 0 | G52: =+F52*E52 -> 0 | J52: =+'SVD 4140_Pto. 01_Cert. 01'!L52 -> 0 | L52: =+J52+K52 -> 0 | M52: =+G52*J52 -> 0 | N52: =+G52*K52 -> 0 | O52: =+G52*L52 -> 0
B53: 24.1 | C53: Volquetes | D53: mes | E53: 8 | F53: 314138 | G53: =+F53*E53 -> 2513104 | J53: =+'SVD 4140_Pto. 01_Cert. 01'!L53 -> 0 | L53: =+J53+K53 -> 0 | M53: =+G53*J53 -> 0 | N53: =+G53*K53 -> 0 | O53: =+G53*L53 -> 0
B54: 25 | C54: JEFATURA DE OBRA | H54: =SUM(G55:G56) -> 43220384 | I54: =+H54/$H$57 -> 0.10258667
B55: 25.01 | C55: Supervisión profesional de Obra | D55: mes | E55: 8 | F55: 4774106 | G55: =+F55*E55 -> 38192848 | J55: =+'SVD 4140_Pto. 01_Cert. 01'!L55 -> 0.1 | K55: 0.1 | L55: =+J55+K55 -> 0.2 | M55: =+G55*J55 -> 3819284.8 | N55: =+G55*K55 -> 3819284.8 | O55: =+G55*L55 -> 7638569.6
B56: 25.02 | C56: Movilidad y viaticos | D56: mes | E56: 8 | F56: 628442 | G56: =+F56*E56 -> 5027536 | J56: =+'SVD 4140_Pto. 01_Cert. 01'!L56 -> 0.1 | K56: 0.1 | L56: =+J56+K56 -> 0.2 | M56: =+G56*J56 -> 502753.6 | N56: =+G56*K56 -> 502753.6 | O56: =+G56*L56 -> 1005507.2
C57: SUBTOTAL PRESUPUESTO 01 (SIN IVA) | G57: =SUM(G10:G56) -> 4.2130605e+08 | H57: =SUM(H10:H56) -> 421306052 | I57: =+SUM(I10:I56) -> 1 | M57: =+SUM(M10:M56) -> 35487550 | N57: =+SUM(N10:N56) -> 25040749 | O57: =+SUM(O10:O56) -> 60528299
C58: Presupuesto base Sep-24 | O58: =+O57/H57 -> 0.14366824
C61: RESUMEN CERTIFICADO | L61: CERT. N° | M61: =+K6 -> 2 | O61: =+O6 -> 45777
C62: Descripción | N62: % | O62: IMPORTE
B63: A | C63: Presupuesto aprobado | O63: =+H57 -> 421306052
B64: B | C64: Anticipo | N64: 0.2 | O64: =+N64*O63 -> 84261210
B65: C | C65: Certificado actual | O65: =+N57 -> 25040749
B66: D | C66: Desacopio | N66: =-N64 -> -0.2 | O66: =+N66*O65 -> -5008149.9
B67: E | C67: Subtotal certificacion actual completa (SIN IVA) | O67: =+O65+O66 -> 20032600
C68: Actualización por CAC base Sep-24 por fuera de OC

Sheet SVD 4140_Pto. 01_Cert. 3
G2: DÓLAR BNA | H2: DÓLAR MEP
G3: 1005 | H3: 1170
G5: 45628
C6: OBRA: EDIFICIO EL SALVADOR 4140 | J6: Certificado | K6: 3 | O6: 45807
C7: PRESUPUESTO OBRA CIVIL
C8: Descripción | D8: U | E8: Cant | F8: P unit | G8: Subtotal | J8: Avance | M8: Importe
C9: PRESUPUESTO 01 - PRELIMINARES + MOV SUELO + HORMIGON | J9: Anterior | K9: Actual | L9: Acumulado | M9: Anterior | N9: Actual | O9: Acumulado
B10: 1 | C10: TAREAS PRELIMINARES | H10: =SUM(G11:G20) -> 24784163 | I10: =+H10/$H$57 -> 0.058826981
B11: 1.01 | C11: Limpieza y preparación del terreno - No cotiza | D11: gl | E11: 0 | F11: 0 | G11: =+F11*E11 -> 0 | J11: =+'SVD 4140_Pto. 01_Cert. 2'!L11 -> 0 | L11: =+J11+K11 -> 0 | M11: =+G11*J11 -> 0 | N11: =+G11*K11 -> 0 | O11: =+G11*L11 -> 0
B12: 1.02 | C12: Topógrafo - Visita de obra replanteo | D12: un | E12: 3 | F12: 379588 | G12: =+F12*E12 -> 1138764 | J12: =+'SVD 4140_Pto. 01_Cert. 2'!L12 -> 0.65 | L12: =+J12+K12 -> 0.65 | M12: =+G12*J12 -> 740196.6 | N12: =+G12*K12 -> 0 | O12: =+G12*L12 -> 740196.6
B13: 1.03 | C13: Cartel de Obra - No cotiza | D13: gl | E13: 0 | F13: 0 | G13: =+F13*E13 -> 0 | J13: =+'SVD 4140_Pto. 01_Cert. 2'!L13 -> 0 | L13: =+J13+K13 -> 0 | M13: =+G13*J13 -> 0 | N13: =+G13*K13 -> 0 | O13: =+G13*L13 -> 0
B14: 1.04 | C14: Cerco de obra perimetral - En chapa C25 + Concertina + Porton corredizo | D14: ml | E14: 11 | F14: 141220 | G14: =+F14*E14 -> 1553420 | J14: =+'SVD 4140_Pto. 01_Cert. 2'!L14 -> 0 | L14: =+J14+K14 -> 0 | M14: =+G14*J14 -> 0 | N14: =+G14*K14 -> 0 | O14: =+G14*L14 -> 0
B15: 1.05 | C15: Obrador colgante, pañol y ducha | D15: gl | E15: 1 | F15: 7548771 | G15: =+F15*E15 -> 7548771 | J15: =+'SVD 4140_Pto. 01_Cert. 2'!L15 -> 0.5 | L15: =+J15+K15 -> 0.5 | M15: =+G15*J15 -> 3774385.5 | N15: =+G15*K15 -> 0 | O15: =+G15*L15 -> 3774385.5
B16: 1.06 | C16: Alquiler de baños quimicos y duchas portatiles | D16: mes | E16: 3 | F16: 392028 | G16: =+F16*E16 -> 1176084 | J16: =+'SVD 4140_Pto. 01_Cert. 2'!L16 -> 0.5 | K16: 0.25 | L16: =+J16+K16 -> 0.75 | M16: =+G16*J16 -> 588042 | N16: =+G16*K16 -> 294021 | O16: =+G16*L16 -> 882063
B17: 1.07 | C17: Conexión pilar y luz de obra + Tablero de obra | D17: gl | E17: 1 | F17: 1731320 | G17: =+F17*E17 -> 1731320 | J17: =+'SVD 4140_Pto. 01_Cert. 2'!L17 -> 0.7 | L17: =+J17+K17 -> 0.7 | M17: =+G17*J17 -> 1211924 | N17: =+G17*K17 -> 0 | O17: =+G17*L17 -> 1211924
B18: 1.08 | C18: Conexión agua de obra, tanque + bomba | D18: gl | E18: 1 | F18: 1405632 | G18: =+F18*E18 -> 1405632 | J18: =+'SVD 4140_Pto. 01_Cert. 2'!L18 -> 0 | L18: =+J18+K18 -> 0 | M18: =+G18*J18 -> 0 | N18: =+G18*K18 -> 0 | O18: =+G18*L18 -> 0
B19: 1.09 | C19: Tramite luz de obra, certificado luz de obra (2) y medición PAT | D19: gl | E19: 1 | F19: 426487 | G19: =+F19*E19 -> 426487 | J19: =+'SVD 4140_Pto. 01_Cert. 2'!L19 -> 0.5 | L19: =+J19+K19 -> 0.5 | M19: =+G19*J19 -> 213243.5 | N19: =+G19*K19 -> 0 | O19: =+G19*L19 -> 213243.5
B20: 1.1 | C20: Sistema de depresión de napas | D20: gl | E20: 1 | F20: 9803685 | G20: =+F20*E20 -> 9803685 | J20: =+'SVD 4140_Pto. 01_Cert. 2'!L20 -> 1 | L20: =+J20+K20 -> 1 | M20: =+G20*J20 -> 9803685 | N20: =+G20*K20 -> 0 | O20: =+G20*L20 -> 9803685
B21: 2 | C21: MOVIMIENTO DE TIERRA, COMPACTACION Y RELLENO | H21: =SUM(G22:G24) -> 42017464 | I21: =+H21/$H$57 -> 0.099731451
B22: 2.01 | C22: Excavación a maquina para submuración y subsuelo | D22: m3 | E22: 1266 | F22: 33090 | G22: =+F22*E22 -> 41891940 | J22: =+'SVD 4140_Pto. 01_Cert. 2'!L22 -> 0.35 | K22: 0.15 | L22: =+J22+K22 -> 0.5 | M22: =+G22*J22 -> 14662179 | N22: =+G22*K22 -> 6283791 | O22: =+G22*L22 -> 20945970
B23: 2.02 | C23: Demolición y retiro de fundaciones existentes - No cotiza | D23: gl | E23: 0 | F23: 0 | G23: =+F23*E23 -> 0 | J23: =+'SVD 4140_Pto. 01_Cert. 2'!L23 -> 0 | L23: =+J23+K23 -> 0 | M23: =+G23*J23 -> 0 | N23: =+G23*K23 -> 0 | O23: =+G23*L23 -> 0
B24: 2.03 | C24: Excavación manual para pozo de achique y bombeo | D24: m3 | E24: 2 | F24: 62762 | G24: =+F24*E24 -> 125524 | J24: =+'SVD 4140_Pto. 01_Cert. 2'!L24 -> 0 | L24: =+J24+K24 -> 0 | M24: =+G24*J24 -> 0 | N24: =+G24*K24 -> 0 | O24: =+G24*L24 -> 0
B25: 3 | C25: ESTRUCTURA RESISTENTE - sin provision de hierro y hormigon (incluye corte y doblado en obra) | H25: =SUM(G26:G42) -> 277149875 | I25: =+H25/$H$57 -> 0.65783502
B26: 3.01 | C26: Hormigón de limpieza - e: 10 cm | D26: m3 | E26: 35 | F26: 314478 | G26: =+F26*E26 -> 11006730 | J26: =+'SVD 4140_Pto. 01_Cert. 2'!L26 -> 0.15 | K26: 0.1 | L26: =+J26+K26 -> 0.25 | M26: =+G26*J26 -> 1651009.5 | N26: =+G26*K26 -> 1100673 | O26: =+G26*L26 -> 2751682.5
B27: 3.02 | C27: Tabique submuración - H30 hidrófugo (95 kg/m3 de hierro) | D27: m3 | E27: 40 | F27: 536061.6 | G27: =+F27*E27 -> 21442464 | J27: =+'SVD 4140_Pto. 01_Cert. 2'!L27 -> 0.25 | K27: 0.2 | L27: =+J27+K27 -> 0.45 | M27: =+G27*J27 -> 5360616 | N27: =+G27*K27 -> 4288492.8 | O27: =+G27*L27 -> 9649108.9
B28: 3.03 | C28: Zapata corrida tabique - H30 hidrófugo (120 kg/m3) | D28: m3 | E28: 28 | F28: 437680.76 | G28: =+F28*E28 -> 12255061 | J28: =+'SVD 4140_Pto. 01_Cert. 2'!L28 -> 0.25 | K28: 0.2 | L28: =+J28+K28 -> 0.45 | M28: =+G28*J28 -> 3063765.3 | N28: =+G28*K28 -> 2451012.3 | O28: =+G28*L28 -> 5514777.6
B29: 3.04 | C29: Platea - H30 hidrófugo (95 kg/m3 de hierro) | D29: m3 | E29: 179 | F29: 214461.72 | G29: =+F29*E29 -> 38388648 | J29: =+'SVD 4140_Pto. 01_Cert. 2'!L29 -> 0.15 | K29: 0.15 | L29: =+J29+K29 -> 0.3 | M29: =+G29*J29 -> 5758297.1 | N29: =+G29*K29 -> 5758297.1 | O29: =+G29*L29 -> 11516594
B30: 3.05 | C30: Rampa - H30 (120 kg/m3 de hierro) | D30: m3 | E30: 10 | F30: 462731.65 | G30: =+F30*E30 -> 4627316.5 | J30: =+'SVD 4140_Pto. 01_Cert. 2'!L30 -> 0 | L30: =+J30+K30 -> 0 | M30: =+G30*J30 -> 0 | N30: =+G30*K30 -> 0 | O30: =+G30*L30 -> 0
B31: 3.06 | C31: Losa maciza - H30 (110 kg/m3 de hierro) | D31: m3 | E31: 177 | F31: 317280.61 | G31: =+F31*E31 -> 56158669 | J31: =+'SVD 4140_Pto. 01_Cert. 2'!L31 -> 0 | L31: =+J31+K31 -> 0 | M31: =+G31*J31 -> 0 | N31: =+G31*K31 -> 0 | O31: =+G31*L31 -> 0
B32: 3.07 | C32: Vigas - H30 (140 kg/m3 de hierro) | D32: m3 | E32: 65 | F32: 789050.44 | G32: =+F32*E32 -> 51288278 | J32: =+'SVD 4140_Pto. 01_Cert. 2'!L32 -> 0 | L32: =+J32+K32 -> 0 | M32: =+G32*J32 -> 0 | N32: =+G32*K32 -> 0 | O32: =+G32*L32 -> 0
B33: 3.08 | C33: Vigas de H° visto - H30 (140 kg/m3 de hierro) | D33: m3 | E33: 12 | F33: 917117.82 | G33: =+F33*E33 -> 11005414 | J33: =+'SVD 4140_Pto. 01_Cert. 2'!L33 -> 0 | L33: =+J33+K33 -> 0 | M33: =+G33*J33 -> 0 | N33: =+G33*K33 -> 0 | O33: =+G33*L33 -> 0
B34: 3.09 | C34: Tabiques - H30 (120 kg/m3 de hierro) | D34: m3 | E34: 28 | F34: 536061.6 | G34: =+F34*E34 -> 15009725 | J34: =+'SVD 4140_Pto. 01_Cert. 2'!L34 -> 0 | L34: =+J34+K34 -> 0 | M34: =+G34*J34 -> 0 | N34: =+G34*K34 -> 0 | O34: =+G34*L34 -> 0
B35: 3.1 | C35: Columna - H30 (240 Kg/m3 de hierro) | D35: m3 | E35: 54 | F35: 473858.97 | G35: =+F35*E35 -> 25588384 | J35: =+'SVD 4140_Pto. 01_Cert. 2'!L35 -> 0 | L35: =+J35+K35 -> 0 | M35: =+G35*J35 -> 0 | N35: =+G35*K35 -> 0 | O35: =+G35*L35 -> 0
B36: 3.11 | C36: Escaleras - H30 (105 kg/m3 de hierro) | D36: m3 | E36: 11 | F36: 497587.77 | G36: =+F36*E36 -> 5473465.5 | J36: =+'SVD 4140_Pto. 01_Cert. 2'!L36 -> 0 | L36: =+J36+K36 -> 0 | M36: =+G36*J36 -> 0 | N36: =+G36*K36 -> 0 | O36: =+G36*L36 -> 0
B37: 3.12 | C37: Tabiques tanques de H° - H30 (120 kg/m3 de hierro) | D37: m3 | E37: 3 | F37: 536061.6 | G37: =+F37*E37 -> 1608184.8 | J37: =+'SVD 4140_Pto. 01_Cert. 2'!L37 -> 0 | L37: =+J37+K37 -> 0 | M37: =+G37*J37 -> 0 | N37: =+G37*K37 -> 0 | O37: =+G37*L37 -> 0
B38: 3.13 | C38: Junta de impermeabilización de PVC - Sika Waterbars v15 x 15mts o similar | D38: ml | E38: 240 | F38: 31137 | G38: =+F38*E38 -> 7472880 | J38: =+'SVD 4140_Pto. 01_Cert. 2'!L38 -> 0.15 | K38: 0.3 | L38: =+J38+K38 -> 0.45 | M38: =+G38*J38 -> 1120932 | N38: =+G38*K38 -> 2241864 | O38: =+G38*L38 -> 3362796
B39: 3.14 | C39: Sistema de apuntalamiento y reapuntalamiento | D39: gl | E39: 1 | F39: 11089161 | G39: =+F39*E39 -> 11089161 | J39: =+'SVD 4140_Pto. 01_Cert. 2'!L39 -> 0 | L39: =+J39+K39 -> 0 | M39: =+G39*J39 -> 0 | N39: =+G39*K39 -> 0 | O39: =+G39*L39 -> 0
B40: 3.15 | C40: Ensayos de Hormigon por etapas de hormigonado | D40: u | E40: 14 | F40: 155217 | G40: =+F40*E40 -> 2173038 | J40: =+'SVD 4140_Pto. 01_Cert. 2'!L40 -> 0.05 | K40: 0.1 | L40: =+J40+K40 -> 0.15 | M40: =+G40*J40 -> 108651.9 | N40: =+G40*K40 -> 217303.8 | O40: =+G40*L40 -> 325955.7
B41: 3.16 | C41: Permiso de estacionamiento de bomba de hormigón a contramano | D41: gl | E41: 4 | F41: 69129 | G41: =+F41*E41 -> 276516 | J41: =+'SVD 4140_Pto. 01_Cert. 2'!L41 -> 0.25 | L41: =+J41+K41 -> 0.25 | M41: =+G41*J41 -> 69129 | N41: =+G41*K41 -> 0 | O41: =+G41*L41 -> 69129
B42: 3.17 | C42: Picado de medianeras para columnas y vigas - Cotizado solo para PB y 1P, No contempla picado en SS | D42: m2 | E42: 93 | F42: 24580 | G42: =+F42*E42 -> 2285940 | J42: =+'SVD 4140_Pto. 01_Cert. 2'!L42 -> 0 | L42: =+J42+K42 -> 0 | M42: =+G42*J42 -> 0 | N42: =+G42*K42 -> 0 | O42: =+G42*L42 -> 0
B43: 24 | C43: AYUDA DE GREMIOS | H43: =SUM(G44:G53) -> 34134166 | I43: =+H43/$H$57 -> 0.081019881
B44: 24.01 | C44: Sereno | D44: mes | E44: 8 | F44: 753138 | G44: =+F44*E44 -> 6025104 | J44: =+'SVD 4140_Pto. 01_Cert. 2'!L44 -> 0.2 | K44: 0.1 | L44: =+J44+K44 -> 0.3 | M44: =+G44*J44 -> 1205020.8 | N44: =+G44*K44 -> 602510.4 | O44: =+G44*L44 -> 1807531.2
B45: 24.02 | C45: Tecnico de seguridad & higiene permanente en Obra | D45: mes | E45: 4 | F45: 1944871 | G45: =+F45*E45 -> 7779484 | J45: =+'SVD 4140_Pto. 01_Cert. 2'!L45 -> 0.25 | K45: 0.25 | L45: =+J45+K45 -> 0.5 | M45: =+G45*J45 -> 1944871 | N45: =+G45*K45 -> 1944871 | O45: =+G45*L45 -> 3889742
B46: 24.03 | C46: Higiene y seguridad Res 51 | D46: mes | E46: 8 | F46: 188533 | G46: =+F46*E46 -> 1508264 | J46: =+'SVD 4140_Pto. 01_Cert. 2'!L46 -> 0.2 | K46: 0.1 | L46: =+J46+K46 -> 0.3 | M46: =+G46*J46 -> 301652.8 | N46: =+G46*K46 -> 150826.4 | O46: =+G46*L46 -> 452479.2
B47: 24.04 | C47: Protecciones y defensas | D47: gl | E47: 1 | F47: 4606562 | G47: =+F47*E47 -> 4606562 | J47: =+'SVD 4140_Pto. 01_Cert. 2'!L47 -> 0 | L47: =+J47+K47 -> 0 | M47: =+G47*J47 -> 0 | N47: =+G47*K47 -> 0 | O47: =+G47*L47 -> 0
B48: 24.05 | C48: Ayuda de gremios | D48: mes | E48: 8 | F48: 696152 | G48: =+F48*E48 -> 5569216 | J48: =+'SVD 4140_Pto. 01_Cert. 2'!L48 -> 0 | L48: =+J48+K48 -> 0 | M48: =+G48*J48 -> 0 | N48: =+G48*K48 -> 0 | O48: =+G48*L48 -> 0
B49: 24.06 | C49: Limpieza periodica | D49: mes | E49: 8 | F49: 452333 | G49: =+F49*E49 -> 3618664 | J49: =+'SVD 4140_Pto. 01_Cert. 2'!L49 -> 0.05 | K49: 0.05 | L49: =+J49+K49 -> 0.1 | M49: =+G49*J49 -> 180933.2 | N49: =+G49*K49 -> 180933.2 | O49: =+G49*L49 -> 361866.4
B50: 24.07 | C50: Limpieza final de Obra | D50: gl | E50: 0 | F50: 0 | G50: =+F50*E50 -> 0 | J50: =+'SVD 4140_Pto. 01_Cert. 2'!L50 -> 0 | L50: =+J50+K50 -> 0 | M50: =+G50*J50 -> 0 | N50: =+G50*K50 -> 0 | O50: =+G50*L50 -> 0
B51: 24.08 | C51: Fletes | D51: mes | E51: 8 | F51: 314221 | G51: =+F51*E51 -> 2513768 | J51: =+'SVD 4140_Pto. 01_Cert. 2'!L51 -> 0.05 | L51: =+J51+K51 -> 0.05 | M51: =+G51*J51 -> 125688.4 | N51: =+G51*K51 -> 0 | O51: =+G51*L51 -> 125688.4
B52: 24.09 | C52: Alquiler de equipos - Montacargas, tubos de descarga y balancin | D52: mes | E52: 4 | F52: 0 | G52: =+F52*E52 -> 0 | J52: =+'SVD 4140_Pto. 01_Cert. 2'!L52 -> 0 | L52: =+J52+K52 -> 0 | M52: =+G52*J52 -> 0 | N52: =+G52*K52 -> 0 | O52: =+G52*L52 -> 0
B53: 24.1 | C53: Volquetes | D53: mes | E53: 8 | F53: 314138 | G53: =+F53*E53 -> 2513104 | J53: =+'SVD 4140_Pto. 01_Cert. 2'!L53 -> 0 | L53: =+J53+K53 -> 0 | M53: =+G53*J53 -> 0 | N53: =+G53*K53 -> 0 | O53: =+G53*L53 -> 0
B54: 25 | C54: JEFATURA DE OBRA | H54: =SUM(G55:G56) -> 43220384 | I54: =+H54/$H$57 -> 0.10258667
B55: 25.01 | C55: Supervisión profesional de Obra | D55: mes | E55: 8 | F55: 4774106 | G55: =+F55*E55 -> 38192848 | J55: =+'SVD 4140_Pto. 01_Cert. 2'!L55 -> 0.2 | K55: 0.1 | L55: =+J55+K55 -> 0.3 | M55: =+G55*J55 -> 7638569.6 | N55: =+G55*K55 -> 3819284.8 | O55: =+G55*L55 -> 11457854
B56: 25.02 | C56: Movilidad y viaticos | D56: mes | E56: 8 | F56: 628442 | G56: =+F56*E56 -> 5027536 | J56: =+'SVD 4140_Pto. 01_Cert. 2'!L56 -> 0.2 | K56: 0.1 | L56: =+J56+K56 -> 0.3 | M56: =+G56*J56 -> 1005507.2 | N56: =+G56*K56 -> 502753.6 | O56: =+G56*L56 -> 1508260.8
C57: SUBTOTAL PRESUPUESTO 01 (SIN IVA) | G57: =SUM(G10:G56) -> 4.2130605e+08 | H57: =SUM(H10:H56) -> 421306052 | I57: =+SUM(I10:I56) -> 1 | M57: =+SUM(M10:M56) -> 60528299 | N57: =+SUM(N10:N56) -> 29836634 | O57: =+SUM(O10:O56) -> 90364934
C58: Presupuesto base Sep-24 | O58: =+O57/H57 -> 0.21448762
C60: RESUMEN CERTIFICADO | L60: CERT. N° | M60: =+K6 -> 3 | O60: =+O6 -> 45807
C61: Descripción | N61: % | O61: IMPORTE
B62: A | C62: Presupuesto aprobado | O62: =+H57 -> 421306052
B63: B | C63: Anticipo | N63: 0.2 | O63: =+N63*O62 -> 84261210
B64: C | C64: Certificado actual | O64: =+N57 -> 29836634
B65: D | C65: Desacopio | N65: =-N63 -> -0.2 | O65: =+N65*O64 -> -5967326.9
B66: E | C66: Subtotal certificacion actual completa (SIN IVA) | O66: =+O64+O65 -> 23869308
C67: Actualización por CAC base Sep-24 por fuera de OC

Sheet SVD 4140_Pto. 01_Cert. 4
G2: DÓLAR BNA | H2: DÓLAR MEP
G3: 1005 | H3: 1170
G5: 45628
C6: OBRA: EDIFICIO EL SALVADOR 4140 | J6: Certificado | K6: 4 | O6: 45835
C7: PRESUPUESTO OBRA CIVIL
C8: Descripción | D8: U | E8: Cant | F8: P unit | G8: Subtotal | J8: Avance | M8: Importe
C9: PRESUPUESTO 01 - PRELIMINARES + MOV SUELO + HORMIGON | J9: Anterior | K9: Actual | L9: Acumulado | M9: Anterior | N9: Actual | O9: Acumulado
B10: 1 | C10: TAREAS PRELIMINARES | H10: =SUM(G11:G20) -> 24784163 | I10: =+H10/$H$57 -> 0.058826981
B11: 1.01 | C11: Limpieza y preparación del terreno - No cotiza | D11: gl | E11: 0 | F11: 0 | G11: =+F11*E11 -> 0 | J11: =+'SVD 4140_Pto. 01_Cert. 3'!L11 -> 0 | L11: =+J11+K11 -> 0 | M11: =+G11*J11 -> 0 | N11: =+G11*K11 -> 0 | O11: =+G11*L11 -> 0
B12: 1.02 | C12: Topógrafo - Visita de obra replanteo | D12: un | E12: 3 | F12: 379588 | G12: =+F12*E12 -> 1138764 | J12: =+'SVD 4140_Pto. 01_Cert. 3'!L12 -> 0.65 | L12: =+J12+K12 -> 0.65 | M12: =+G12*J12 -> 740196.6 | N12: =+G12*K12 -> 0 | O12: =+G12*L12 -> 740196.6
B13: 1.03 | C13: Cartel de Obra - No cotiza | D13: gl | E13: 0 | F13: 0 | G13: =+F13*E13 -> 0 | J13: =+'SVD 4140_Pto. 01_Cert. 3'!L13 -> 0 | L13: =+J13+K13 -> 0 | M13: =+G13*J13 -> 0 | N13: =+G13*K13 -> 0 | O13: =+G13*L13 -> 0
B14: 1.04 | C14: Cerco de obra perimetral - En chapa C25 + Concertina + Porton corredizo | D14: ml | E14: 11 | F14: 141220 | G14: =+F14*E14 -> 1553420 | J14: =+'SVD 4140_Pto. 01_Cert. 3'!L14 -> 0 | L14: =+J14+K14 -> 0 | M14: =+G14*J14 -> 0 | N14: =+G14*K14 -> 0 | O14: =+G14*L14 -> 0
B15: 1.05 | C15: Obrador colgante, pañol y ducha | D15: gl | E15: 1 | F15: 7548771 | G15: =+F15*E15 -> 7548771 | J15: =+'SVD 4140_Pto. 01_Cert. 3'!L15 -> 0.5 | L15: =+J15+K15 -> 0.5 | M15: =+G15*J15 -> 3774385.5 | N15: =+G15*K15 -> 0 | O15: =+G15*L15 -> 3774385.5
B16: 1.06 | C16: Alquiler de baños quimicos y duchas portatiles | D16: mes | E16: 3 | F16: 392028 | G16: =+F16*E16 -> 1176084 | J16: =+'SVD 4140_Pto. 01_Cert. 3'!L16 -> 0.75 | K16: 0.25 | L16: =+J16+K16 -> 1 | M16: =+G16*J16 -> 882063 | N16: =+G16*K16 -> 294021 | O16: =+G16*L16 -> 1176084
B17: 1.07 | C17: Conexión pilar y luz de obra + Tablero de obra | D17: gl | E17: 1 | F17: 1731320 | G17: =+F17*E17 -> 1731320 | J17: =+'SVD 4140_Pto. 01_Cert. 3'!L17 -> 0.7 | L17: =+J17+K17 -> 0.7 | M17: =+G17*J17 -> 1211924 | N17: =+G17*K17 -> 0 | O17: =+G17*L17 -> 1211924
B18: 1.08 | C18: Conexión agua de obra, tanque + bomba | D18: gl | E18: 1 | F18: 1405632 | G18: =+F18*E18 -> 1405632 | J18: =+'SVD 4140_Pto. 01_Cert. 3'!L18 -> 0 | L18: =+J18+K18 -> 0 | M18: =+G18*J18 -> 0 | N18: =+G18*K18 -> 0 | O18: =+G18*L18 -> 0
B19: 1.09 | C19: Tramite luz de obra, certificado luz de obra (2) y medición PAT | D19: gl | E19: 1 | F19: 426487 | G19: =+F19*E19 -> 426487 | J19: =+'SVD 4140_Pto. 01_Cert. 3'!L19 -> 0.5 | L19: =+J19+K19 -> 0.5 | M19: =+G19*J19 -> 213243.5 | N19: =+G19*K19 -> 0 | O19: =+G19*L19 -> 213243.5
B20: 1.1 | C20: Sistema de depresión de napas | D20: gl | E20: 1 | F20: 9803685 | G20: =+F20*E20 -> 9803685 | J20: =+'SVD 4140_Pto. 01_Cert. 3'!L20 -> 1 | L20: =+J20+K20 -> 1 | M20: =+G20*J20 -> 9803685 | N20: =+G20*K20 -> 0 | O20: =+G20*L20 -> 9803685
B21: 2 | C21: MOVIMIENTO DE TIERRA, COMPACTACION Y RELLENO | H21: =SUM(G22:G24) -> 42017464 | I21: =+H21/$H$57 -> 0.099731451
B22: 2.01 | C22: Excavación a maquina para submuración y subsuelo | D22: m3 | E22: 1266 | F22: 33090 | G22: =+F22*E22 -> 41891940 | J22: =+'SVD 4140_Pto. 01_Cert. 3'!L22 -> 0.5 | K22: 0.2 | L22: =+J22+K22 -> 0.7 | M22: =+G22*J22 -> 20945970 | N22: =+G22*K22 -> 8378388 | O22: =+G22*L22 -> 29324358
B23: 2.02 | C23: Demolición y retiro de fundaciones existentes - No cotiza | D23: gl | E23: 0 | F23: 0 | G23: =+F23*E23 -> 0 | J23: =+'SVD 4140_Pto. 01_Cert. 3'!L23 -> 0 | L23: =+J23+K23 -> 0 | M23: =+G23*J23 -> 0 | N23: =+G23*K23 -> 0 | O23: =+G23*L23 -> 0
B24: 2.03 | C24: Excavación manual para pozo de achique y bombeo | D24: m3 | E24: 2 | F24: 62762 | G24: =+F24*E24 -> 125524 | J24: =+'SVD 4140_Pto. 01_Cert. 3'!L24 -> 0 | L24: =+J24+K24 -> 0 | M24: =+G24*J24 -> 0 | N24: =+G24*K24 -> 0 | O24: =+G24*L24 -> 0
B25: 3 | C25: ESTRUCTURA RESISTENTE - sin provision de hierro y hormigon (incluye corte y doblado en obra) | H25: =SUM(G26:G42) -> 277149875 | I25: =+H25/$H$57 -> 0.65783502
B26: 3.01 | C26: Hormigón de limpieza - e: 10 cm | D26: m3 | E26: 35 | F26: 314478 | G26: =+F26*E26 -> 11006730 | J26: =+'SVD 4140_Pto. 01_Cert. 3'!L26 -> 0.25 | K26: 0.35 | L26: =+J26+K26 -> 0.6 | M26: =+G26*J26 -> 2751682.5 | N26: =+G26*K26 -> 3852355.5 | O26: =+G26*L26 -> 6604038
B27: 3.02 | C27: Tabique submuración - H30 hidrófugo (95 kg/m3 de hierro) | D27: m3 | E27: 40 | F27: 536061.6 | G27: =+F27*E27 -> 21442464 | J27: =+'SVD 4140_Pto. 01_Cert. 3'!L27 -> 0.45 | K27: 0.15 | L27: =+J27+K27 -> 0.6 | M27: =+G27*J27 -> 9649108.9 | N27: =+G27*K27 -> 3216369.6 | O27: =+G27*L27 -> 12865479
B28: 3.03 | C28: Zapata corrida tabique - H30 hidrófugo (120 kg/m3) | D28: m3 | E28: 28 | F28: 437680.76 | G28: =+F28*E28 -> 12255061 | J28: =+'SVD 4140_Pto. 01_Cert. 3'!L28 -> 0.45 | K28: 0.15 | L28: =+J28+K28 -> 0.6 | M28: =+G28*J28 -> 5514777.6 | N28: =+G28*K28 -> 1838259.2 | O28: =+G28*L28 -> 7353036.8
B29: 3.04 | C29: Platea - H30 hidrófugo (95 kg/m3 de hierro) | D29: m3 | E29: 179 | F29: 214461.72 | G29: =+F29*E29 -> 38388648 | J29: =+'SVD 4140_Pto. 01_Cert. 3'!L29 -> 0.3 | K29: 0.3 | L29: =+J29+K29 -> 0.6 | M29: =+G29*J29 -> 11516594 | N29: =+G29*K29 -> 11516594 | O29: =+G29*L29 -> 23033189
B30: 3.05 | C30: Rampa - H30 (120 kg/m3 de hierro) | D30: m3 | E30: 10 | F30: 462731.65 | G30: =+F30*E30 -> 4627316.5 | J30: =+'SVD 4140_Pto. 01_Cert. 3'!L30 -> 0 | L30: =+J30+K30 -> 0 | M30: =+G30*J30 -> 0 | N30: =+G30*K30 -> 0 | O30: =+G30*L30 -> 0
B31: 3.06 | C31: Losa maciza - H30 (110 kg/m3 de hierro) | D31: m3 | E31: 177 | F31: 317280.61 | G31: =+F31*E31 -> 56158669 | J31: =+'SVD 4140_Pto. 01_Cert. 3'!L31 -> 0 | L31: =+J31+K31 -> 0 | M31: =+G31*J31 -> 0 | N31: =+G31*K31 -> 0 | O31: =+G31*L31 -> 0
B32: 3.07 | C32: Vigas - H30 (140 kg/m3 de hierro) | D32: m3 | E32: 65 | F32: 789050.44 | G32: =+F32*E32 -> 51288278 | J32: =+'SVD 4140_Pto. 01_Cert. 3'!L32 -> 0 | L32: =+J32+K32 -> 0 | M32: =+G32*J32 -> 0 | N32: =+G32*K32 -> 0 | O32: =+G32*L32 -> 0
B33: 3.08 | C33: Vigas de H° visto - H30 (140 kg/m3 de hierro) | D33: m3 | E33: 12 | F33: 917117.82 | G33: =+F33*E33 -> 11005414 | J33: =+'SVD 4140_Pto. 01_Cert. 3'!L33 -> 0 | L33: =+J33+K33 -> 0 | M33: =+G33*J33 -> 0 | N33: =+G33*K33 -> 0 | O33: =+G33*L33 -> 0
B34: 3.09 | C34: Tabiques - H30 (120 kg/m3 de hierro) | D34: m3 | E34: 28 | F34: 536061.6 | G34: =+F34*E34 -> 15009725 | J34: =+'SVD 4140_Pto. 01_Cert. 3'!L34 -> 0 | K34: 0.05 | L34: =+J34+K34 -> 0.05 | M34: =+G34*J34 -> 0 | N34: =+G34*K34 -> 750486.25 | O34: =+G34*L34 -> 750486.25
B35: 3.1 | C35: Columna - H30 (240 Kg/m3 de hierro) | D35: m3 | E35: 54 | F35: 473858.97 | G35: =+F35*E35 -> 25588384 | J35: =+'SVD 4140_Pto. 01_Cert. 3'!L35 -> 0 | L35: =+J35+K35 -> 0 | M35: =+G35*J35 -> 0 | N35: =+G35*K35 -> 0 | O35: =+G35*L35 -> 0
B36: 3.11 | C36: Escaleras - H30 (105 kg/m3 de hierro) | D36: m3 | E36: 11 | F36: 497587.77 | G36: =+F36*E36 -> 5473465.5 | J36: =+'SVD 4140_Pto. 01_Cert. 3'!L36 -> 0 | L36: =+J36+K36 -> 0 | M36: =+G36*J36 -> 0 | N36: =+G36*K36 -> 0 | O36: =+G36*L36 -> 0
B37: 3.12 | C37: Tabiques tanques de H° - H30 (120 kg/m3 de hierro) | D37: m3 | E37: 3 | F37: 536061.6 | G37: =+F37*E37 -> 1608184.8 | J37: =+'SVD 4140_Pto. 01_Cert. 3'!L37 -> 0 | L37: =+J37+K37 -> 0 | M37: =+G37*J37 -> 0 | N37: =+G37*K37 -> 0 | O37: =+G37*L37 -> 0
B38: 3.13 | C38: Junta de impermeabilización de PVC - Sika Waterbars v15 x 15mts o similar | D38: ml | E38: 240 | F38: 31137 | G38: =+F38*E38 -> 7472880 | J38: =+'SVD 4140_Pto. 01_Cert. 3'!L38 -> 0.45 | K38: 0.25 | L38: =+J38+K38 -> 0.7 | M38: =+G38*J38 -> 3362796 | N38: =+G38*K38 -> 1868220 | O38: =+G38*L38 -> 5231016
B39: 3.14 | C39: Sistema de apuntalamiento y reapuntalamiento | D39: gl | E39: 1 | F39: 11089161 | G39: =+F39*E39 -> 11089161 | J39: =+'SVD 4140_Pto. 01_Cert. 3'!L39 -> 0 | L39: =+J39+K39 -> 0 | M39: =+G39*J39 -> 0 | N39: =+G39*K39 -> 0 | O39: =+G39*L39 -> 0
B40: 3.15 | C40: Ensayos de Hormigon por etapas de hormigonado | D40: u | E40: 14 | F40: 155217 | G40: =+F40*E40 -> 2173038 | J40: =+'SVD 4140_Pto. 01_Cert. 3'!L40 -> 0.15 | L40: =+J40+K40 -> 0.15 | M40: =+G40*J40 -> 325955.7 | N40: =+G40*K40 -> 0 | O40: =+G40*L40 -> 325955.7
B41: 3.16 | C41: Permiso de estacionamiento de bomba de hormigón a contramano | D41: gl | E41: 4 | F41: 69129 | G41: =+F41*E41 -> 276516 | J41: =+'SVD 4140_Pto. 01_Cert. 3'!L41 -> 0.25 | L41: =+J41+K41 -> 0.25 | M41: =+G41*J41 -> 69129 | N41: =+G41*K41 -> 0 | O41: =+G41*L41 -> 69129
B42: 3.17 | C42: Picado de medianeras para columnas y vigas - Cotizado solo para PB y 1P, No contempla picado en SS | D42: m2 | E42: 93 | F42: 24580 | G42: =+F42*E42 -> 2285940 | J42: =+'SVD 4140_Pto. 01_Cert. 3'!L42 -> 0 | L42: =+J42+K42 -> 0 | M42: =+G42*J42 -> 0 | N42: =+G42*K42 -> 0 | O42: =+G42*L42 -> 0
B43: 24 | C43: AYUDA DE GREMIOS | H43: =SUM(G44:G53) -> 34134166 | I43: =+H43/$H$57 -> 0.081019881
B44: 24.01 | C44: Sereno | D44: mes | E44: 8 | F44: 753138 | G44: =+F44*E44 -> 6025104 | J44: =+'SVD 4140_Pto. 01_Cert. 3'!L44 -> 0.3 | K44: 0.15 | L44: =+J44+K44 -> 0.45 | M44: =+G44*J44 -> 1807531.2 | N44: =+G44*K44 -> 903765.6 | O44: =+G44*L44 -> 2711296.8
B45: 24.02 | C45: Tecnico de seguridad & higiene permanente en Obra | D45: mes | E45: 4 | F45: 1944871 | G45: =+F45*E45 -> 7779484 | J45: =+'SVD 4140_Pto. 01_Cert. 3'!L45 -> 0.5 | K45: 0.25 | L45: =+J45+K45 -> 0.75 | M45: =+G45*J45 -> 3889742 | N45: =+G45*K45 -> 1944871 | O45: =+G45*L45 -> 5834613
B46: 24.03 | C46: Higiene y seguridad Res 51 | D46: mes | E46: 8 | F46: 188533 | G46: =+F46*E46 -> 1508264 | J46: =+'SVD 4140_Pto. 01_Cert. 3'!L46 -> 0.3 | K46: 0.15 | L46: =+J46+K46 -> 0.45 | M46: =+G46*J46 -> 452479.2 | N46: =+G46*K46 -> 226239.6 | O46: =+G46*L46 -> 678718.8
B47: 24.04 | C47: Protecciones y defensas | D47: gl | E47: 1 | F47: 4606562 | G47: =+F47*E47 -> 4606562 | J47: =+'SVD 4140_Pto. 01_Cert. 3'!L47 -> 0 | L47: =+J47+K47 -> 0 | M47: =+G47*J47 -> 0 | N47: =+G47*K47 -> 0 | O47: =+G47*L47 -> 0
B48: 24.05 | C48: Ayuda de gremios | D48: mes | E48: 8 | F48: 696152 | G48: =+F48*E48 -> 5569216 | J48: =+'SVD 4140_Pto. 01_Cert. 3'!L48 -> 0 | L48: =+J48+K48 -> 0 | M48: =+G48*J48 -> 0 | N48: =+G48*K48 -> 0 | O48: =+G48*L48 -> 0
B49: 24.06 | C49: Limpieza periodica | D49: mes | E49: 8 | F49: 452333 | G49: =+F49*E49 -> 3618664 | J49: =+'SVD 4140_Pto. 01_Cert. 3'!L49 -> 0.1 | K49: 0.1 | L49: =+J49+K49 -> 0.2 | M49: =+G49*J49 -> 361866.4 | N49: =+G49*K49 -> 361866.4 | O49: =+G49*L49 -> 723732.8
B50: 24.07 | C50: Limpieza final de Obra | D50: gl | E50: 0 | F50: 0 | G50: =+F50*E50 -> 0 | J50: =+'SVD 4140_Pto. 01_Cert. 3'!L50 -> 0 | L50: =+J50+K50 -> 0 | M50: =+G50*J50 -> 0 | N50: =+G50*K50 -> 0 | O50: =+G50*L50 -> 0
B51: 24.08 | C51: Fletes | D51: mes | E51: 8 | F51: 314221 | G51: =+F51*E51 -> 2513768 | J51: =+'SVD 4140_Pto. 01_Cert. 3'!L51 -> 0.05 | L51: =+J51+K51 -> 0.05 | M51: =+G51*J51 -> 125688.4 | N51: =+G51*K51 -> 0 | O51: =+G51*L51 -> 125688.4
B52: 24.09 | C52: Alquiler de equipos - Montacargas, tubos de descarga y balancin | D52: mes | E52: 4 | F52: 0 | G52: =+F52*E52 -> 0 | J52: =+'SVD 4140_Pto. 01_Cert. 3'!L52 -> 0 | L52: =+J52+K52 -> 0 | M52: =+G52*J52 -> 0 | N52: =+G52*K52 -> 0 | O52: =+G52*L52 -> 0
B53: 24.1 | C53: Volquetes | D53: mes | E53: 8 | F53: 314138 | G53: =+F53*E53 -> 2513104 | J53: =+'SVD 4140_Pto. 01_Cert. 3'!L53 -> 0 | L53: =+J53+K53 -> 0 | M53: =+G53*J53 -> 0 | N53: =+G53*K53 -> 0 | O53: =+G53*L53 -> 0
B54: 25 | C54: JEFATURA DE OBRA | H54: =SUM(G55:G56) -> 43220384 | I54: =+H54/$H$57 -> 0.10258667
B55: 25.01 | C55: Supervisión profesional de Obra | D55: mes | E55: 8 | F55: 4774106 | G55: =+F55*E55 -> 38192848 | J55: =+'SVD 4140_Pto. 01_Cert. 3'!L55 -> 0.3 | K55: 0.15 | L55: =+J55+K55 -> 0.45 | M55: =+G55*J55 -> 11457854 | N55: =+G55*K55 -> 5728927.2 | O55: =+G55*L55 -> 17186782
B56: 25.02 | C56: Movilidad y viaticos | D56: mes | E56: 8 | F56: 628442 | G56: =+F56*E56 -> 5027536 | J56: =+'SVD 4140_Pto. 01_Cert. 3'!L56 -> 0.3 | K56: 0.15 | L56: =+J56+K56 -> 0.45 | M56: =+G56*J56 -> 1508260.8 | N56: =+G56*K56 -> 754130.4 | O56: =+G56*L56 -> 2262391.2
C57: SUBTOTAL PRESUPUESTO 01 (SIN IVA) | G57: =SUM(G10:G56) -> 4.2130605e+08 | H57: =SUM(H10:H56) -> 421306052 | I57: =+SUM(I10:I56) -> 1 | M57: =+SUM(M10:M56) -> 90364934 | N57: =+SUM(N10:N56) -> 41634494 | O57: =+SUM(O10:O56) -> 1.3199943e+08
C58: Presupuesto base Sep-24 | O58: =+O57/H57 -> 0.31331007
C60: RESUMEN CERTIFICADO | L60: CERT. N° | M60: =+K6 -> 4 | O60: =+O6 -> 45835
C61: Descripción | N61: % | O61: IMPORTE
B62: A | C62: Presupuesto aprobado | O62: =+H57 -> 421306052
B63: B | C63: Anticipo | N63: 0.2 | O63: =+N63*O62 -> 84261210
B64: C | C64: Certificado actual | O64: =+N57 -> 41634494
B65: D | C65: Desacopio | N65: =-N63 -> -0.2 | O65: =+N65*O64 -> -8326898.8
B66: E | C66: Subtotal certificacion actual completa (SIN IVA) | O66: =+O64+O65 -> 33307595
C67: Actualización por CAC base Sep-24 por fuera de OC

Sheet SVD 4140_Pto. 01_Cert. 5
G2: DÓLAR BNA | H2: DÓLAR MEP
G3: 1005 | H3: 1170
G5: 45628
C6: OBRA: EDIFICIO EL SALVADOR 4140 | J6: Certificado | K6: 5 | O6: 45861
C7: PRESUPUESTO OBRA CIVIL
C8: Descripción | D8: U | E8: Cant | F8: P unit | G8: Subtotal | J8: Avance | M8: Importe
C9: PRESUPUESTO 01 - PRELIMINARES + MOV SUELO + HORMIGON | J9: Anterior | K9: Actual | L9: Acumulado | M9: Anterior | N9: Actual | O9: Acumulado
B10: 1 | C10: TAREAS PRELIMINARES | H10: =SUM(G11:G20) -> 24784163 | I10: =+H10/$H$57 -> 0.058826981
B11: 1.01 | C11: Limpieza y preparación del terreno - No cotiza | D11: gl | E11: 0 | F11: 0 | G11: =+F11*E11 -> 0 | J11: =+'SVD 4140_Pto. 01_Cert. 4'!L11 -> 0 | L11: =+J11+K11 -> 0 | M11: =+G11*J11 -> 0 | N11: =+G11*K11 -> 0 | O11: =+G11*L11 -> 0
B12: 1.02 | C12: Topógrafo - Visita de obra replanteo | D12: un | E12: 3 | F12: 379588 | G12: =+F12*E12 -> 1138764 | J12: =+'SVD 4140_Pto. 01_Cert. 4'!L12 -> 0.65 | L12: =+J12+K12 -> 0.65 | M12: =+G12*J12 -> 740196.6 | N12: =+G12*K12 -> 0 | O12: =+G12*L12 -> 740196.6
B13: 1.03 | C13: Cartel de Obra - No cotiza | D13: gl | E13: 0 | F13: 0 | G13: =+F13*E13 -> 0 | J13: =+'SVD 4140_Pto. 01_Cert. 4'!L13 -> 0 | L13: =+J13+K13 -> 0 | M13: =+G13*J13 -> 0 | N13: =+G13*K13 -> 0 | O13: =+G13*L13 -> 0
B14: 1.04 | C14: Cerco de obra perimetral - En chapa C25 + Concertina + Porton corredizo | D14: ml | E14: 11 | F14: 141220 | G14: =+F14*E14 -> 1553420 | J14: =+'SVD 4140_Pto. 01_Cert. 4'!L14 -> 0 | L14: =+J14+K14 -> 0 | M14: =+G14*J14 -> 0 | N14: =+G14*K14 -> 0 | O14: =+G14*L14 -> 0
B15: 1.05 | C15: Obrador colgante, pañol y ducha | D15: gl | E15: 1 | F15: 7548771 | G15: =+F15*E15 -> 7548771 | J15: =+'SVD 4140_Pto. 01_Cert. 4'!L15 -> 0.5 | K15: 0.3 | L15: =+J15+K15 -> 0.8 | M15: =+G15*J15 -> 3774385.5 | N15: =+G15*K15 -> 2264631.3 | O15: =+G15*L15 -> 6039016.8
B16: 1.06 | C16: Alquiler de baños quimicos y duchas portatiles | D16: mes | E16: 3 | F16: 392028 | G16: =+F16*E16 -> 1176084 | J16: =+'SVD 4140_Pto. 01_Cert. 4'!L16 -> 1 | L16: =+J16+K16 -> 1 | M16: =+G16*J16 -> 1176084 | N16: =+G16*K16 -> 0 | O16: =+G16*L16 -> 1176084
B17: 1.07 | C17: Conexión pilar y luz de obra + Tablero de obra | D17: gl | E17: 1 | F17: 1731320 | G17: =+F17*E17 -> 1731320 | J17: =+'SVD 4140_Pto. 01_Cert. 4'!L17 -> 0.7 | L17: =+J17+K17 -> 0.7 | M17: =+G17*J17 -> 1211924 | N17: =+G17*K17 -> 0 | O17: =+G17*L17 -> 1211924
B18: 1.08 | C18: Conexión agua de obra, tanque + bomba | D18: gl | E18: 1 | F18: 1405632 | G18: =+F18*E18 -> 1405632 | J18: =+'SVD 4140_Pto. 01_Cert. 4'!L18 -> 0 | L18: =+J18+K18 -> 0 | M18: =+G18*J18 -> 0 | N18: =+G18*K18 -> 0 | O18: =+G18*L18 -> 0
B19: 1.09 | C19: Tramite luz de obra, certificado luz de obra (2) y medición PAT | D19: gl | E19: 1 | F19: 426487 | G19: =+F19*E19 -> 426487 | J19: =+'SVD 4140_Pto. 01_Cert. 4'!L19 -> 0.5 | L19: =+J19+K19 -> 0.5 | M19: =+G19*J19 -> 213243.5 | N19: =+G19*K19 -> 0 | O19: =+G19*L19 -> 213243.5
B20: 1.1 | C20: Sistema de depresión de napas | D20: gl | E20: 1 | F20: 9803685 | G20: =+F20*E20 -> 9803685 | J20: =+'SVD 4140_Pto. 01_Cert. 4'!L20 -> 1 | L20: =+J20+K20 -> 1 | M20: =+G20*J20 -> 9803685 | N20: =+G20*K20 -> 0 | O20: =+G20*L20 -> 9803685
B21: 2 | C21: MOVIMIENTO DE TIERRA, COMPACTACION Y RELLENO | H21: =SUM(G22:G24) -> 42017464 | I21: =+H21/$H$57 -> 0.099731451
B22: 2.01 | C22: Excavación a maquina para submuración y subsuelo | D22: m3 | E22: 1266 | F22: 33090 | G22: =+F22*E22 -> 41891940 | J22: =+'SVD 4140_Pto. 01_Cert. 4'!L22 -> 0.7 | K22: 0.2 | L22: =+J22+K22 -> 0.9 | M22: =+G22*J22 -> 29324358 | N22: =+G22*K22 -> 8378388 | O22: =+G22*L22 -> 37702746
B23: 2.02 | C23: Demolición y retiro de fundaciones existentes - No cotiza | D23: gl | E23: 0 | F23: 0 | G23: =+F23*E23 -> 0 | J23: =+'SVD 4140_Pto. 01_Cert. 4'!L23 -> 0 | L23: =+J23+K23 -> 0 | M23: =+G23*J23 -> 0 | N23: =+G23*K23 -> 0 | O23: =+G23*L23 -> 0
B24: 2.03 | C24: Excavación manual para pozo de achique y bombeo | D24: m3 | E24: 2 | F24: 62762 | G24: =+F24*E24 -> 125524 | J24: =+'SVD 4140_Pto. 01_Cert. 4'!L24 -> 0 | L24: =+J24+K24 -> 0 | M24: =+G24*J24 -> 0 | N24: =+G24*K24 -> 0 | O24: =+G24*L24 -> 0
B25: 3 | C25: ESTRUCTURA RESISTENTE - sin provision de hierro y hormigon (incluye corte y doblado en obra) | H25: =SUM(G26:G42) -> 277149875 | I25: =+H25/$H$57 -> 0.65783502
B26: 3.01 | C26: Hormigón de limpieza - e: 10 cm | D26: m3 | E26: 35 | F26: 314478 | G26: =+F26*E26 -> 11006730 | J26: =+'SVD 4140_Pto. 01_Cert. 4'!L26 -> 0.6 | L26: =+J26+K26 -> 0.6 | M26: =+G26*J26 -> 6604038 | N26: =+G26*K26 -> 0 | O26: =+G26*L26 -> 6604038
B27: 3.02 | C27: Tabique submuración - H30 hidrófugo (95 kg/m3 de hierro) | D27: m3 | E27: 40 | F27: 536061.6 | G27: =+F27*E27 -> 21442464 | J27: =+'SVD 4140_Pto. 01_Cert. 4'!L27 -> 0.6 | L27: =+J27+K27 -> 0.6 | M27: =+G27*J27 -> 12865479 | N27: =+G27*K27 -> 0 | O27: =+G27*L27 -> 12865479
B28: 3.03 | C28: Zapata corrida tabique - H30 hidrófugo (120 kg/m3) | D28: m3 | E28: 28 | F28: 437680.76 | G28: =+F28*E28 -> 12255061 | J28: =+'SVD 4140_Pto. 01_Cert. 4'!L28 -> 0.6 | L28: =+J28+K28 -> 0.6 | M28: =+G28*J28 -> 7353036.8 | N28: =+G28*K28 -> 0 | O28: =+G28*L28 -> 7353036.8
B29: 3.04 | C29: Platea - H30 hidrófugo (95 kg/m3 de hierro) | D29: m3 | E29: 179 | F29: 214461.72 | G29: =+F29*E29 -> 38388648 | J29: =+'SVD 4140_Pto. 01_Cert. 4'!L29 -> 0.6 | L29: =+J29+K29 -> 0.6 | M29: =+G29*J29 -> 23033189 | N29: =+G29*K29 -> 0 | O29: =+G29*L29 -> 23033189
B30: 3.05 | C30: Rampa - H30 (120 kg/m3 de hierro) | D30: m3 | E30: 10 | F30: 462731.65 | G30: =+F30*E30 -> 4627316.5 | J30: =+'SVD 4140_Pto. 01_Cert. 4'!L30 -> 0 | L30: =+J30+K30 -> 0 | M30: =+G30*J30 -> 0 | N30: =+G30*K30 -> 0 | O30: =+G30*L30 -> 0
B31: 3.06 | C31: Losa maciza - H30 (110 kg/m3 de hierro) | D31: m3 | E31: 177 | F31: 317280.61 | G31: =+F31*E31 -> 56158669 | J31: =+'SVD 4140_Pto. 01_Cert. 4'!L31 -> 0 | K31: 0.1 | L31: =+J31+K31 -> 0.1 | M31: =+G31*J31 -> 0 | N31: =+G31*K31 -> 5615866.9 | O31: =+G31*L31 -> 5615866.9
B32: 3.07 | C32: Vigas - H30 (140 kg/m3 de hierro) | D32: m3 | E32: 65 | F32: 789050.44 | G32: =+F32*E32 -> 51288278 | J32: =+'SVD 4140_Pto. 01_Cert. 4'!L32 -> 0 | K32: 0.22 | L32: =+J32+K32 -> 0.22 | M32: =+G32*J32 -> 0 | N32: =+G32*K32 -> 11283421 | O32: =+G32*L32 -> 11283421
B33: 3.08 | C33: Vigas de H° visto - H30 (140 kg/m3 de hierro) | D33: m3 | E33: 12 | F33: 917117.82 | G33: =+F33*E33 -> 11005414 | J33: =+'SVD 4140_Pto. 01_Cert. 4'!L33 -> 0 | L33: =+J33+K33 -> 0 | M33: =+G33*J33 -> 0 | N33: =+G33*K33 -> 0 | O33: =+G33*L33 -> 0
B34: 3.09 | C34: Tabiques - H30 (120 kg/m3 de hierro) | D34: m3 | E34: 28 | F34: 536061.6 | G34: =+F34*E34 -> 15009725 | J34: =+'SVD 4140_Pto. 01_Cert. 4'!L34 -> 0.05 | K34: 0.05 | L34: =+J34+K34 -> 0.1 | M34: =+G34*J34 -> 750486.25 | N34: =+G34*K34 -> 750486.25 | O34: =+G34*L34 -> 1500972.5
B35: 3.1 | C35: Columna - H30 (240 Kg/m3 de hierro) | D35: m3 | E35: 54 | F35: 473858.97 | G35: =+F35*E35 -> 25588384 | J35: =+'SVD 4140_Pto. 01_Cert. 4'!L35 -> 0 | K35: 0.1 | L35: =+J35+K35 -> 0.1 | M35: =+G35*J35 -> 0 | N35: =+G35*K35 -> 2558838.4 | O35: =+G35*L35 -> 2558838.4
B36: 3.11 | C36: Escaleras - H30 (105 kg/m3 de hierro) | D36: m3 | E36: 11 | F36: 497587.77 | G36: =+F36*E36 -> 5473465.5 | J36: =+'SVD 4140_Pto. 01_Cert. 4'!L36 -> 0 | L36: =+J36+K36 -> 0 | M36: =+G36*J36 -> 0 | N36: =+G36*K36 -> 0 | O36: =+G36*L36 -> 0
B37: 3.12 | C37: Tabiques tanques de H° - H30 (120 kg/m3 de hierro) | D37: m3 | E37: 3 | F37: 536061.6 | G37: =+F37*E37 -> 1608184.8 | J37: =+'SVD 4140_Pto. 01_Cert. 4'!L37 -> 0 | L37: =+J37+K37 -> 0 | M37: =+G37*J37 -> 0 | N37: =+G37*K37 -> 0 | O37: =+G37*L37 -> 0
B38: 3.13 | C38: Junta de impermeabilización de PVC - Sika Waterbars v15 x 15mts o similar | D38: ml | E38: 240 | F38: 31137 | G38: =+F38*E38 -> 7472880 | J38: =+'SVD 4140_Pto. 01_Cert. 4'!L38 -> 0.7 | L38: =+J38+K38 -> 0.7 | M38: =+G38*J38 -> 5231016 | N38: =+G38*K38 -> 0 | O38: =+G38*L38 -> 5231016
B39: 3.14 | C39: Sistema de apuntalamiento y reapuntalamiento | D39: gl | E39: 1 | F39: 11089161 | G39: =+F39*E39 -> 11089161 | J39: =+'SVD 4140_Pto. 01_Cert. 4'!L39 -> 0 | K39: 0.15 | L39: =+J39+K39 -> 0.15 | M39: =+G39*J39 -> 0 | N39: =+G39*K39 -> 1663374.1 | O39: =+G39*L39 -> 1663374.1
B40: 3.15 | C40: Ensayos de Hormigon por etapas de hormigonado | D40: u | E40: 14 | F40: 155217 | G40: =+F40*E40 -> 2173038 | J40: =+'SVD 4140_Pto. 01_Cert. 4'!L40 -> 0.15 | K40: 0.2 | L40: =+J40+K40 -> 0.35 | M40: =+G40*J40 -> 325955.7 | N40: =+G40*K40 -> 434607.6 | O40: =+G40*L40 -> 760563.3
B41: 3.16 | C41: Permiso de estacionamiento de bomba de hormigón a contramano | D41: gl | E41: 4 | F41: 69129 | G41: =+F41*E41 -> 276516 | J41: =+'SVD 4140_Pto. 01_Cert. 4'!L41 -> 0.25 | K41: 0.25 | L41: =+J41+K41 -> 0.5 | M41: =+G41*J41 -> 69129 | N41: =+G41*K41 -> 69129 | O41: =+G41*L41 -> 138258
B42: 3.17 | C42: Picado de medianeras para columnas y vigas - Cotizado solo para PB y 1P, No contempla picado en SS | D42: m2 | E42: 93 | F42: 24580 | G42: =+F42*E42 -> 2285940 | J42: =+'SVD 4140_Pto. 01_Cert. 4'!L42 -> 0 | L42: =+J42+K42 -> 0 | M42: =+G42*J42 -> 0 | N42: =+G42*K42 -> 0 | O42: =+G42*L42 -> 0
B43: 24 | C43: AYUDA DE GREMIOS | H43: =SUM(G44:G53) -> 34134166 | I43: =+H43/$H$57 -> 0.081019881
B44: 24.01 | C44: Sereno | D44: mes | E44: 8 | F44: 753138 | G44: =+F44*E44 -> 6025104 | J44: =+'SVD 4140_Pto. 01_Cert. 4'!L44 -> 0.45 | K44: 0.12 | L44: =+J44+K44 -> 0.57 | M44: =+G44*J44 -> 2711296.8 | N44: =+G44*K44 -> 723012.48 | O44: =+G44*L44 -> 3434309.3
B45: 24.02 | C45: Tecnico de seguridad & higiene permanente en Obra | D45: mes | E45: 4 | F45: 1944871 | G45: =+F45*E45 -> 7779484 | J45: =+'SVD 4140_Pto. 01_Cert. 4'!L45 -> 0.75 | K45: 0.15 | L45: =+J45+K45 -> 0.9 | M45: =+G45*J45 -> 5834613 | N45: =+G45*K45 -> 1166922.6 | O45: =+G45*L45 -> 7001535.6
B46: 24.03 | C46: Higiene y seguridad Res 51 | D46: mes | E46: 8 | F46: 188533 | G46: =+F46*E46 -> 1508264 | J46: =+'SVD 4140_Pto. 01_Cert. 4'!L46 -> 0.45 | K46: 0.12 | L46: =+J46+K46 -> 0.57 | M46: =+G46*J46 -> 678718.8 | N46: =+G46*K46 -> 180991.68 | O46: =+G46*L46 -> 859710.48
B47: 24.04 | C47: Protecciones y defensas | D47: gl | E47: 1 | F47: 4606562 | G47: =+F47*E47 -> 4606562 | J47: =+'SVD 4140_Pto. 01_Cert. 4'!L47 -> 0 | L47: =+J47+K47 -> 0 | M47: =+G47*J47 -> 0 | N47: =+G47*K47 -> 0 | O47: =+G47*L47 -> 0
B48: 24.05 | C48: Ayuda de gremios | D48: mes | E48: 8 | F48: 696152 | G48: =+F48*E48 -> 5569216 | J48: =+'SVD 4140_Pto. 01_Cert. 4'!L48 -> 0 | L48: =+J48+K48 -> 0 | M48: =+G48*J48 -> 0 | N48: =+G48*K48 -> 0 | O48: =+G48*L48 -> 0
B49: 24.06 | C49: Limpieza periodica | D49: mes | E49: 8 | F49: 452333 | G49: =+F49*E49 -> 3618664 | J49: =+'SVD 4140_Pto. 01_Cert. 4'!L49 -> 0.2 | K49: 0.05 | L49: =+J49+K49 -> 0.25 | M49: =+G49*J49 -> 723732.8 | N49: =+G49*K49 -> 180933.2 | O49: =+G49*L49 -> 904666
B50: 24.07 | C50: Limpieza final de Obra | D50: gl | E50: 0 | F50: 0 | G50: =+F50*E50 -> 0 | J50: =+'SVD 4140_Pto. 01_Cert. 4'!L50 -> 0 | L50: =+J50+K50 -> 0 | M50: =+G50*J50 -> 0 | N50: =+G50*K50 -> 0 | O50: =+G50*L50 -> 0
B51: 24.08 | C51: Fletes | D51: mes | E51: 8 | F51: 314221 | G51: =+F51*E51 -> 2513768 | J51: =+'SVD 4140_Pto. 01_Cert. 4'!L51 -> 0.05 | K51: 0.1 | L51: =+J51+K51 -> 0.15 | M51: =+G51*J51 -> 125688.4 | N51: =+G51*K51 -> 251376.8 | O51: =+G51*L51 -> 377065.2
B52: 24.09 | C52: Alquiler de equipos - Montacargas, tubos de descarga y balancin | D52: mes | E52: 4 | F52: 0 | G52: =+F52*E52 -> 0 | J52: =+'SVD 4140_Pto. 01_Cert. 4'!L52 -> 0 | L52: =+J52+K52 -> 0 | M52: =+G52*J52 -> 0 | N52: =+G52*K52 -> 0 | O52: =+G52*L52 -> 0
B53: 24.1 | C53: Volquetes | D53: mes | E53: 8 | F53: 314138 | G53: =+F53*E53 -> 2513104 | J53: =+'SVD 4140_Pto. 01_Cert. 4'!L53 -> 0 | L53: =+J53+K53 -> 0 | M53: =+G53*J53 -> 0 | N53: =+G53*K53 -> 0 | O53: =+G53*L53 -> 0
B54: 25 | C54: JEFATURA DE OBRA | H54: =SUM(G55:G56) -> 43220384 | I54: =+H54/$H$57 -> 0.10258667
B55: 25.01 | C55: Supervisión profesional de Obra | D55: mes | E55: 8 | F55: 4774106 | G55: =+F55*E55 -> 38192848 | J55: =+'SVD 4140_Pto. 01_Cert. 4'!L55 -> 0.45 | K55: 0.12 | L55: =+J55+K55 -> 0.57 | M55: =+G55*J55 -> 17186782 | N55: =+G55*K55 -> 4583141.8 | O55: =+G55*L55 -> 21769923
B56: 25.02 | C56: Movilidad y viaticos | D56: mes | E56: 8 | F56: 628442 | G56: =+F56*E56 -> 5027536 | J56: =+'SVD 4140_Pto. 01_Cert. 4'!L56 -> 0.45 | K56: 0.12 | L56: =+J56+K56 -> 0.57 | M56: =+G56*J56 -> 2262391.2 | N56: =+G56*K56 -> 603304.32 | O56: =+G56*L56 -> 2865695.5
C57: SUBTOTAL PRESUPUESTO 01 (SIN IVA) | G57: =SUM(G10:G56) -> 4.2130605e+08 | H57: =SUM(H10:H56) -> 421306052 | I57: =+SUM(I10:I56) -> 1 | M57: =+SUM(M10:M56) -> 1.3199943e+08 | N57: =+SUM(N10:N56) -> 40708426 | O57: =+SUM(O10:O56) -> 1.7270785e+08
C58: Presupuesto base Sep-24 | O58: =+O57/H57 -> 0.40993442
C60: RESUMEN CERTIFICADO | L60: CERT. N° | M60: =+K6 -> 5 | O60: =+O6 -> 45861
C61: Descripción | N61: % | O61: IMPORTE
B62: A | C62: Presupuesto aprobado | O62: =+H57 -> 421306052
B63: B | C63: Anticipo | N63: 0.2 | O63: =+N63*O62 -> 84261210
B64: C | C64: Certificado actual | O64: =+N57 -> 40708426
B65: D | C65: Desacopio | N65: =-N63 -> -0.2 | O65: =+N65*O64 -> -8141685.1
B66: E | C66: Subtotal certificacion actual completa (SIN IVA) | O66: =+O64+O65 -> 32566741
C67: Actualización por CAC base Sep-24 por fuera de OC

Sheet SVD 4140_Pto. 01_Cert. 6
G2: DÓLAR BNA | H2: DÓLAR MEP
G3: 1005 | H3: 1170
G5: 45628
C6: OBRA: EDIFICIO EL SALVADOR 4140 | J6: Certificado | K6: 6 | O6: 45898
C7: PRESUPUESTO OBRA CIVIL
C8: Descripción | D8: U | E8: Cant | F8: P unit | G8: Subtotal | J8: Avance | M8: Importe
C9: PRESUPUESTO 01 - PRELIMINARES + MOV SUELO + HORMIGON | J9: Anterior | K9: Actual | L9: Acumulado | M9: Anterior | N9: Actual | O9: Acumulado
B10: 1 | C10: TAREAS PRELIMINARES | H10: =SUM(G11:G20) -> 24784163 | I10: =+H10/$H$57 -> 0.058826981
B11: 1.01 | C11: Limpieza y preparación del terreno - No cotiza | D11: gl | E11: 0 | F11: 0 | G11: =+F11*E11 -> 0 | J11: =+'SVD 4140_Pto. 01_Cert. 5'!L11 -> 0 | L11: =+J11+K11 -> 0 | M11: =+G11*J11 -> 0 | N11: =+G11*K11 -> 0 | O11: =+G11*L11 -> 0
B12: 1.02 | C12: Topógrafo - Visita de obra replanteo | D12: un | E12: 3 | F12: 379588 | G12: =+F12*E12 -> 1138764 | J12: =+'SVD 4140_Pto. 01_Cert. 5'!L12 -> 0.65 | L12: =+J12+K12 -> 0.65 | M12: =+G12*J12 -> 740196.6 | N12: =+G12*K12 -> 0 | O12: =+G12*L12 -> 740196.6
B13: 1.03 | C13: Cartel de Obra - No cotiza | D13: gl | E13: 0 | F13: 0 | G13: =+F13*E13 -> 0 | J13: =+'SVD 4140_Pto. 01_Cert. 5'!L13 -> 0 | L13: =+J13+K13 -> 0 | M13: =+G13*J13 -> 0 | N13: =+G13*K13 -> 0 | O13: =+G13*L13 -> 0
B14: 1.04 | C14: Cerco de obra perimetral - En chapa C25 + Concertina + Porton corredizo | D14: ml | E14: 11 | F14: 141220 | G14: =+F14*E14 -> 1553420 | J14: =+'SVD 4140_Pto. 01_Cert. 5'!L14 -> 0 | L14: =+J14+K14 -> 0 | M14: =+G14*J14 -> 0 | N14: =+G14*K14 -> 0 | O14: =+G14*L14 -> 0
B15: 1.05 | C15: Obrador colgante, pañol y ducha | D15: gl | E15: 1 | F15: 7548771 | G15: =+F15*E15 -> 7548771 | J15: =+'SVD 4140_Pto. 01_Cert. 5'!L15 -> 0.8 | L15: =+J15+K15 -> 0.8 | M15: =+G15*J15 -> 6039016.8 | N15: =+G15*K15 -> 0 | O15: =+G15*L15 -> 6039016.8
B16: 1.06 | C16: Alquiler de baños quimicos y duchas portatiles | D16: mes | E16: 3 | F16: 392028 | G16: =+F16*E16 -> 1176084 | J16: =+'SVD 4140_Pto. 01_Cert. 5'!L16 -> 1 | L16: =+J16+K16 -> 1 | M16: =+G16*J16 -> 1176084 | N16: =+G16*K16 -> 0 | O16: =+G16*L16 -> 1176084
B17: 1.07 | C17: Conexión pilar y luz de obra + Tablero de obra | D17: gl | E17: 1 | F17: 1731320 | G17: =+F17*E17 -> 1731320 | J17: =+'SVD 4140_Pto. 01_Cert. 5'!L17 -> 0.7 | K17: 0.3 | L17: =+J17+K17 -> 1 | M17: =+G17*J17 -> 1211924 | N17: =+G17*K17 -> 519396 | O17: =+G17*L17 -> 1731320
B18: 1.08 | C18: Conexión agua de obra, tanque + bomba | D18: gl | E18: 1 | F18: 1405632 | G18: =+F18*E18 -> 1405632 | J18: =+'SVD 4140_Pto. 01_Cert. 5'!L18 -> 0 | L18: =+J18+K18 -> 0 | M18: =+G18*J18 -> 0 | N18: =+G18*K18 -> 0 | O18: =+G18*L18 -> 0
B19: 1.09 | C19: Tramite luz de obra, certificado luz de obra (2) y medición PAT | D19: gl | E19: 1 | F19: 426487 | G19: =+F19*E19 -> 426487 | J19: =+'SVD 4140_Pto. 01_Cert. 5'!L19 -> 0.5 | K19: 0.15 | L19: =+J19+K19 -> 0.65 | M19: =+G19*J19 -> 213243.5 | N19: =+G19*K19 -> 63973.05 | O19: =+G19*L19 -> 277216.55
B20: 1.1 | C20: Sistema de depresión de napas | D20: gl | E20: 1 | F20: 9803685 | G20: =+F20*E20 -> 9803685 | J20: =+'SVD 4140_Pto. 01_Cert. 5'!L20 -> 1 | L20: =+J20+K20 -> 1 | M20: =+G20*J20 -> 9803685 | N20: =+G20*K20 -> 0 | O20: =+G20*L20 -> 9803685
B21: 2 | C21: MOVIMIENTO DE TIERRA, COMPACTACION Y RELLENO | H21: =SUM(G22:G24) -> 42017464 | I21: =+H21/$H$57 -> 0.099731451
B22: 2.01 | C22: Excavación a maquina para submuración y subsuelo | D22: m3 | E22: 1266 | F22: 33090 | G22: =+F22*E22 -> 41891940 | J22: =+'SVD 4140_Pto. 01_Cert. 5'!L22 -> 0.9 | K22: 0.1 | L22: =+J22+K22 -> 1 | M22: =+G22*J22 -> 37702746 | N22: =+G22*K22 -> 4189194 | O22: =+G22*L22 -> 41891940
B23: 2.02 | C23: Demolición y retiro de fundaciones existentes - No cotiza | D23: gl | E23: 0 | F23: 0 | G23: =+F23*E23 -> 0 | J23: =+'SVD 4140_Pto. 01_Cert. 5'!L23 -> 0 | L23: =+J23+K23 -> 0 | M23: =+G23*J23 -> 0 | N23: =+G23*K23 -> 0 | O23: =+G23*L23 -> 0
B24: 2.03 | C24: Excavación manual para pozo de achique y bombeo | D24: m3 | E24: 2 | F24: 62762 | G24: =+F24*E24 -> 125524 | J24: =+'SVD 4140_Pto. 01_Cert. 5'!L24 -> 0 | K24: 1 | L24: =+J24+K24 -> 1 | M24: =+G24*J24 -> 0 | N24: =+G24*K24 -> 125524 | O24: =+G24*L24 -> 125524
B25: 3 | C25: ESTRUCTURA RESISTENTE - sin provision de hierro y hormigon (incluye corte y doblado en obra) | H25: =SUM(G26:G42) -> 277149875 | I25: =+H25/$H$57 -> 0.65783502
B26: 3.01 | C26: Hormigón de limpieza - e: 10 cm | D26: m3 | E26: 35 | F26: 314478 | G26: =+F26*E26 -> 11006730 | J26: =+'SVD 4140_Pto. 01_Cert. 5'!L26 -> 0.6 | K26: 0.4 | L26: =+J26+K26 -> 1 | M26: =+G26*J26 -> 6604038 | N26: =+G26*K26 -> 4402692 | O26: =+G26*L26 -> 11006730
B27: 3.02 | C27: Tabique submuración - H30 hidrófugo (95 kg/m3 de hierro) | D27: m3 | E27: 40 | F27: 536061.6 | G27: =+F27*E27 -> 21442464 | J27: =+'SVD 4140_Pto. 01_Cert. 5'!L27 -> 0.6 | K27: 0.4 | L27: =+J27+K27 -> 1 | M27: =+G27*J27 -> 12865479 | N27: =+G27*K27 -> 8576985.7 | O27: =+G27*L27 -> 21442464
B28: 3.03 | C28: Zapata corrida tabique - H30 hidrófugo (120 kg/m3) | D28: m3 | E28: 28 | F28: 437680.76 | G28: =+F28*E28 -> 12255061 | J28: =+'SVD 4140_Pto. 01_Cert. 5'!L28 -> 0.6 | K28: 0.4 | L28: =+J28+K28 -> 1 | M28: =+G28*J28 -> 7353036.8 | N28: =+G28*K28 -> 4902024.5 | O28: =+G28*L28 -> 12255061
B29: 3.04 | C29: Platea - H30 hidrófugo (95 kg/m3 de hierro) | D29: m3 | E29: 179 | F29: 214461.72 | G29: =+F29*E29 -> 38388648 | J29: =+'SVD 4140_Pto. 01_Cert. 5'!L29 -> 0.6 | K29: 0.4 | L29: =+J29+K29 -> 1 | M29: =+G29*J29 -> 23033189 | N29: =+G29*K29 -> 15355459 | O29: =+G29*L29 -> 38388648
B30: 3.05 | C30: Rampa - H30 (120 kg/m3 de hierro) | D30: m3 | E30: 10 | F30: 462731.65 | G30: =+F30*E30 -> 4627316.5 | J30: =+'SVD 4140_Pto. 01_Cert. 5'!L30 -> 0 | K30: 0.05 | L30: =+J30+K30 -> 0.05 | M30: =+G30*J30 -> 0 | N30: =+G30*K30 -> 231365.83 | O30: =+G30*L30 -> 231365.83
B31: 3.06 | C31: Losa maciza - H30 (110 kg/m3 de hierro) | D31: m3 | E31: 177 | F31: 317280.61 | G31: =+F31*E31 -> 56158669 | J31: =+'SVD 4140_Pto. 01_Cert. 5'!L31 -> 0.1 | K31: 0.05 | L31: =+J31+K31 -> 0.15 | M31: =+G31*J31 -> 5615866.9 | N31: =+G31*K31 -> 2807933.4 | O31: =+G31*L31 -> 8423800.3
B32: 3.07 | C32: Vigas - H30 (140 kg/m3 de hierro) | D32: m3 | E32: 65 | F32: 789050.44 | G32: =+F32*E32 -> 51288278 | J32: =+'SVD 4140_Pto. 01_Cert. 5'!L32 -> 0.22 | K32: 0.08 | L32: =+J32+K32 -> 0.3 | M32: =+G32*J32 -> 11283421 | N32: =+G32*K32 -> 4103062.3 | O32: =+G32*L32 -> 15386484
B33: 3.08 | C33: Vigas de H° visto - H30 (140 kg/m3 de hierro) | D33: m3 | E33: 12 | F33: 917117.82 | G33: =+F33*E33 -> 11005414 | J33: =+'SVD 4140_Pto. 01_Cert. 5'!L33 -> 0 | L33: =+J33+K33 -> 0 | M33: =+G33*J33 -> 0 | N33: =+G33*K33 -> 0 | O33: =+G33*L33 -> 0
B34: 3.09 | C34: Tabiques - H30 (120 kg/m3 de hierro) | D34: m3 | E34: 28 | F34: 536061.6 | G34: =+F34*E34 -> 15009725 | J34: =+'SVD 4140_Pto. 01_Cert. 5'!L34 -> 0.1 | K34: 0.05 | L34: =+J34+K34 -> 0.15 | M34: =+G34*J34 -> 1500972.5 | N34: =+G34*K34 -> 750486.25 | O34: =+G34*L34 -> 2251458.7
B35: 3.1 | C35: Columna - H30 (240 Kg/m3 de hierro) | D35: m3 | E35: 54 | F35: 473858.97 | G35: =+F35*E35 -> 25588384 | J35: =+'SVD 4140_Pto. 01_Cert. 5'!L35 -> 0.1 | K35: 0.1 | L35: =+J35+K35 -> 0.2 | M35: =+G35*J35 -> 2558838.4 | N35: =+G35*K35 -> 2558838.4 | O35: =+G35*L35 -> 5117676.9
B36: 3.11 | C36: Escaleras - H30 (105 kg/m3 de hierro) | D36: m3 | E36: 11 | F36: 497587.77 | G36: =+F36*E36 -> 5473465.5 | J36: =+'SVD 4140_Pto. 01_Cert. 5'!L36 -> 0 | L36: =+J36+K36 -> 0 | M36: =+G36*J36 -> 0 | N36: =+G36*K36 -> 0 | O36: =+G36*L36 -> 0
B37: 3.12 | C37: Tabiques tanques de H° - H30 (120 kg/m3 de hierro) | D37: m3 | E37: 3 | F37: 536061.6 | G37: =+F37*E37 -> 1608184.8 | J37: =+'SVD 4140_Pto. 01_Cert. 5'!L37 -> 0 | L37: =+J37+K37 -> 0 | M37: =+G37*J37 -> 0 | N37: =+G37*K37 -> 0 | O37: =+G37*L37 -> 0
B38: 3.13 | C38: Junta de impermeabilización de PVC - Sika Waterbars v15 x 15mts o similar | D38: ml | E38: 240 | F38: 31137 | G38: =+F38*E38 -> 7472880 | J38: =+'SVD 4140_Pto. 01_Cert. 5'!L38 -> 0.7 | K38: 0.3 | L38: =+J38+K38 -> 1 | M38: =+G38*J38 -> 5231016 | N38: =+G38*K38 -> 2241864 | O38: =+G38*L38 -> 7472880
B39: 3.14 | C39: Sistema de apuntalamiento y reapuntalamiento | D39: gl | E39: 1 | F39: 11089161 | G39: =+F39*E39 -> 11089161 | J39: =+'SVD 4140_Pto. 01_Cert. 5'!L39 -> 0.15 | K39: 0.05 | L39: =+J39+K39 -> 0.2 | M39: =+G39*J39 -> 1663374.1 | N39: =+G39*K39 -> 554458.05 | O39: =+G39*L39 -> 2217832.2
B40: 3.15 | C40: Ensayos de Hormigon por etapas de hormigonado | D40: u | E40: 14 | F40: 155217 | G40: =+F40*E40 -> 2173038 | J40: =+'SVD 4140_Pto. 01_Cert. 5'!L40 -> 0.35 | K40: 0.05 | L40: =+J40+K40 -> 0.4 | M40: =+G40*J40 -> 760563.3 | N40: =+G40*K40 -> 108651.9 | O40: =+G40*L40 -> 869215.2
B41: 3.16 | C41: Permiso de estacionamiento de bomba de hormigón a contramano | D41: gl | E41: 4 | F41: 69129 | G41: =+F41*E41 -> 276516 | J41: =+'SVD 4140_Pto. 01_Cert. 5'!L41 -> 0.5 | L41: =+J41+K41 -> 0.5 | M41: =+G41*J41 -> 138258 | N41: =+G41*K41 -> 0 | O41: =+G41*L41 -> 138258
B42: 3.17 | C42: Picado de medianeras para columnas y vigas - Cotizado solo para PB y 1P, No contempla picado en SS | D42: m2 | E42: 93 | F42: 24580 | G42: =+F42*E42 -> 2285940 | J42: =+'SVD 4140_Pto. 01_Cert. 5'!L42 -> 0 | K42: 0.1 | L42: =+J42+K42 -> 0.1 | M42: =+G42*J42 -> 0 | N42: =+G42*K42 -> 228594 | O42: =+G42*L42 -> 228594
B43: 24 | C43: AYUDA DE GREMIOS | H43: =SUM(G44:G53) -> 34134166 | I43: =+H43/$H$57 -> 0.081019881
B44: 24.01 | C44: Sereno | D44: mes | E44: 8 | F44: 753138 | G44: =+F44*E44 -> 6025104 | J44: =+'SVD 4140_Pto. 01_Cert. 5'!L44 -> 0.57 | K44: 0.13 | L44: =+J44+K44 -> 0.7 | M44: =+G44*J44 -> 3434309.3 | N44: =+G44*K44 -> 783263.52 | O44: =+G44*L44 -> 4217572.8
B45: 24.02 | C45: Tecnico de seguridad & higiene permanente en Obra | D45: mes | E45: 4 | F45: 1944871 | G45: =+F45*E45 -> 7779484 | J45: =+'SVD 4140_Pto. 01_Cert. 5'!L45 -> 0.9 | K45: 0.1 | L45: =+J45+K45 -> 1 | M45: =+G45*J45 -> 7001535.6 | N45: =+G45*K45 -> 777948.4 | O45: =+G45*L45 -> 7779484
B46: 24.03 | C46: Higiene y seguridad Res 51 | D46: mes | E46: 8 | F46: 188533 | G46: =+F46*E46 -> 1508264 | J46: =+'SVD 4140_Pto. 01_Cert. 5'!L46 -> 0.57 | K46: 0.13 | L46: =+J46+K46 -> 0.7 | M46: =+G46*J46 -> 859710.48 | N46: =+G46*K46 -> 196074.32 | O46: =+G46*L46 -> 1055784.8
B47: 24.04 | C47: Protecciones y defensas | D47: gl | E47: 1 | F47: 4606562 | G47: =+F47*E47 -> 4606562 | J47: =+'SVD 4140_Pto. 01_Cert. 5'!L47 -> 0 | L47: =+J47+K47 -> 0 | M47: =+G47*J47 -> 0 | N47: =+G47*K47 -> 0 | O47: =+G47*L47 -> 0
B48: 24.05 | C48: Ayuda de gremios | D48: mes | E48: 8 | F48: 696152 | G48: =+F48*E48 -> 5569216 | J48: =+'SVD 4140_Pto. 01_Cert. 5'!L48 -> 0 | L48: =+J48+K48 -> 0 | M48: =+G48*J48 -> 0 | N48: =+G48*K48 -> 0 | O48: =+G48*L48 -> 0
B49: 24.06 | C49: Limpieza periodica | D49: mes | E49: 8 | F49: 452333 | G49: =+F49*E49 -> 3618664 | J49: =+'SVD 4140_Pto. 01_Cert. 5'!L49 -> 0.25 | K49: 0.25 | L49: =+J49+K49 -> 0.5 | M49: =+G49*J49 -> 904666 | N49: =+G49*K49 -> 904666 | O49: =+G49*L49 -> 1809332
B50: 24.07 | C50: Limpieza final de Obra | D50: gl | E50: 0 | F50: 0 | G50: =+F50*E50 -> 0 | J50: =+'SVD 4140_Pto. 01_Cert. 5'!L50 -> 0 | L50: =+J50+K50 -> 0 | M50: =+G50*J50 -> 0 | N50: =+G50*K50 -> 0 | O50: =+G50*L50 -> 0
B51: 24.08 | C51: Fletes | D51: mes | E51: 8 | F51: 314221 | G51: =+F51*E51 -> 2513768 | J51: =+'SVD 4140_Pto. 01_Cert. 5'!L51 -> 0.15 | K51: 0.35 | L51: =+J51+K51 -> 0.5 | M51: =+G51*J51 -> 377065.2 | N51: =+G51*K51 -> 879818.8 | O51: =+G51*L51 -> 1256884
B52: 24.09 | C52: Alquiler de equipos - Montacargas, tubos de descarga y balancin | D52: mes | E52: 4 | F52: 0 | G52: =+F52*E52 -> 0 | J52: =+'SVD 4140_Pto. 01_Cert. 5'!L52 -> 0 | L52: =+J52+K52 -> 0 | M52: =+G52*J52 -> 0 | N52: =+G52*K52 -> 0 | O52: =+G52*L52 -> 0
B53: 24.1 | C53: Volquetes | D53: mes | E53: 8 | F53: 314138 | G53: =+F53*E53 -> 2513104 | J53: =+'SVD 4140_Pto. 01_Cert. 5'!L53 -> 0 | L53: =+J53+K53 -> 0 | M53: =+G53*J53 -> 0 | N53: =+G53*K53 -> 0 | O53: =+G53*L53 -> 0
B54: 25 | C54: JEFATURA DE OBRA | H54: =SUM(G55:G56) -> 43220384 | I54: =+H54/$H$57 -> 0.10258667
B55: 25.01 | C55: Supervisión profesional de Obra | D55: mes | E55: 8 | F55: 4774106 | G55: =+F55*E55 -> 38192848 | J55: =+'SVD 4140_Pto. 01_Cert. 5'!L55 -> 0.57 | K55: 0.13 | L55: =+J55+K55 -> 0.7 | M55: =+G55*J55 -> 21769923 | N55: =+G55*K55 -> 4965070.2 | O55: =+G55*L55 -> 26734994
B56: 25.02 | C56: Movilidad y viaticos | D56: mes | E56: 8 | F56: 628442 | G56: =+F56*E56 -> 5027536 | J56: =+'SVD 4140_Pto. 01_Cert. 5'!L56 -> 0.57 | K56: 0.13 | L56: =+J56+K56 -> 0.7 | M56: =+G56*J56 -> 2865695.5 | N56: =+G56*K56 -> 653579.68 | O56: =+G56*L56 -> 3519275.2
C57: SUBTOTAL PRESUPUESTO 01 (SIN IVA) | G57: =SUM(G10:G56) -> 4.2130605e+08 | H57: =SUM(H10:H56) -> 421306052 | I57: =+SUM(I10:I56) -> 1 | M57: =+SUM(M10:M56) -> 1.7270785e+08 | N57: =+SUM(N10:N56) -> 60880923 | O57: =+SUM(O10:O56) -> 2.3358878e+08
C58: Presupuesto base Sep-24 | O58: =+O57/H57 -> 0.55443964
C60: RESUMEN CERTIFICADO | L60: CERT. N° | M60: =+K6 -> 6 | O60: =+O6 -> 45898
C61: Descripción | N61: % | O61: IMPORTE
B62: A | C62: Presupuesto aprobado | O62: =+H57 -> 421306052
B63: B | C63: Anticipo | N63: 0.2 | O63: =+N63*O62 -> 84261210
B64: C | C64: Certificado actual | O64: =+N57 -> 60880923
B65: D | C65: Desacopio | N65: =-N63 -> -0.2 | O65: =+N65*O64 -> -12176185
B66: E | C66: Subtotal certificacion actual completa (SIN IVA) | O66: =+O64+O65 -> 48704739
C67: Actualización por CAC base Sep-24 por fuera de OC

Sheet SVD 4140_Pto. 01_Cert. 7
G2: DÓLAR BNA | H2: DÓLAR MEP
G3: 1005 | H3: 1170
G5: 45628
C6: OBRA: EDIFICIO EL SALVADOR 4140 | J6: Certificado | K6: 7 | O6: 45931
C7: PRESUPUESTO OBRA CIVIL
C8: Descripción | D8: U | E8: Cant | F8: P unit | G8: Subtotal | J8: Avance | M8: Importe
C9: PRESUPUESTO 01 - PRELIMINARES + MOV SUELO + HORMIGON | J9: Anterior | K9: Actual | L9: Acumulado | M9: Anterior | N9: Actual | O9: Acumulado
B10: 1 | C10: TAREAS PRELIMINARES | H10: =SUM(G11:G20) -> 24784163 | I10: =+H10/$H$57 -> 0.058826981
B11: 1.01 | C11: Limpieza y preparación del terreno - No cotiza | D11: gl | E11: 0 | F11: 0 | G11: =+F11*E11 -> 0 | J11: =+'SVD 4140_Pto. 01_Cert. 6'!L11 -> 0 | L11: =+J11+K11 -> 0 | M11: =+G11*J11 -> 0 | N11: =+G11*K11 -> 0 | O11: =+G11*L11 -> 0
B12: 1.02 | C12: Topógrafo - Visita de obra replanteo | D12: un | E12: 3 | F12: 379588 | G12: =+F12*E12 -> 1138764 | J12: =+'SVD 4140_Pto. 01_Cert. 6'!L12 -> 0.65 | L12: =+J12+K12 -> 0.65 | M12: =+G12*J12 -> 740196.6 | N12: =+G12*K12 -> 0 | O12: =+G12*L12 -> 740196.6
B13: 1.03 | C13: Cartel de Obra - No cotiza | D13: gl | E13: 0 | F13: 0 | G13: =+F13*E13 -> 0 | J13: =+'SVD 4140_Pto. 01_Cert. 6'!L13 -> 0 | L13: =+J13+K13 -> 0 | M13: =+G13*J13 -> 0 | N13: =+G13*K13 -> 0 | O13: =+G13*L13 -> 0
B14: 1.04 | C14: Cerco de obra perimetral - En chapa C25 + Concertina + Porton corredizo | D14: ml | E14: 11 | F14: 141220 | G14: =+F14*E14 -> 1553420 | J14: =+'SVD 4140_Pto. 01_Cert. 6'!L14 -> 0 | L14: =+J14+K14 -> 0 | M14: =+G14*J14 -> 0 | N14: =+G14*K14 -> 0 | O14: =+G14*L14 -> 0
B15: 1.05 | C15: Obrador colgante, pañol y ducha | D15: gl | E15: 1 | F15: 7548771 | G15: =+F15*E15 -> 7548771 | J15: =+'SVD 4140_Pto. 01_Cert. 6'!L15 -> 0.8 | L15: =+J15+K15 -> 0.8 | M15: =+G15*J15 -> 6039016.8 | N15: =+G15*K15 -> 0 | O15: =+G15*L15 -> 6039016.8
B16: 1.06 | C16: Alquiler de baños quimicos y duchas portatiles | D16: mes | E16: 3 | F16: 392028 | G16: =+F16*E16 -> 1176084 | J16: =+'SVD 4140_Pto. 01_Cert. 6'!L16 -> 1 | L16: =+J16+K16 -> 1 | M16: =+G16*J16 -> 1176084 | N16: =+G16*K16 -> 0 | O16: =+G16*L16 -> 1176084
B17: 1.07 | C17: Conexión pilar y luz de obra + Tablero de obra | D17: gl | E17: 1 | F17: 1731320 | G17: =+F17*E17 -> 1731320 | J17: =+'SVD 4140_Pto. 01_Cert. 6'!L17 -> 1 | L17: =+J17+K17 -> 1 | M17: =+G17*J17 -> 1731320 | N17: =+G17*K17 -> 0 | O17: =+G17*L17 -> 1731320
B18: 1.08 | C18: Conexión agua de obra, tanque + bomba | D18: gl | E18: 1 | F18: 1405632 | G18: =+F18*E18 -> 1405632 | J18: =+'SVD 4140_Pto. 01_Cert. 6'!L18 -> 0 | L18: =+J18+K18 -> 0 | M18: =+G18*J18 -> 0 | N18: =+G18*K18 -> 0 | O18: =+G18*L18 -> 0
B19: 1.09 | C19: Tramite luz de obra, certificado luz de obra (2) y medición PAT | D19: gl | E19: 1 | F19: 426487 | G19: =+F19*E19 -> 426487 | J19: =+'SVD 4140_Pto. 01_Cert. 6'!L19 -> 0.65 | L19: =+J19+K19 -> 0.65 | M19: =+G19*J19 -> 277216.55 | N19: =+G19*K19 -> 0 | O19: =+G19*L19 -> 277216.55
B20: 1.1 | C20: Sistema de depresión de napas | D20: gl | E20: 1 | F20: 9803685 | G20: =+F20*E20 -> 9803685 | J20: =+'SVD 4140_Pto. 01_Cert. 6'!L20 -> 1 | L20: =+J20+K20 -> 1 | M20: =+G20*J20 -> 9803685 | N20: =+G20*K20 -> 0 | O20: =+G20*L20 -> 9803685
B21: 2 | C21: MOVIMIENTO DE TIERRA, COMPACTACION Y RELLENO | H21: =SUM(G22:G24) -> 42017464 | I21: =+H21/$H$57 -> 0.099731451
B22: 2.01 | C22: Excavación a maquina para submuración y subsuelo | D22: m3 | E22: 1266 | F22: 33090 | G22: =+F22*E22 -> 41891940 | J22: =+'SVD 4140_Pto. 01_Cert. 6'!L22 -> 1 | L22: =+J22+K22 -> 1 | M22: =+G22*J22 -> 41891940 | N22: =+G22*K22 -> 0 | O22: =+G22*L22 -> 41891940
B23: 2.02 | C23: Demolición y retiro de fundaciones existentes - No cotiza | D23: gl | E23: 0 | F23: 0 | G23: =+F23*E23 -> 0 | J23: =+'SVD 4140_Pto. 01_Cert. 6'!L23 -> 0 | L23: =+J23+K23 -> 0 | M23: =+G23*J23 -> 0 | N23: =+G23*K23 -> 0 | O23: =+G23*L23 -> 0
B24: 2.03 | C24: Excavación manual para pozo de achique y bombeo | D24: m3 | E24: 2 | F24: 62762 | G24: =+F24*E24 -> 125524 | J24: =+'SVD 4140_Pto. 01_Cert. 6'!L24 -> 1 | L24: =+J24+K24 -> 1 | M24: =+G24*J24 -> 125524 | N24: =+G24*K24 -> 0 | O24: =+G24*L24 -> 125524
B25: 3 | C25: ESTRUCTURA RESISTENTE - sin provision de hierro y hormigon (incluye corte y doblado en obra) | H25: =SUM(G26:G42) -> 277149875 | I25: =+H25/$H$57 -> 0.65783502
B26: 3.01 | C26: Hormigón de limpieza - e: 10 cm | D26: m3 | E26: 35 | F26: 314478 | G26: =+F26*E26 -> 11006730 | J26: =+'SVD 4140_Pto. 01_Cert. 6'!L26 -> 1 | L26: =+J26+K26 -> 1 | M26: =+G26*J26 -> 11006730 | N26: =+G26*K26 -> 0 | O26: =+G26*L26 -> 11006730
B27: 3.02 | C27: Tabique submuración - H30 hidrófugo (95 kg/m3 de hierro) | D27: m3 | E27: 40 | F27: 536061.6 | G27: =+F27*E27 -> 21442464 | J27: =+'SVD 4140_Pto. 01_Cert. 6'!L27 -> 1 | L27: =+J27+K27 -> 1 | M27: =+G27*J27 -> 21442464 | N27: =+G27*K27 -> 0 | O27: =+G27*L27 -> 21442464
B28: 3.03 | C28: Zapata corrida tabique - H30 hidrófugo (120 kg/m3) | D28: m3 | E28: 28 | F28: 437680.76 | G28: =+F28*E28 -> 12255061 | J28: =+'SVD 4140_Pto. 01_Cert. 6'!L28 -> 1 | L28: =+J28+K28 -> 1 | M28: =+G28*J28 -> 12255061 | N28: =+G28*K28 -> 0 | O28: =+G28*L28 -> 12255061
B29: 3.04 | C29: Platea - H30 hidrófugo (95 kg/m3 de hierro) | D29: m3 | E29: 179 | F29: 214461.72 | G29: =+F29*E29 -> 38388648 | J29: =+'SVD 4140_Pto. 01_Cert. 6'!L29 -> 1 | L29: =+J29+K29 -> 1 | M29: =+G29*J29 -> 38388648 | N29: =+G29*K29 -> 0 | O29: =+G29*L29 -> 38388648
B30: 3.05 | C30: Rampa - H30 (120 kg/m3 de hierro) | D30: m3 | E30: 10 | F30: 462731.65 | G30: =+F30*E30 -> 4627316.5 | J30: =+'SVD 4140_Pto. 01_Cert. 6'!L30 -> 0.05 | K30: 0.95 | L30: =+J30+K30 -> 1 | M30: =+G30*J30 -> 231365.83 | N30: =+G30*K30 -> 4395950.7 | O30: =+G30*L30 -> 4627316.5
B31: 3.06 | C31: Losa maciza - H30 (110 kg/m3 de hierro) | D31: m3 | E31: 177 | F31: 317280.61 | G31: =+F31*E31 -> 56158669 | J31: =+'SVD 4140_Pto. 01_Cert. 6'!L31 -> 0.15 | K31: 0.15 | L31: =+J31+K31 -> 0.3 | M31: =+G31*J31 -> 8423800.3 | N31: =+G31*K31 -> 8423800.3 | O31: =+G31*L31 -> 16847601
B32: 3.07 | C32: Vigas - H30 (140 kg/m3 de hierro) | D32: m3 | E32: 65 | F32: 789050.44 | G32: =+F32*E32 -> 51288278 | J32: =+'SVD 4140_Pto. 01_Cert. 6'!L32 -> 0.3 | K32: 0.2 | L32: =+J32+K32 -> 0.5 | M32: =+G32*J32 -> 15386484 | N32: =+G32*K32 -> 10257656 | O32: =+G32*L32 -> 25644139
B33: 3.08 | C33: Vigas de H° visto - H30 (140 kg/m3 de hierro) | D33: m3 | E33: 12 | F33: 917117.82 | G33: =+F33*E33 -> 11005414 | J33: =+'SVD 4140_Pto. 01_Cert. 6'!L33 -> 0 | K33: 0.25 | L33: =+J33+K33 -> 0.25 | M33: =+G33*J33 -> 0 | N33: =+G33*K33 -> 2751353.5 | O33: =+G33*L33 -> 2751353.5
B34: 3.09 | C34: Tabiques - H30 (120 kg/m3 de hierro) | D34: m3 | E34: 28 | F34: 536061.6 | G34: =+F34*E34 -> 15009725 | J34: =+'SVD 4140_Pto. 01_Cert. 6'!L34 -> 0.15 | K34: 0.15 | L34: =+J34+K34 -> 0.3 | M34: =+G34*J34 -> 2251458.7 | N34: =+G34*K34 -> 2251458.7 | O34: =+G34*L34 -> 4502917.5
B35: 3.1 | C35: Columna - H30 (240 Kg/m3 de hierro) | D35: m3 | E35: 54 | F35: 473858.97 | G35: =+F35*E35 -> 25588384 | J35: =+'SVD 4140_Pto. 01_Cert. 6'!L35 -> 0.2 | K35: 0.2 | L35: =+J35+K35 -> 0.4 | M35: =+G35*J35 -> 5117676.9 | N35: =+G35*K35 -> 5117676.9 | O35: =+G35*L35 -> 10235354
B36: 3.11 | C36: Escaleras - H30 (105 kg/m3 de hierro) | D36: m3 | E36: 11 | F36: 497587.77 | G36: =+F36*E36 -> 5473465.5 | J36: =+'SVD 4140_Pto. 01_Cert. 6'!L36 -> 0 | K36: 0.35 | L36: =+J36+K36 -> 0.35 | M36: =+G36*J36 -> 0 | N36: =+G36*K36 -> 1915712.9 | O36: =+G36*L36 -> 1915712.9
B37: 3.12 | C37: Tabiques tanques de H° - H30 (120 kg/m3 de hierro) | D37: m3 | E37: 3 | F37: 536061.6 | G37: =+F37*E37 -> 1608184.8 | J37: =+'SVD 4140_Pto. 01_Cert. 6'!L37 -> 0 | L37: =+J37+K37 -> 0 | M37: =+G37*J37 -> 0 | N37: =+G37*K37 -> 0 | O37: =+G37*L37 -> 0
B38: 3.13 | C38: Junta de impermeabilización de PVC - Sika Waterbars v15 x 15mts o similar | D38: ml | E38: 240 | F38: 31137 | G38: =+F38*E38 -> 7472880 | J38: =+'SVD 4140_Pto. 01_Cert. 6'!L38 -> 1 | L38: =+J38+K38 -> 1 | M38: =+G38*J38 -> 7472880 | N38: =+G38*K38 -> 0 | O38: =+G38*L38 -> 7472880
B39: 3.14 | C39: Sistema de apuntalamiento y reapuntalamiento | D39: gl | E39: 1 | F39: 11089161 | G39: =+F39*E39 -> 11089161 | J39: =+'SVD 4140_Pto. 01_Cert. 6'!L39 -> 0.2 | K39: 0.15 | L39: =+J39+K39 -> 0.35 | M39: =+G39*J39 -> 2217832.2 | N39: =+G39*K39 -> 1663374.1 | O39: =+G39*L39 -> 3881206.3
B40: 3.15 | C40: Ensayos de Hormigon por etapas de hormigonado | D40: u | E40: 14 | F40: 155217 | G40: =+F40*E40 -> 2173038 | J40: =+'SVD 4140_Pto. 01_Cert. 6'!L40 -> 0.4 | K40: 0.1 | L40: =+J40+K40 -> 0.5 | M40: =+G40*J40 -> 869215.2 | N40: =+G40*K40 -> 217303.8 | O40: =+G40*L40 -> 1086519
B41: 3.16 | C41: Permiso de estacionamiento de bomba de hormigón a contramano | D41: gl | E41: 4 | F41: 69129 | G41: =+F41*E41 -> 276516 | J41: =+'SVD 4140_Pto. 01_Cert. 6'!L41 -> 0.5 | L41: =+J41+K41 -> 0.5 | M41: =+G41*J41 -> 138258 | N41: =+G41*K41 -> 0 | O41: =+G41*L41 -> 138258
B42: 3.17 | C42: Picado de medianeras para columnas y vigas - Cotizado solo para PB y 1P, No contempla picado en SS | D42: m2 | E42: 93 | F42: 24580 | G42: =+F42*E42 -> 2285940 | J42: =+'SVD 4140_Pto. 01_Cert. 6'!L42 -> 0.1 | K42: 0.4 | L42: =+J42+K42 -> 0.5 | M42: =+G42*J42 -> 228594 | N42: =+G42*K42 -> 914376 | O42: =+G42*L42 -> 1142970
B43: 24 | C43: AYUDA DE GREMIOS | H43: =SUM(G44:G53) -> 34134166 | I43: =+H43/$H$57 -> 0.081019881
B44: 24.01 | C44: Sereno | D44: mes | E44: 8 | F44: 753138 | G44: =+F44*E44 -> 6025104 | J44: =+'SVD 4140_Pto. 01_Cert. 6'!L44 -> 0.7 | K44: 0.1 | L44: =+J44+K44 -> 0.8 | M44: =+G44*J44 -> 4217572.8 | N44: =+G44*K44 -> 602510.4 | O44: =+G44*L44 -> 4820083.2
B45: 24.02 | C45: Tecnico de seguridad & higiene permanente en Obra | D45: mes | E45: 4 | F45: 1944871 | G45: =+F45*E45 -> 7779484 | J45: =+'SVD 4140_Pto. 01_Cert. 6'!L45 -> 1 | L45: =+J45+K45 -> 1 | M45: =+G45*J45 -> 7779484 | N45: =+G45*K45 -> 0 | O45: =+G45*L45 -> 7779484
B46: 24.03 | C46: Higiene y seguridad Res 51 | D46: mes | E46: 8 | F46: 188533 | G46: =+F46*E46 -> 1508264 | J46: =+'SVD 4140_Pto. 01_Cert. 6'!L46 -> 0.7 | K46: 0.1 | L46: =+J46+K46 -> 0.8 | M46: =+G46*J46 -> 1055784.8 | N46: =+G46*K46 -> 150826.4 | O46: =+G46*L46 -> 1206611.2
B47: 24.04 | C47: Protecciones y defensas | D47: gl | E47: 1 | F47: 4606562 | G47: =+F47*E47 -> 4606562 | J47: =+'SVD 4140_Pto. 01_Cert. 6'!L47 -> 0 | L47: =+J47+K47 -> 0 | M47: =+G47*J47 -> 0 | N47: =+G47*K47 -> 0 | O47: =+G47*L47 -> 0
B48: 24.05 | C48: Ayuda de gremios | D48: mes | E48: 8 | F48: 696152 | G48: =+F48*E48 -> 5569216 | J48: =+'SVD 4140_Pto. 01_Cert. 6'!L48 -> 0 | K48: 0.1 | L48: =+J48+K48 -> 0.1 | M48: =+G48*J48 -> 0 | N48: =+G48*K48 -> 556921.6 | O48: =+G48*L48 -> 556921.6
B49: 24.06 | C49: Limpieza periodica | D49: mes | E49: 8 | F49: 452333 | G49: =+F49*E49 -> 3618664 | J49: =+'SVD 4140_Pto. 01_Cert. 6'!L49 -> 0.5 | K49: 0.1 | L49: =+J49+K49 -> 0.6 | M49: =+G49*J49 -> 1809332 | N49: =+G49*K49 -> 361866.4 | O49: =+G49*L49 -> 2171198.4
B50: 24.07 | C50: Limpieza final de Obra | D50: gl | E50: 0 | F50: 0 | G50: =+F50*E50 -> 0 | J50: =+'SVD 4140_Pto. 01_Cert. 6'!L50 -> 0 | L50: =+J50+K50 -> 0 | M50: =+G50*J50 -> 0 | N50: =+G50*K50 -> 0 | O50: =+G50*L50 -> 0
B51: 24.08 | C51: Fletes | D51: mes | E51: 8 | F51: 314221 | G51: =+F51*E51 -> 2513768 | J51: =+'SVD 4140_Pto. 01_Cert. 6'!L51 -> 0.5 | L51: =+J51+K51 -> 0.5 | M51: =+G51*J51 -> 1256884 | N51: =+G51*K51 -> 0 | O51: =+G51*L51 -> 1256884
B52: 24.09 | C52: Alquiler de equipos - Montacargas, tubos de descarga y balancin | D52: mes | E52: 4 | F52: 0 | G52: =+F52*E52 -> 0 | J52: =+'SVD 4140_Pto. 01_Cert. 6'!L52 -> 0 | L52: =+J52+K52 -> 0 | M52: =+G52*J52 -> 0 | N52: =+G52*K52 -> 0 | O52: =+G52*L52 -> 0
B53: 24.1 | C53: Volquetes | D53: mes | E53: 8 | F53: 314138 | G53: =+F53*E53 -> 2513104 | J53: =+'SVD 4140_Pto. 01_Cert. 6'!L53 -> 0 | K53: 0.25 | L53: =+J53+K53 -> 0.25 | M53: =+G53*J53 -> 0 | N53: =+G53*K53 -> 628276 | O53: =+G53*L53 -> 628276
B54: 25 | C54: JEFATURA DE OBRA | H54: =SUM(G55:G56) -> 43220384 | I54: =+H54/$H$57 -> 0.10258667
B55: 25.01 | C55: Supervisión profesional de Obra | D55: mes | E55: 8 | F55: 4774106 | G55: =+F55*E55 -> 38192848 | J55: =+'SVD 4140_Pto. 01_Cert. 6'!L55 -> 0.7 | K55: 0.1 | L55: =+J55+K55 -> 0.8 | M55: =+G55*J55 -> 26734994 | N55: =+G55*K55 -> 3819284.8 | O55: =+G55*L55 -> 30554278
B56: 25.02 | C56: Movilidad y viaticos | D56: mes | E56: 8 | F56: 628442 | G56: =+F56*E56 -> 5027536 | J56: =+'SVD 4140_Pto. 01_Cert. 6'!L56 -> 0.7 | K56: 0.1 | L56: =+J56+K56 -> 0.8 | M56: =+G56*J56 -> 3519275.2 | N56: =+G56*K56 -> 502753.6 | O56: =+G56*L56 -> 4022028.8
C57: SUBTOTAL PRESUPUESTO 01 (SIN IVA) | G57: =SUM(G10:G56) -> 4.2130605e+08 | H57: =SUM(H10:H56) -> 421306052 | I57: =+SUM(I10:I56) -> 1 | M57: =+SUM(M10:M56) -> 2.3358878e+08 | N57: =+SUM(N10:N56) -> 44531102 | O57: =+SUM(O10:O56) -> 2.7811988e+08
C58: Presupuesto base Sep-24 | O58: =+O57/H57 -> 0.66013739
C60: RESUMEN CERTIFICADO | L60: CERT. N° | M60: =+K6 -> 7 | O60: =+O6 -> 45931
C61: Descripción | N61: % | O61: IMPORTE
B62: A | C62: Presupuesto aprobado | O62: =+H57 -> 421306052
B63: B | C63: Anticipo | N63: 0.2 | O63: =+N63*O62 -> 84261210
B64: C | C64: Certificado actual | O64: =+N57 -> 44531102
B65: D | C65: Desacopio | N65: =-N63 -> -0.2 | O65: =+N65*O64 -> -8906220.4
B66: E | C66: Subtotal certificacion actual completa (SIN IVA) | O66: =+O64+O65 -> 35624881
C67: Actualización por CAC base Sep-24 por fuera de OC

Sheet SVD 4140_Pto. 01_Cert. 8
G2: DÓLAR BNA | H2: DÓLAR MEP
G3: 1005 | H3: 1170
G5: 45628
C6: OBRA: EDIFICIO EL SALVADOR 4140 | J6: Certificado | K6: 8 | O6: 45957
C7: PRESUPUESTO OBRA CIVIL
C8: Descripción | D8: U | E8: Cant | F8: P unit | G8: Subtotal | J8: Avance | M8: Importe
C9: PRESUPUESTO 01 - PRELIMINARES + MOV SUELO + HORMIGON | J9: Anterior | K9: Actual | L9: Acumulado | M9: Anterior | N9: Actual | O9: Acumulado
B10: 1 | C10: TAREAS PRELIMINARES | H10: =SUM(G11:G20) -> 24784163 | I10: =+H10/$H$57 -> 0.058826981
B11: 1.01 | C11: Limpieza y preparación del terreno - No cotiza | D11: gl | E11: 0 | F11: 0 | G11: =+F11*E11 -> 0 | J11: =+'SVD 4140_Pto. 01_Cert. 7'!L11 -> 0 | L11: =+J11+K11 -> 0 | M11: =+G11*J11 -> 0 | N11: =+G11*K11 -> 0 | O11: =+G11*L11 -> 0
B12: 1.02 | C12: Topógrafo - Visita de obra replanteo | D12: un | E12: 3 | F12: 379588 | G12: =+F12*E12 -> 1138764 | J12: =+'SVD 4140_Pto. 01_Cert. 7'!L12 -> 0.65 | K12: 0.35 | L12: =+J12+K12 -> 1 | M12: =+G12*J12 -> 740196.6 | N12: =+G12*K12 -> 398567.4 | O12: =+G12*L12 -> 1138764
B13: 1.03 | C13: Cartel de Obra - No cotiza | D13: gl | E13: 0 | F13: 0 | G13: =+F13*E13 -> 0 | J13: =+'SVD 4140_Pto. 01_Cert. 7'!L13 -> 0 | L13: =+J13+K13 -> 0 | M13: =+G13*J13 -> 0 | N13: =+G13*K13 -> 0 | O13: =+G13*L13 -> 0
B14: 1.04 | C14: Cerco de obra perimetral - En chapa C25 + Concertina + Porton corredizo | D14: ml | E14: 11 | F14: 141220 | G14: =+F14*E14 -> 1553420 | J14: =+'SVD 4140_Pto. 01_Cert. 7'!L14 -> 0 | L14: =+J14+K14 -> 0 | M14: =+G14*J14 -> 0 | N14: =+G14*K14 -> 0 | O14: =+G14*L14 -> 0
B15: 1.05 | C15: Obrador colgante, pañol y ducha | D15: gl | E15: 1 | F15: 7548771 | G15: =+F15*E15 -> 7548771 | J15: =+'SVD 4140_Pto. 01_Cert. 7'!L15 -> 0.8 | L15: =+J15+K15 -> 0.8 | M15: =+G15*J15 -> 6039016.8 | N15: =+G15*K15 -> 0 | O15: =+G15*L15 -> 6039016.8
B16: 1.06 | C16: Alquiler de baños quimicos y duchas portatiles | D16: mes | E16: 3 | F16: 392028 | G16: =+F16*E16 -> 1176084 | J16: =+'SVD 4140_Pto. 01_Cert. 7'!L16 -> 1 | L16: =+J16+K16 -> 1 | M16: =+G16*J16 -> 1176084 | N16: =+G16*K16 -> 0 | O16: =+G16*L16 -> 1176084
B17: 1.07 | C17: Conexión pilar y luz de obra + Tablero de obra | D17: gl | E17: 1 | F17: 1731320 | G17: =+F17*E17 -> 1731320 | J17: =+'SVD 4140_Pto. 01_Cert. 7'!L17 -> 1 | L17: =+J17+K17 -> 1 | M17: =+G17*J17 -> 1731320 | N17: =+G17*K17 -> 0 | O17: =+G17*L17 -> 1731320
B18: 1.08 | C18: Conexión agua de obra, tanque + bomba | D18: gl | E18: 1 | F18: 1405632 | G18: =+F18*E18 -> 1405632 | J18: =+'SVD 4140_Pto. 01_Cert. 7'!L18 -> 0 | L18: =+J18+K18 -> 0 | M18: =+G18*J18 -> 0 | N18: =+G18*K18 -> 0 | O18: =+G18*L18 -> 0
B19: 1.09 | C19: Tramite luz de obra, certificado luz de obra (2) y medición PAT | D19: gl | E19: 1 | F19: 426487 | G19: =+F19*E19 -> 426487 | J19: =+'SVD 4140_Pto. 01_Cert. 7'!L19 -> 0.65 | L19: =+J19+K19 -> 0.65 | M19: =+G19*J19 -> 277216.55 | N19: =+G19*K19 -> 0 | O19: =+G19*L19 -> 277216.55
B20: 1.1 | C20: Sistema de depresión de napas | D20: gl | E20: 1 | F20: 9803685 | G20: =+F20*E20 -> 9803685 | J20: =+'SVD 4140_Pto. 01_Cert. 7'!L20 -> 1 | L20: =+J20+K20 -> 1 | M20: =+G20*J20 -> 9803685 | N20: =+G20*K20 -> 0 | O20: =+G20*L20 -> 9803685
B21: 2 | C21: MOVIMIENTO DE TIERRA, COMPACTACION Y RELLENO | H21: =SUM(G22:G24) -> 42017464 | I21: =+H21/$H$57 -> 0.099731451
B22: 2.01 | C22: Excavación a maquina para submuración y subsuelo | D22: m3 | E22: 1266 | F22: 33090 | G22: =+F22*E22 -> 41891940 | J22: =+'SVD 4140_Pto. 01_Cert. 7'!L22 -> 1 | L22: =+J22+K22 -> 1 | M22: =+G22*J22 -> 41891940 | N22: =+G22*K22 -> 0 | O22: =+G22*L22 -> 41891940
B23: 2.02 | C23: Demolición y retiro de fundaciones existentes - No cotiza | D23: gl | E23: 0 | F23: 0 | G23: =+F23*E23 -> 0 | J23: =+'SVD 4140_Pto. 01_Cert. 7'!L23 -> 0 | L23: =+J23+K23 -> 0 | M23: =+G23*J23 -> 0 | N23: =+G23*K23 -> 0 | O23: =+G23*L23 -> 0
B24: 2.03 | C24: Excavación manual para pozo de achique y bombeo | D24: m3 | E24: 2 | F24: 62762 | G24: =+F24*E24 -> 125524 | J24: =+'SVD 4140_Pto. 01_Cert. 7'!L24 -> 1 | L24: =+J24+K24 -> 1 | M24: =+G24*J24 -> 125524 | N24: =+G24*K24 -> 0 | O24: =+G24*L24 -> 125524
B25: 3 | C25: ESTRUCTURA RESISTENTE - sin provision de hierro y hormigon (incluye corte y doblado en obra) | H25: =SUM(G26:G42) -> 277149875 | I25: =+H25/$H$57 -> 0.65783502
B26: 3.01 | C26: Hormigón de limpieza - e: 10 cm | D26: m3 | E26: 35 | F26: 314478 | G26: =+F26*E26 -> 11006730 | J26: =+'SVD 4140_Pto. 01_Cert. 7'!L26 -> 1 | L26: =+J26+K26 -> 1 | M26: =+G26*J26 -> 11006730 | N26: =+G26*K26 -> 0 | O26: =+G26*L26 -> 11006730
B27: 3.02 | C27: Tabique submuración - H30 hidrófugo (95 kg/m3 de hierro) | D27: m3 | E27: 40 | F27: 536061.6 | G27: =+F27*E27 -> 21442464 | J27: =+'SVD 4140_Pto. 01_Cert. 7'!L27 -> 1 | L27: =+J27+K27 -> 1 | M27: =+G27*J27 -> 21442464 | N27: =+G27*K27 -> 0 | O27: =+G27*L27 -> 21442464
B28: 3.03 | C28: Zapata corrida tabique - H30 hidrófugo (120 kg/m3) | D28: m3 | E28: 28 | F28: 437680.76 | G28: =+F28*E28 -> 12255061 | J28: =+'SVD 4140_Pto. 01_Cert. 7'!L28 -> 1 | L28: =+J28+K28 -> 1 | M28: =+G28*J28 -> 12255061 | N28: =+G28*K28 -> 0 | O28: =+G28*L28 -> 12255061
B29: 3.04 | C29: Platea - H30 hidrófugo (95 kg/m3 de hierro) | D29: m3 | E29: 179 | F29: 214461.72 | G29: =+F29*E29 -> 38388648 | J29: =+'SVD 4140_Pto. 01_Cert. 7'!L29 -> 1 | L29: =+J29+K29 -> 1 | M29: =+G29*J29 -> 38388648 | N29: =+G29*K29 -> 0 | O29: =+G29*L29 -> 38388648
B30: 3.05 | C30: Rampa - H30 (120 kg/m3 de hierro) | D30: m3 | E30: 10 | F30: 462731.65 | G30: =+F30*E30 -> 4627316.5 | J30: =+'SVD 4140_Pto. 01_Cert. 7'!L30 -> 1 | L30: =+J30+K30 -> 1 | M30: =+G30*J30 -> 4627316.5 | N30: =+G30*K30 -> 0 | O30: =+G30*L30 -> 4627316.5
B31: 3.06 | C31: Losa maciza - H30 (110 kg/m3 de hierro) | D31: m3 | E31: 177 | F31: 317280.61 | G31: =+F31*E31 -> 56158669 | J31: =+'SVD 4140_Pto. 01_Cert. 7'!L31 -> 0.3 | K31: 0.15 | L31: =+J31+K31 -> 0.45 | M31: =+G31*J31 -> 16847601 | N31: =+G31*K31 -> 8423800.3 | O31: =+G31*L31 -> 25271401
B32: 3.07 | C32: Vigas - H30 (140 kg/m3 de hierro) | D32: m3 | E32: 65 | F32: 789050.44 | G32: =+F32*E32 -> 51288278 | J32: =+'SVD 4140_Pto. 01_Cert. 7'!L32 -> 0.5 | K32: 0.2 | L32: =+J32+K32 -> 0.7 | M32: =+G32*J32 -> 25644139 | N32: =+G32*K32 -> 10257656 | O32: =+G32*L32 -> 35901795
B33: 3.08 | C33: Vigas de H° visto - H30 (140 kg/m3 de hierro) | D33: m3 | E33: 12 | F33: 917117.82 | G33: =+F33*E33 -> 11005414 | J33: =+'SVD 4140_Pto. 01_Cert. 7'!L33 -> 0.25 | K33: 0.3 | L33: =+J33+K33 -> 0.55 | M33: =+G33*J33 -> 2751353.5 | N33: =+G33*K33 -> 3301624.1 | O33: =+G33*L33 -> 6052977.6
B34: 3.09 | C34: Tabiques - H30 (120 kg/m3 de hierro) | D34: m3 | E34: 28 | F34: 536061.6 | G34: =+F34*E34 -> 15009725 | J34: =+'SVD 4140_Pto. 01_Cert. 7'!L34 -> 0.3 | K34: 0.15 | L34: =+J34+K34 -> 0.45 | M34: =+G34*J34 -> 4502917.5 | N34: =+G34*K34 -> 2251458.7 | O34: =+G34*L34 -> 6754376.2
B35: 3.1 | C35: Columna - H30 (240 Kg/m3 de hierro) | D35: m3 | E35: 54 | F35: 473858.97 | G35: =+F35*E35 -> 25588384 | J35: =+'SVD 4140_Pto. 01_Cert. 7'!L35 -> 0.4 | K35: 0.2 | L35: =+J35+K35 -> 0.6 | M35: =+G35*J35 -> 10235354 | N35: =+G35*K35 -> 5117676.9 | O35: =+G35*L35 -> 15353031
B36: 3.11 | C36: Escaleras - H30 (105 kg/m3 de hierro) | D36: m3 | E36: 11 | F36: 497587.77 | G36: =+F36*E36 -> 5473465.5 | J36: =+'SVD 4140_Pto. 01_Cert. 7'!L36 -> 0.35 | K36: 0.15 | L36: =+J36+K36 -> 0.5 | M36: =+G36*J36 -> 1915712.9 | N36: =+G36*K36 -> 821019.83 | O36: =+G36*L36 -> 2736732.8
B37: 3.12 | C37: Tabiques tanques de H° - H30 (120 kg/m3 de hierro) | D37: m3 | E37: 3 | F37: 536061.6 | G37: =+F37*E37 -> 1608184.8 | J37: =+'SVD 4140_Pto. 01_Cert. 7'!L37 -> 0 | L37: =+J37+K37 -> 0 | M37: =+G37*J37 -> 0 | N37: =+G37*K37 -> 0 | O37: =+G37*L37 -> 0
B38: 3.13 | C38: Junta de impermeabilización de PVC - Sika Waterbars v15 x 15mts o similar | D38: ml | E38: 240 | F38: 31137 | G38: =+F38*E38 -> 7472880 | J38: =+'SVD 4140_Pto. 01_Cert. 7'!L38 -> 1 | L38: =+J38+K38 -> 1 | M38: =+G38*J38 -> 7472880 | N38: =+G38*K38 -> 0 | O38: =+G38*L38 -> 7472880
B39: 3.14 | C39: Sistema de apuntalamiento y reapuntalamiento | D39: gl | E39: 1 | F39: 11089161 | G39: =+F39*E39 -> 11089161 | J39: =+'SVD 4140_Pto. 01_Cert. 7'!L39 -> 0.35 | K39: 0.2 | L39: =+J39+K39 -> 0.55 | M39: =+G39*J39 -> 3881206.3 | N39: =+G39*K39 -> 2217832.2 | O39: =+G39*L39 -> 6099038.6
B40: 3.15 | C40: Ensayos de Hormigon por etapas de hormigonado | D40: u | E40: 14 | F40: 155217 | G40: =+F40*E40 -> 2173038 | J40: =+'SVD 4140_Pto. 01_Cert. 7'!L40 -> 0.5 | K40: 0.15 | L40: =+J40+K40 -> 0.65 | M40: =+G40*J40 -> 1086519 | N40: =+G40*K40 -> 325955.7 | O40: =+G40*L40 -> 1412474.7
B41: 3.16 | C41: Permiso de estacionamiento de bomba de hormigón a contramano | D41: gl | E41: 4 | F41: 69129 | G41: =+F41*E41 -> 276516 | J41: =+'SVD 4140_Pto. 01_Cert. 7'!L41 -> 0.5 | K41: 0.25 | L41: =+J41+K41 -> 0.75 | M41: =+G41*J41 -> 138258 | N41: =+G41*K41 -> 69129 | O41: =+G41*L41 -> 207387
B42: 3.17 | C42: Picado de medianeras para columnas y vigas - Cotizado solo para PB y 1P, No contempla picado en SS | D42: m2 | E42: 93 | F42: 24580 | G42: =+F42*E42 -> 2285940 | J42: =+'SVD 4140_Pto. 01_Cert. 7'!L42 -> 0.5 | K42: 0.5 | L42: =+J42+K42 -> 1 | M42: =+G42*J42 -> 1142970 | N42: =+G42*K42 -> 1142970 | O42: =+G42*L42 -> 2285940
B43: 24 | C43: AYUDA DE GREMIOS | H43: =SUM(G44:G53) -> 34134166 | I43: =+H43/$H$57 -> 0.081019881
B44: 24.01 | C44: Sereno | D44: mes | E44: 8 | F44: 753138 | G44: =+F44*E44 -> 6025104 | J44: =+'SVD 4140_Pto. 01_Cert. 7'!L44 -> 0.8 | K44: 0.1 | L44: =+J44+K44 -> 0.9 | M44: =+G44*J44 -> 4820083.2 | N44: =+G44*K44 -> 602510.4 | O44: =+G44*L44 -> 5422593.6
B45: 24.02 | C45: Tecnico de seguridad & higiene permanente en Obra | D45: mes | E45: 4 | F45: 1944871 | G45: =+F45*E45 -> 7779484 | J45: =+'SVD 4140_Pto. 01_Cert. 7'!L45 -> 1 | L45: =+J45+K45 -> 1 | M45: =+G45*J45 -> 7779484 | N45: =+G45*K45 -> 0 | O45: =+G45*L45 -> 7779484
B46: 24.03 | C46: Higiene y seguridad Res 51 | D46: mes | E46: 8 | F46: 188533 | G46: =+F46*E46 -> 1508264 | J46: =+'SVD 4140_Pto. 01_Cert. 7'!L46 -> 0.8 | K46: 0.1 | L46: =+J46+K46 -> 0.9 | M46: =+G46*J46 -> 1206611.2 | N46: =+G46*K46 -> 150826.4 | O46: =+G46*L46 -> 1357437.6
B47: 24.04 | C47: Protecciones y defensas | D47: gl | E47: 1 | F47: 4606562 | G47: =+F47*E47 -> 4606562 | J47: =+'SVD 4140_Pto. 01_Cert. 7'!L47 -> 0 | L47: =+J47+K47 -> 0 | M47: =+G47*J47 -> 0 | N47: =+G47*K47 -> 0 | O47: =+G47*L47 -> 0
B48: 24.05 | C48: Ayuda de gremios | D48: mes | E48: 8 | F48: 696152 | G48: =+F48*E48 -> 5569216 | J48: =+'SVD 4140_Pto. 01_Cert. 7'!L48 -> 0.1 | K48: 0.15 | L48: =+J48+K48 -> 0.25 | M48: =+G48*J48 -> 556921.6 | N48: =+G48*K48 -> 835382.4 | O48: =+G48*L48 -> 1392304
B49: 24.06 | C49: Limpieza periodica | D49: mes | E49: 8 | F49: 452333 | G49: =+F49*E49 -> 3618664 | J49: =+'SVD 4140_Pto. 01_Cert. 7'!L49 -> 0.6 | K49: 0.1 | L49: =+J49+K49 -> 0.7 | M49: =+G49*J49 -> 2171198.4 | N49: =+G49*K49 -> 361866.4 | O49: =+G49*L49 -> 2533064.8
B50: 24.07 | C50: Limpieza final de Obra | D50: gl | E50: 0 | F50: 0 | G50: =+F50*E50 -> 0 | J50: =+'SVD 4140_Pto. 01_Cert. 7'!L50 -> 0 | L50: =+J50+K50 -> 0 | M50: =+G50*J50 -> 0 | N50: =+G50*K50 -> 0 | O50: =+G50*L50 -> 0
B51: 24.08 | C51: Fletes | D51: mes | E51: 8 | F51: 314221 | G51: =+F51*E51 -> 2513768 | J51: =+'SVD 4140_Pto. 01_Cert. 7'!L51 -> 0.5 | K51: 0.15 | L51: =+J51+K51 -> 0.65 | M51: =+G51*J51 -> 1256884 | N51: =+G51*K51 -> 377065.2 | O51: =+G51*L51 -> 1633949.2
B52: 24.09 | C52: Alquiler de equipos - Montacargas, tubos de descarga y balancin | D52: mes | E52: 4 | F52: 0 | G52: =+F52*E52 -> 0 | J52: =+'SVD 4140_Pto. 01_Cert. 7'!L52 -> 0 | L52: =+J52+K52 -> 0 | M52: =+G52*J52 -> 0 | N52: =+G52*K52 -> 0 | O52: =+G52*L52 -> 0
B53: 24.1 | C53: Volquetes | D53: mes | E53: 8 | F53: 314138 | G53: =+F53*E53 -> 2513104 | J53: =+'SVD 4140_Pto. 01_Cert. 7'!L53 -> 0.25 | K53: 0.1 | L53: =+J53+K53 -> 0.35 | M53: =+G53*J53 -> 628276 | N53: =+G53*K53 -> 251310.4 | O53: =+G53*L53 -> 879586.4
B54: 25 | C54: JEFATURA DE OBRA | H54: =SUM(G55:G56) -> 43220384 | I54: =+H54/$H$57 -> 0.10258667
B55: 25.01 | C55: Supervisión profesional de Obra | D55: mes | E55: 8 | F55: 4774106 | G55: =+F55*E55 -> 38192848 | J55: =+'SVD 4140_Pto. 01_Cert. 7'!L55 -> 0.8 | K55: 0.1 | L55: =+J55+K55 -> 0.9 | M55: =+G55*J55 -> 30554278 | N55: =+G55*K55 -> 3819284.8 | O55: =+G55*L55 -> 34373563
B56: 25.02 | C56: Movilidad y viaticos | D56: mes | E56: 8 | F56: 628442 | G56: =+F56*E56 -> 5027536 | J56: =+'SVD 4140_Pto. 01_Cert. 7'!L56 -> 0.8 | K56: 0.1 | L56: =+J56+K56 -> 0.9 | M56: =+G56*J56 -> 4022028.8 | N56: =+G56*K56 -> 502753.6 | O56: =+G56*L56 -> 4524782.4
C57: SUBTOTAL PRESUPUESTO 01 (SIN IVA) | G57: =SUM(G10:G56) -> 4.2130605e+08 | H57: =SUM(H10:H56) -> 421306052 | I57: =+SUM(I10:I56) -> 1 | M57: =+SUM(M10:M56) -> 2.7811988e+08 | N57: =+SUM(N10:N56) -> 41228689 | O57: =+SUM(O10:O56) -> 3.1934857e+08
C58: Presupuesto base Sep-24 | O58: =+O57/H57 -> 0.75799663
C60: RESUMEN CERTIFICADO | L60: CERT. N° | M60: =+K6 -> 8 | O60: =+O6 -> 45957
C61: Descripción | N61: % | O61: IMPORTE
B62: A | C62: Presupuesto aprobado | O62: =+H57 -> 421306052
B63: B | C63: Anticipo | N63: 0.2 | O63: =+N63*O62 -> 84261210
B64: C | C64: Certificado actual | O64: =+N57 -> 41228689
B65: D | C65: Desacopio | N65: =-N63 -> -0.2 | O65: =+N65*O64 -> -8245737.9
B66: E | C66: Subtotal certificacion actual completa (SIN IVA) | O66: =+O64+O65 -> 32982952
C67: Actualización por CAC base Sep-24 por fuera de OC

Sheet SVD 4140_Pto. 01_Cert. 9
G2: DÓLAR BNA | H2: DÓLAR MEP
G3: 1005 | H3: 1170
G5: 45628
C6: OBRA: EDIFICIO EL SALVADOR 4140 | J6: Certificado | K6: 9 | O6: 45988
C7: PRESUPUESTO OBRA CIVIL
C8: Descripción | D8: U | E8: Cant | F8: P unit | G8: Subtotal | J8: Avance | M8: Importe
C9: PRESUPUESTO 01 - PRELIMINARES + MOV SUELO + HORMIGON | J9: Anterior | K9: Actual | L9: Acumulado | M9: Anterior | N9: Actual | O9: Acumulado
B10: 1 | C10: TAREAS PRELIMINARES | H10: =SUM(G11:G20) -> 24784163 | I10: =+H10/$H$57 -> 0.058826981
B11: 1.01 | C11: Limpieza y preparación del terreno - No cotiza | D11: gl | E11: 0 | F11: 0 | G11: =+F11*E11 -> 0 | J11: =+'SVD 4140_Pto. 01_Cert. 8'!L11 -> 0 | L11: =+J11+K11 -> 0 | M11: =+G11*J11 -> 0 | N11: =+G11*K11 -> 0 | O11: =+G11*L11 -> 0
B12: 1.02 | C12: Topógrafo - Visita de obra replanteo | D12: un | E12: 3 | F12: 379588 | G12: =+F12*E12 -> 1138764 | J12: =+'SVD 4140_Pto. 01_Cert. 8'!L12 -> 1 | L12: =+J12+K12 -> 1 | M12: =+G12*J12 -> 1138764 | N12: =+G12*K12 -> 0 | O12: =+G12*L12 -> 1138764
B13: 1.03 | C13: Cartel de Obra - No cotiza | D13: gl | E13: 0 | F13: 0 | G13: =+F13*E13 -> 0 | J13: =+'SVD 4140_Pto. 01_Cert. 8'!L13 -> 0 | L13: =+J13+K13 -> 0 | M13: =+G13*J13 -> 0 | N13: =+G13*K13 -> 0 | O13: =+G13*L13 -> 0
B14: 1.04 | C14: Cerco de obra perimetral - En chapa C25 + Concertina + Porton corredizo | D14: ml | E14: 11 | F14: 141220 | G14: =+F14*E14 -> 1553420 | J14: =+'SVD 4140_Pto. 01_Cert. 8'!L14 -> 0 | K14: 1 | L14: =+J14+K14 -> 1 | M14: =+G14*J14 -> 0 | N14: =+G14*K14 -> 1553420 | O14: =+G14*L14 -> 1553420
B15: 1.05 | C15: Obrador colgante, pañol y ducha | D15: gl | E15: 1 | F15: 7548771 | G15: =+F15*E15 -> 7548771 | J15: =+'SVD 4140_Pto. 01_Cert. 8'!L15 -> 0.8 | L15: =+J15+K15 -> 0.8 | M15: =+G15*J15 -> 6039016.8 | N15: =+G15*K15 -> 0 | O15: =+G15*L15 -> 6039016.8
B16: 1.06 | C16: Alquiler de baños quimicos y duchas portatiles | D16: mes | E16: 3 | F16: 392028 | G16: =+F16*E16 -> 1176084 | J16: =+'SVD 4140_Pto. 01_Cert. 8'!L16 -> 1 | L16: =+J16+K16 -> 1 | M16: =+G16*J16 -> 1176084 | N16: =+G16*K16 -> 0 | O16: =+G16*L16 -> 1176084
B17: 1.07 | C17: Conexión pilar y luz de obra + Tablero de obra | D17: gl | E17: 1 | F17: 1731320 | G17: =+F17*E17 -> 1731320 | J17: =+'SVD 4140_Pto. 01_Cert. 8'!L17 -> 1 | L17: =+J17+K17 -> 1 | M17: =+G17*J17 -> 1731320 | N17: =+G17*K17 -> 0 | O17: =+G17*L17 -> 1731320
B18: 1.08 | C18: Conexión agua de obra, tanque + bomba | D18: gl | E18: 1 | F18: 1405632 | G18: =+F18*E18 -> 1405632 | J18: =+'SVD 4140_Pto. 01_Cert. 8'!L18 -> 0 | L18: =+J18+K18 -> 0 | M18: =+G18*J18 -> 0 | N18: =+G18*K18 -> 0 | O18: =+G18*L18 -> 0
B19: 1.09 | C19: Tramite luz de obra, certificado luz de obra (2) y medición PAT | D19: gl | E19: 1 | F19: 426487 | G19: =+F19*E19 -> 426487 | J19: =+'SVD 4140_Pto. 01_Cert. 8'!L19 -> 0.65 | L19: =+J19+K19 -> 0.65 | M19: =+G19*J19 -> 277216.55 | N19: =+G19*K19 -> 0 | O19: =+G19*L19 -> 277216.55
B20: 1.1 | C20: Sistema de depresión de napas | D20: gl | E20: 1 | F20: 9803685 | G20: =+F20*E20 -> 9803685 | J20: =+'SVD 4140_Pto. 01_Cert. 8'!L20 -> 1 | L20: =+J20+K20 -> 1 | M20: =+G20*J20 -> 9803685 | N20: =+G20*K20 -> 0 | O20: =+G20*L20 -> 9803685
B21: 2 | C21: MOVIMIENTO DE TIERRA, COMPACTACION Y RELLENO | H21: =SUM(G22:G24) -> 42017464 | I21: =+H21/$H$57 -> 0.099731451 | J21: =+'SVD 4140_Pto. 01_Cert. 8'!L21 -> 0
B22: 2.01 | C22: Excavación a maquina para submuración y subsuelo | D22: m3 | E22: 1266 | F22: 33090 | G22: =+F22*E22 -> 41891940 | J22: =+'SVD 4140_Pto. 01_Cert. 8'!L22 -> 1 | L22: =+J22+K22 -> 1 | M22: =+G22*J22 -> 41891940 | N22: =+G22*K22 -> 0 | O22: =+G22*L22 -> 41891940
B23: 2.02 | C23: Demolición y retiro de fundaciones existentes - No cotiza | D23: gl | E23: 0 | F23: 0 | G23: =+F23*E23 -> 0 | J23: =+'SVD 4140_Pto. 01_Cert. 8'!L23 -> 0 | L23: =+J23+K23 -> 0 | M23: =+G23*J23 -> 0 | N23: =+G23*K23 -> 0 | O23: =+G23*L23 -> 0
B24: 2.03 | C24: Excavación manual para pozo de achique y bombeo | D24: m3 | E24: 2 | F24: 62762 | G24: =+F24*E24 -> 125524 | J24: =+'SVD 4140_Pto. 01_Cert. 8'!L24 -> 1 | L24: =+J24+K24 -> 1 | M24: =+G24*J24 -> 125524 | N24: =+G24*K24 -> 0 | O24: =+G24*L24 -> 125524
B25: 3 | C25: ESTRUCTURA RESISTENTE - sin provision de hierro y hormigon (incluye corte y doblado en obra) | H25: =SUM(G26:G42) -> 277149875 | I25: =+H25/$H$57 -> 0.65783502 | J25: =+'SVD 4140_Pto. 01_Cert. 8'!L25 -> 0
B26: 3.01 | C26: Hormigón de limpieza - e: 10 cm | D26: m3 | E26: 35 | F26: 314478 | G26: =+F26*E26 -> 11006730 | J26: =+'SVD 4140_Pto. 01_Cert. 8'!L26 -> 1 | L26: =+J26+K26 -> 1 | M26: =+G26*J26 -> 11006730 | N26: =+G26*K26 -> 0 | O26: =+G26*L26 -> 11006730
B27: 3.02 | C27: Tabique submuración - H30 hidrófugo (95 kg/m3 de hierro) | D27: m3 | E27: 40 | F27: 536061.6 | G27: =+F27*E27 -> 21442464 | J27: =+'SVD 4140_Pto. 01_Cert. 8'!L27 -> 1 | L27: =+J27+K27 -> 1 | M27: =+G27*J27 -> 21442464 | N27: =+G27*K27 -> 0 | O27: =+G27*L27 -> 21442464
B28: 3.03 | C28: Zapata corrida tabique - H30 hidrófugo (120 kg/m3) | D28: m3 | E28: 28 | F28: 437680.76 | G28: =+F28*E28 -> 12255061 | J28: =+'SVD 4140_Pto. 01_Cert. 8'!L28 -> 1 | L28: =+J28+K28 -> 1 | M28: =+G28*J28 -> 12255061 | N28: =+G28*K28 -> 0 | O28: =+G28*L28 -> 12255061
B29: 3.04 | C29: Platea - H30 hidrófugo (95 kg/m3 de hierro) | D29: m3 | E29: 179 | F29: 214461.72 | G29: =+F29*E29 -> 38388648 | J29: =+'SVD 4140_Pto. 01_Cert. 8'!L29 -> 1 | L29: =+J29+K29 -> 1 | M29: =+G29*J29 -> 38388648 | N29: =+G29*K29 -> 0 | O29: =+G29*L29 -> 38388648
B30: 3.05 | C30: Rampa - H30 (120 kg/m3 de hierro) | D30: m3 | E30: 10 | F30: 462731.65 | G30: =+F30*E30 -> 4627316.5 | J30: =+'SVD 4140_Pto. 01_Cert. 8'!L30 -> 1 | L30: =+J30+K30 -> 1 | M30: =+G30*J30 -> 4627316.5 | N30: =+G30*K30 -> 0 | O30: =+G30*L30 -> 4627316.5
B31: 3.06 | C31: Losa maciza - H30 (110 kg/m3 de hierro) | D31: m3 | E31: 177 | F31: 317280.61 | G31: =+F31*E31 -> 56158669 | J31: =+'SVD 4140_Pto. 01_Cert. 8'!L31 -> 0.45 | K31: 0.2 | L31: =+J31+K31 -> 0.65 | M31: =+G31*J31 -> 25271401 | N31: =+G31*K31 -> 11231734 | O31: =+G31*L31 -> 36503135
B32: 3.07 | C32: Vigas - H30 (140 kg/m3 de hierro) | D32: m3 | E32: 65 | F32: 789050.44 | G32: =+F32*E32 -> 51288278 | J32: =+'SVD 4140_Pto. 01_Cert. 8'!L32 -> 0.7 | K32: 0.1 | L32: =+J32+K32 -> 0.8 | M32: =+G32*J32 -> 35901795 | N32: =+G32*K32 -> 5128827.8 | O32: =+G32*L32 -> 41030623
B33: 3.08 | C33: Vigas de H° visto - H30 (140 kg/m3 de hierro) | D33: m3 | E33: 12 | F33: 917117.82 | G33: =+F33*E33 -> 11005414 | J33: =+'SVD 4140_Pto. 01_Cert. 8'!L33 -> 0.55 | K33: 0.3 | L33: =+J33+K33 -> 0.85 | M33: =+G33*J33 -> 6052977.6 | N33: =+G33*K33 -> 3301624.1 | O33: =+G33*L33 -> 9354601.7
B34: 3.09 | C34: Tabiques - H30 (120 kg/m3 de hierro) | D34: m3 | E34: 28 | F34: 536061.6 | G34: =+F34*E34 -> 15009725 | J34: =+'SVD 4140_Pto. 01_Cert. 8'!L34 -> 0.45 | K34: 0.15 | L34: =+J34+K34 -> 0.6 | M34: =+G34*J34 -> 6754376.2 | N34: =+G34*K34 -> 2251458.7 | O34: =+G34*L34 -> 9005835
B35: 3.1 | C35: Columna - H30 (240 Kg/m3 de hierro) | D35: m3 | E35: 54 | F35: 473858.97 | G35: =+F35*E35 -> 25588384 | J35: =+'SVD 4140_Pto. 01_Cert. 8'!L35 -> 0.6 | K35: 0.1 | L35: =+J35+K35 -> 0.7 | M35: =+G35*J35 -> 15353031 | N35: =+G35*K35 -> 2558838.4 | O35: =+G35*L35 -> 17911869
B36: 3.11 | C36: Escaleras - H30 (105 kg/m3 de hierro) | D36: m3 | E36: 11 | F36: 497587.77 | G36: =+F36*E36 -> 5473465.5 | J36: =+'SVD 4140_Pto. 01_Cert. 8'!L36 -> 0.5 | K36: 0.15 | L36: =+J36+K36 -> 0.65 | M36: =+G36*J36 -> 2736732.8 | N36: =+G36*K36 -> 821019.83 | O36: =+G36*L36 -> 3557752.6
B37: 3.12 | C37: Tabiques tanques de H° - H30 (120 kg/m3 de hierro) | D37: m3 | E37: 3 | F37: 536061.6 | G37: =+F37*E37 -> 1608184.8 | J37: =+'SVD 4140_Pto. 01_Cert. 8'!L37 -> 0 | L37: =+J37+K37 -> 0 | M37: =+G37*J37 -> 0 | N37: =+G37*K37 -> 0 | O37: =+G37*L37 -> 0
B38: 3.13 | C38: Junta de impermeabilización de PVC - Sika Waterbars v15 x 15mts o similar | D38: ml | E38: 240 | F38: 31137 | G38: =+F38*E38 -> 7472880 | J38: =+'SVD 4140_Pto. 01_Cert. 8'!L38 -> 1 | L38: =+J38+K38 -> 1 | M38: =+G38*J38 -> 7472880 | N38: =+G38*K38 -> 0 | O38: =+G38*L38 -> 7472880
B39: 3.14 | C39: Sistema de apuntalamiento y reapuntalamiento | D39: gl | E39: 1 | F39: 11089161 | G39: =+F39*E39 -> 11089161 | J39: =+'SVD 4140_Pto. 01_Cert. 8'!L39 -> 0.55 | K39: 0.15 | L39: =+J39+K39 -> 0.7 | M39: =+G39*J39 -> 6099038.6 | N39: =+G39*K39 -> 1663374.1 | O39: =+G39*L39 -> 7762412.7
B40: 3.15 | C40: Ensayos de Hormigon por etapas de hormigonado | D40: u | E40: 14 | F40: 155217 | G40: =+F40*E40 -> 2173038 | J40: =+'SVD 4140_Pto. 01_Cert. 8'!L40 -> 0.65 | K40: 0.15 | L40: =+J40+K40 -> 0.8 | M40: =+G40*J40 -> 1412474.7 | N40: =+G40*K40 -> 325955.7 | O40: =+G40*L40 -> 1738430.4
B41: 3.16 | C41: Permiso de estacionamiento de bomba de hormigón a contramano | D41: gl | E41: 4 | F41: 69129 | G41: =+F41*E41 -> 276516 | J41: =+'SVD 4140_Pto. 01_Cert. 8'!L41 -> 0.75 | L41: =+J41+K41 -> 0.75 | M41: =+G41*J41 -> 207387 | N41: =+G41*K41 -> 0 | O41: =+G41*L41 -> 207387
B42: 3.17 | C42: Picado de medianeras para columnas y vigas - Cotizado solo para PB y 1P, No contempla picado en SS | D42: m2 | E42: 93 | F42: 24580 | G42: =+F42*E42 -> 2285940 | J42: =+'SVD 4140_Pto. 01_Cert. 8'!L42 -> 1 | L42: =+J42+K42 -> 1 | M42: =+G42*J42 -> 2285940 | N42: =+G42*K42 -> 0 | O42: =+G42*L42 -> 2285940
B43: 24 | C43: AYUDA DE GREMIOS | H43: =SUM(G44:G53) -> 34134166 | I43: =+H43/$H$57 -> 0.081019881 | J43: =+'SVD 4140_Pto. 01_Cert. 8'!L43 -> 0
B44: 24.01 | C44: Sereno | D44: mes | E44: 8 | F44: 753138 | G44: =+F44*E44 -> 6025104 | J44: =+'SVD 4140_Pto. 01_Cert. 8'!L44 -> 0.9 | K44: 0.05 | L44: =+J44+K44 -> 0.95 | M44: =+G44*J44 -> 5422593.6 | N44: =+G44*K44 -> 301255.2 | O44: =+G44*L44 -> 5723848.8
B45: 24.02 | C45: Tecnico de seguridad & higiene permanente en Obra | D45: mes | E45: 4 | F45: 1944871 | G45: =+F45*E45 -> 7779484 | J45: =+'SVD 4140_Pto. 01_Cert. 8'!L45 -> 1 | L45: =+J45+K45 -> 1 | M45: =+G45*J45 -> 7779484 | N45: =+G45*K45 -> 0 | O45: =+G45*L45 -> 7779484
B46: 24.03 | C46: Higiene y seguridad Res 51 | D46: mes | E46: 8 | F46: 188533 | G46: =+F46*E46 -> 1508264 | J46: =+'SVD 4140_Pto. 01_Cert. 8'!L46 -> 0.9 | K46: 0.05 | L46: =+J46+K46 -> 0.95 | M46: =+G46*J46 -> 1357437.6 | N46: =+G46*K46 -> 75413.2 | O46: =+G46*L46 -> 1432850.8
B47: 24.04 | C47: Protecciones y defensas | D47: gl | E47: 1 | F47: 4606562 | G47: =+F47*E47 -> 4606562 | J47: =+'SVD 4140_Pto. 01_Cert. 8'!L47 -> 0 | K47: 0.5 | L47: =+J47+K47 -> 0.5 | M47: =+G47*J47 -> 0 | N47: =+G47*K47 -> 2303281 | O47: =+G47*L47 -> 2303281
B48: 24.05 | C48: Ayuda de gremios | D48: mes | E48: 8 | F48: 696152 | G48: =+F48*E48 -> 5569216 | J48: =+'SVD 4140_Pto. 01_Cert. 8'!L48 -> 0.25 | K48: 0.2 | L48: =+J48+K48 -> 0.45 | M48: =+G48*J48 -> 1392304 | N48: =+G48*K48 -> 1113843.2 | O48: =+G48*L48 -> 2506147.2
B49: 24.06 | C49: Limpieza periodica | D49: mes | E49: 8 | F49: 452333 | G49: =+F49*E49 -> 3618664 | J49: =+'SVD 4140_Pto. 01_Cert. 8'!L49 -> 0.7 | K49: 0.1 | L49: =+J49+K49 -> 0.8 | M49: =+G49*J49 -> 2533064.8 | N49: =+G49*K49 -> 361866.4 | O49: =+G49*L49 -> 2894931.2
B50: 24.07 | C50: Limpieza final de Obra | D50: gl | E50: 0 | F50: 0 | G50: =+F50*E50 -> 0 | J50: =+'SVD 4140_Pto. 01_Cert. 8'!L50 -> 0 | L50: =+J50+K50 -> 0 | M50: =+G50*J50 -> 0 | N50: =+G50*K50 -> 0 | O50: =+G50*L50 -> 0
B51: 24.08 | C51: Fletes | D51: mes | E51: 8 | F51: 314221 | G51: =+F51*E51 -> 2513768 | J51: =+'SVD 4140_Pto. 01_Cert. 8'!L51 -> 0.65 | K51: 0.15 | L51: =+J51+K51 -> 0.8 | M51: =+G51*J51 -> 1633949.2 | N51: =+G51*K51 -> 377065.2 | O51: =+G51*L51 -> 2011014.4
B52: 24.09 | C52: Alquiler de equipos - Montacargas, tubos de descarga y balancin | D52: mes | E52: 4 | F52: 0 | G52: =+F52*E52 -> 0 | J52: =+'SVD 4140_Pto. 01_Cert. 8'!L52 -> 0 | L52: =+J52+K52 -> 0 | M52: =+G52*J52 -> 0 | N52: =+G52*K52 -> 0 | O52: =+G52*L52 -> 0
B53: 24.1 | C53: Volquetes | D53: mes | E53: 8 | F53: 314138 | G53: =+F53*E53 -> 2513104 | J53: =+'SVD 4140_Pto. 01_Cert. 8'!L53 -> 0.35 | K53: 0.25 | L53: =+J53+K53 -> 0.6 | M53: =+G53*J53 -> 879586.4 | N53: =+G53*K53 -> 628276 | O53: =+G53*L53 -> 1507862.4
B54: 25 | C54: JEFATURA DE OBRA | H54: =SUM(G55:G56) -> 43220384 | I54: =+H54/$H$57 -> 0.10258667 | J54: =+'SVD 4140_Pto. 01_Cert. 8'!L54 -> 0
B55: 25.01 | C55: Supervisión profesional de Obra | D55: mes | E55: 8 | F55: 4774106 | G55: =+F55*E55 -> 38192848 | J55: =+'SVD 4140_Pto. 01_Cert. 8'!L55 -> 0.9 | K55: 0.05 | L55: =+J55+K55 -> 0.95 | M55: =+G55*J55 -> 34373563 | N55: =+G55*K55 -> 1909642.4 | O55: =+G55*L55 -> 36283206
B56: 25.02 | C56: Movilidad y viaticos | D56: mes | E56: 8 | F56: 628442 | G56: =+F56*E56 -> 5027536 | J56: =+'SVD 4140_Pto. 01_Cert. 8'!L56 -> 0.9 | K56: 0.05 | L56: =+J56+K56 -> 0.95 | M56: =+G56*J56 -> 4524782.4 | N56: =+G56*K56 -> 251376.8 | O56: =+G56*L56 -> 4776159.2
C57: SUBTOTAL PRESUPUESTO 01 (SIN IVA) | G57: =SUM(G10:G56) -> 4.2130605e+08 | H57: =SUM(H10:H56) -> 421306052 | I57: =+SUM(I10:I56) -> 1 | M57: =+SUM(M10:M56) -> 3.1934857e+08 | N57: =+SUM(N10:N56) -> 36158272 | O57: =+SUM(O10:O56) -> 3.5550684e+08
C58: Presupuesto base Sep-24 | O58: =+O57/H57 -> 0.84382087
C60: RESUMEN CERTIFICADO | L60: CERT. N° | M60: =+K6 -> 9 | O60: =+O6 -> 45988
C61: Descripción | N61: % | O61: IMPORTE
B62: A | C62: Presupuesto aprobado | O62: =+H57 -> 421306052
B63: B | C63: Anticipo | N63: 0.2 | O63: =+N63*O62 -> 84261210
B64: C | C64: Certificado actual | O64: =+N57 -> 36158272
B65: D | C65: Desacopio | N65: =-N63 -> -0.2 | O65: =+N65*O64 -> -7231654.4
B66: E | C66: Subtotal certificacion actual completa (SIN IVA) | O66: =+O64+O65 -> 28926618 | S66: 26800000
C67: Actualización por CAC base Sep-24 por fuera de OC | S67: 32800000

Sheet SVD 4140_Pto. 01_Cert. 10
G2: DÓLAR BNA | H2: DÓLAR MEP
G3: 1005 | H3: 1170
G5: 45628
C6: OBRA: EDIFICIO EL SALVADOR 4140 | J6: Certificado | K6: 9 | O6: 45988
C7: PRESUPUESTO OBRA CIVIL
C8: Descripción | D8: U | E8: Cant | F8: P unit | G8: Subtotal | J8: Avance | M8: Importe
C9: PRESUPUESTO 01 - PRELIMINARES + MOV SUELO + HORMIGON | J9: Anterior | K9: Actual | L9: Acumulado | M9: Anterior | N9: Actual | O9: Acumulado
B10: 1 | C10: TAREAS PRELIMINARES | H10: =SUM(G11:G20) -> 24784163 | I10: =+H10/$H$57 -> 0.058826981
B11: 1.01 | C11: Limpieza y preparación del terreno - No cotiza | D11: gl | E11: 0 | F11: 0 | G11: =+F11*E11 -> 0 | J11: =+'SVD 4140_Pto. 01_Cert. 9'!L11 -> 0 | L11: =+J11+K11 -> 0 | M11: =+G11*J11 -> 0 | N11: =+G11*K11 -> 0 | O11: =+G11*L11 -> 0
B12: 1.02 | C12: Topógrafo - Visita de obra replanteo | D12: un | E12: 3 | F12: 379588 | G12: =+F12*E12 -> 1138764 | J12: =+'SVD 4140_Pto. 01_Cert. 9'!L12 -> 1 | L12: =+J12+K12 -> 1 | M12: =+G12*J12 -> 1138764 | N12: =+G12*K12 -> 0 | O12: =+G12*L12 -> 1138764
B13: 1.03 | C13: Cartel de Obra - No cotiza | D13: gl | E13: 0 | F13: 0 | G13: =+F13*E13 -> 0 | J13: =+'SVD 4140_Pto. 01_Cert. 9'!L13 -> 0 | L13: =+J13+K13 -> 0 | M13: =+G13*J13 -> 0 | N13: =+G13*K13 -> 0 | O13: =+G13*L13 -> 0
B14: 1.04 | C14: Cerco de obra perimetral - En chapa C25 + Concertina + Porton corredizo | D14: ml | E14: 11 | F14: 141220 | G14: =+F14*E14 -> 1553420 | J14: =+'SVD 4140_Pto. 01_Cert. 9'!L14 -> 1 | L14: =+J14+K14 -> 1 | M14: =+G14*J14 -> 1553420 | N14: =+G14*K14 -> 0 | O14: =+G14*L14 -> 1553420
B15: 1.05 | C15: Obrador colgante, pañol y ducha | D15: gl | E15: 1 | F15: 7548771 | G15: =+F15*E15 -> 7548771 | J15: =+'SVD 4140_Pto. 01_Cert. 9'!L15 -> 0.8 | L15: =+J15+K15 -> 0.8 | M15: =+G15*J15 -> 6039016.8 | N15: =+G15*K15 -> 0 | O15: =+G15*L15 -> 6039016.8
B16: 1.06 | C16: Alquiler de baños quimicos y duchas portatiles | D16: mes | E16: 3 | F16: 392028 | G16: =+F16*E16 -> 1176084 | J16: =+'SVD 4140_Pto. 01_Cert. 9'!L16 -> 1 | L16: =+J16+K16 -> 1 | M16: =+G16*J16 -> 1176084 | N16: =+G16*K16 -> 0 | O16: =+G16*L16 -> 1176084
B17: 1.07 | C17: Conexión pilar y luz de obra + Tablero de obra | D17: gl | E17: 1 | F17: 1731320 | G17: =+F17*E17 -> 1731320 | J17: =+'SVD 4140_Pto. 01_Cert. 9'!L17 -> 1 | L17: =+J17+K17 -> 1 | M17: =+G17*J17 -> 1731320 | N17: =+G17*K17 -> 0 | O17: =+G17*L17 -> 1731320
B18: 1.08 | C18: Conexión agua de obra, tanque + bomba | D18: gl | E18: 1 | F18: 1405632 | G18: =+F18*E18 -> 1405632 | J18: =+'SVD 4140_Pto. 01_Cert. 9'!L18 -> 0 | L18: =+J18+K18 -> 0 | M18: =+G18*J18 -> 0 | N18: =+G18*K18 -> 0 | O18: =+G18*L18 -> 0
B19: 1.09 | C19: Tramite luz de obra, certificado luz de obra (2) y medición PAT | D19: gl | E19: 1 | F19: 426487 | G19: =+F19*E19 -> 426487 | J19: =+'SVD 4140_Pto. 01_Cert. 9'!L19 -> 0.65 | L19: =+J19+K19 -> 0.65 | M19: =+G19*J19 -> 277216.55 | N19: =+G19*K19 -> 0 | O19: =+G19*L19 -> 277216.55
B20: 1.1 | C20: Sistema de depresión de napas | D20: gl | E20: 1 | F20: 9803685 | G20: =+F20*E20 -> 9803685 | J20: =+'SVD 4140_Pto. 01_Cert. 9'!L20 -> 1 | L20: =+J20+K20 -> 1 | M20: =+G20*J20 -> 9803685 | N20: =+G20*K20 -> 0 | O20: =+G20*L20 -> 9803685
B21: 2 | C21: MOVIMIENTO DE TIERRA, COMPACTACION Y RELLENO | H21: =SUM(G22:G24) -> 42017464 | I21: =+H21/$H$57 -> 0.099731451
B22: 2.01 | C22: Excavación a maquina para submuración y subsuelo | D22: m3 | E22: 1266 | F22: 33090 | G22: =+F22*E22 -> 41891940 | J22: =+'SVD 4140_Pto. 01_Cert. 9'!L22 -> 1 | L22: =+J22+K22 -> 1 | M22: =+G22*J22 -> 41891940 | N22: =+G22*K22 -> 0 | O22: =+G22*L22 -> 41891940
B23: 2.02 | C23: Demolición y retiro de fundaciones existentes - No cotiza | D23: gl | E23: 0 | F23: 0 | G23: =+F23*E23 -> 0 | J23: =+'SVD 4140_Pto. 01_Cert. 9'!L23 -> 0 | L23: =+J23+K23 -> 0 | M23: =+G23*J23 -> 0 | N23: =+G23*K23 -> 0 | O23: =+G23*L23 -> 0
B24: 2.03 | C24: Excavación manual para pozo de achique y bombeo | D24: m3 | E24: 2 | F24: 62762 | G24: =+F24*E24 -> 125524 | J24: =+'SVD 4140_Pto. 01_Cert. 9'!L24 -> 1 | L24: =+J24+K24 -> 1 | M24: =+G24*J24 -> 125524 | N24: =+G24*K24 -> 0 | O24: =+G24*L24 -> 125524
B25: 3 | C25: ESTRUCTURA RESISTENTE - sin provision de hierro y hormigon (incluye corte y doblado en obra) | H25: =SUM(G26:G42) -> 277149875 | I25: =+H25/$H$57 -> 0.65783502
B26: 3.01 | C26: Hormigón de limpieza - e: 10 cm | D26: m3 | E26: 35 | F26: 314478 | G26: =+F26*E26 -> 11006730 | J26: =+'SVD 4140_Pto. 01_Cert. 9'!L26 -> 1 | L26: =+J26+K26 -> 1 | M26: =+G26*J26 -> 11006730 | N26: =+G26*K26 -> 0 | O26: =+G26*L26 -> 11006730
B27: 3.02 | C27: Tabique submuración - H30 hidrófugo (95 kg/m3 de hierro) | D27: m3 | E27: 40 | F27: 536061.6 | G27: =+F27*E27 -> 21442464 | J27: =+'SVD 4140_Pto. 01_Cert. 9'!L27 -> 1 | L27: =+J27+K27 -> 1 | M27: =+G27*J27 -> 21442464 | N27: =+G27*K27 -> 0 | O27: =+G27*L27 -> 21442464
B28: 3.03 | C28: Zapata corrida tabique - H30 hidrófugo (120 kg/m3) | D28: m3 | E28: 28 | F28: 437680.76 | G28: =+F28*E28 -> 12255061 | J28: =+'SVD 4140_Pto. 01_Cert. 9'!L28 -> 1 | L28: =+J28+K28 -> 1 | M28: =+G28*J28 -> 12255061 | N28: =+G28*K28 -> 0 | O28: =+G28*L28 -> 12255061
B29: 3.04 | C29: Platea - H30 hidrófugo (95 kg/m3 de hierro) | D29: m3 | E29: 179 | F29: 214461.72 | G29: =+F29*E29 -> 38388648 | J29: =+'SVD 4140_Pto. 01_Cert. 9'!L29 -> 1 | L29: =+J29+K29 -> 1 | M29: =+G29*J29 -> 38388648 | N29: =+G29*K29 -> 0 | O29: =+G29*L29 -> 38388648
B30: 3.05 | C30: Rampa - H30 (120 kg/m3 de hierro) | D30: m3 | E30: 10 | F30: 462731.65 | G30: =+F30*E30 -> 4627316.5 | J30: =+'SVD 4140_Pto. 01_Cert. 9'!L30 -> 1 | L30: =+J30+K30 -> 1 | M30: =+G30*J30 -> 4627316.5 | N30: =+G30*K30 -> 0 | O30: =+G30*L30 -> 4627316.5
B31: 3.06 | C31: Losa maciza - H30 (110 kg/m3 de hierro) | D31: m3 | E31: 177 | F31: 317280.61 | G31: =+F31*E31 -> 56158669 | J31: =+'SVD 4140_Pto. 01_Cert. 9'!L31 -> 0.65 | K31: 0.2 | L31: =+J31+K31 -> 0.85 | M31: =+G31*J31 -> 36503135 | N31: =+G31*K31 -> 11231734 | O31: =+G31*L31 -> 47734868
B32: 3.07 | C32: Vigas - H30 (140 kg/m3 de hierro) | D32: m3 | E32: 65 | F32: 789050.44 | G32: =+F32*E32 -> 51288278 | J32: =+'SVD 4140_Pto. 01_Cert. 9'!L32 -> 0.8 | K32: 0.05 | L32: =+J32+K32 -> 0.85 | M32: =+G32*J32 -> 41030623 | N32: =+G32*K32 -> 2564413.9 | O32: =+G32*L32 -> 43595037
B33: 3.08 | C33: Vigas de H° visto - H30 (140 kg/m3 de hierro) | D33: m3 | E33: 12 | F33: 917117.82 | G33: =+F33*E33 -> 11005414 | J33: =+'SVD 4140_Pto. 01_Cert. 9'!L33 -> 0.85 | K33: 0.1 | L33: =+J33+K33 -> 0.95 | M33: =+G33*J33 -> 9354601.7 | N33: =+G33*K33 -> 1100541.4 | O33: =+G33*L33 -> 10455143
B34: 3.09 | C34: Tabiques - H30 (120 kg/m3 de hierro) | D34: m3 | E34: 28 | F34: 536061.6 | G34: =+F34*E34 -> 15009725 | J34: =+'SVD 4140_Pto. 01_Cert. 9'!L34 -> 0.6 | K34: 0.05 | L34: =+J34+K34 -> 0.65 | M34: =+G34*J34 -> 9005835 | N34: =+G34*K34 -> 750486.25 | O34: =+G34*L34 -> 9756321.2
B35: 3.1 | C35: Columna - H30 (240 Kg/m3 de hierro) | D35: m3 | E35: 54 | F35: 473858.97 | G35: =+F35*E35 -> 25588384 | J35: =+'SVD 4140_Pto. 01_Cert. 9'!L35 -> 0.7 | K35: 0.1 | L35: =+J35+K35 -> 0.8 | M35: =+G35*J35 -> 17911869 | N35: =+G35*K35 -> 2558838.4 | O35: =+G35*L35 -> 20470708
B36: 3.11 | C36: Escaleras - H30 (105 kg/m3 de hierro) | D36: m3 | E36: 11 | F36: 497587.77 | G36: =+F36*E36 -> 5473465.5 | J36: =+'SVD 4140_Pto. 01_Cert. 9'!L36 -> 0.65 | K36: 0.2 | L36: =+J36+K36 -> 0.85 | M36: =+G36*J36 -> 3557752.6 | N36: =+G36*K36 -> 1094693.1 | O36: =+G36*L36 -> 4652445.7
B37: 3.12 | C37: Tabiques tanques de H° - H30 (120 kg/m3 de hierro) | D37: m3 | E37: 3 | F37: 536061.6 | G37: =+F37*E37 -> 1608184.8 | J37: =+'SVD 4140_Pto. 01_Cert. 9'!L37 -> 0 | L37: =+J37+K37 -> 0 | M37: =+G37*J37 -> 0 | N37: =+G37*K37 -> 0 | O37: =+G37*L37 -> 0
B38: 3.13 | C38: Junta de impermeabilización de PVC - Sika Waterbars v15 x 15mts o similar | D38: ml | E38: 240 | F38: 31137 | G38: =+F38*E38 -> 7472880 | J38: =+'SVD 4140_Pto. 01_Cert. 9'!L38 -> 1 | L38: =+J38+K38 -> 1 | M38: =+G38*J38 -> 7472880 | N38: =+G38*K38 -> 0 | O38: =+G38*L38 -> 7472880
B39: 3.14 | C39: Sistema de apuntalamiento y reapuntalamiento | D39: gl | E39: 1 | F39: 11089161 | G39: =+F39*E39 -> 11089161 | J39: =+'SVD 4140_Pto. 01_Cert. 9'!L39 -> 0.7 | K39: 0.1 | L39: =+J39+K39 -> 0.8 | M39: =+G39*J39 -> 7762412.7 | N39: =+G39*K39 -> 1108916.1 | O39: =+G39*L39 -> 8871328.8
B40: 3.15 | C40: Ensayos de Hormigon por etapas de hormigonado | D40: u | E40: 14 | F40: 155217 | G40: =+F40*E40 -> 2173038 | J40: =+'SVD 4140_Pto. 01_Cert. 9'!L40 -> 0.8 | K40: 0.05 | L40: =+J40+K40 -> 0.85 | M40: =+G40*J40 -> 1738430.4 | N40: =+G40*K40 -> 108651.9 | O40: =+G40*L40 -> 1847082.3
B41: 3.16 | C41: Permiso de estacionamiento de bomba de hormigón a contramano | D41: gl | E41: 4 | F41: 69129 | G41: =+F41*E41 -> 276516 | J41: =+'SVD 4140_Pto. 01_Cert. 9'!L41 -> 0.75 | L41: =+J41+K41 -> 0.75 | M41: =+G41*J41 -> 207387 | N41: =+G41*K41 -> 0 | O41: =+G41*L41 -> 207387
B42: 3.17 | C42: Picado de medianeras para columnas y vigas - Cotizado solo para PB y 1P, No contempla picado en SS | D42: m2 | E42: 93 | F42: 24580 | G42: =+F42*E42 -> 2285940 | J42: =+'SVD 4140_Pto. 01_Cert. 9'!L42 -> 1 | L42: =+J42+K42 -> 1 | M42: =+G42*J42 -> 2285940 | N42: =+G42*K42 -> 0 | O42: =+G42*L42 -> 2285940
B43: 24 | C43: AYUDA DE GREMIOS | H43: =SUM(G44:G53) -> 34134166 | I43: =+H43/$H$57 -> 0.081019881
B44: 24.01 | C44: Sereno | D44: mes | E44: 8 | F44: 753138 | G44: =+F44*E44 -> 6025104 | J44: =+'SVD 4140_Pto. 01_Cert. 9'!L44 -> 0.95 | K44: 0.05 | L44: =+J44+K44 -> 1 | M44: =+G44*J44 -> 5723848.8 | N44: =+G44*K44 -> 301255.2 | O44: =+G44*L44 -> 6025104
B45: 24.02 | C45: Tecnico de seguridad & higiene permanente en Obra | D45: mes | E45: 4 | F45: 1944871 | G45: =+F45*E45 -> 7779484 | J45: =+'SVD 4140_Pto. 01_Cert. 9'!L45 -> 1 | L45: =+J45+K45 -> 1 | M45: =+G45*J45 -> 7779484 | N45: =+G45*K45 -> 0 | O45: =+G45*L45 -> 7779484
B46: 24.03 | C46: Higiene y seguridad Res 51 | D46: mes | E46: 8 | F46: 188533 | G46: =+F46*E46 -> 1508264 | J46: =+'SVD 4140_Pto. 01_Cert. 9'!L46 -> 0.95 | K46: 0.05 | L46: =+J46+K46 -> 1 | M46: =+G46*J46 -> 1432850.8 | N46: =+G46*K46 -> 75413.2 | O46: =+G46*L46 -> 1508264
B47: 24.04 | C47: Protecciones y defensas | D47: gl | E47: 1 | F47: 4606562 | G47: =+F47*E47 -> 4606562 | J47: =+'SVD 4140_Pto. 01_Cert. 9'!L47 -> 0.5 | L47: =+J47+K47 -> 0.5 | M47: =+G47*J47 -> 2303281 | N47: =+G47*K47 -> 0 | O47: =+G47*L47 -> 2303281
B48: 24.05 | C48: Ayuda de gremios | D48: mes | E48: 8 | F48: 696152 | G48: =+F48*E48 -> 5569216 | J48: =+'SVD 4140_Pto. 01_Cert. 9'!L48 -> 0.45 | K48: 0.15 | L48: =+J48+K48 -> 0.6 | M48: =+G48*J48 -> 2506147.2 | N48: =+G48*K48 -> 835382.4 | O48: =+G48*L48 -> 3341529.6
B49: 24.06 | C49: Limpieza periodica | D49: mes | E49: 8 | F49: 452333 | G49: =+F49*E49 -> 3618664 | J49: =+'SVD 4140_Pto. 01_Cert. 9'!L49 -> 0.8 | K49: 0.05 | L49: =+J49+K49 -> 0.85 | M49: =+G49*J49 -> 2894931.2 | N49: =+G49*K49 -> 180933.2 | O49: =+G49*L49 -> 3075864.4
B50: 24.07 | C50: Limpieza final de Obra | D50: gl | E50: 0 | F50: 0 | G50: =+F50*E50 -> 0 | J50: =+'SVD 4140_Pto. 01_Cert. 9'!L50 -> 0 | L50: =+J50+K50 -> 0 | M50: =+G50*J50 -> 0 | N50: =+G50*K50 -> 0 | O50: =+G50*L50 -> 0
B51: 24.08 | C51: Fletes | D51: mes | E51: 8 | F51: 314221 | G51: =+F51*E51 -> 2513768 | J51: =+'SVD 4140_Pto. 01_Cert. 9'!L51 -> 0.8 | K51: 0.1 | L51: =+J51+K51 -> 0.9 | M51: =+G51*J51 -> 2011014.4 | N51: =+G51*K51 -> 251376.8 | O51: =+G51*L51 -> 2262391.2
B52: 24.09 | C52: Alquiler de equipos - Montacargas, tubos de descarga y balancin | D52: mes | E52: 4 | F52: 0 | G52: =+F52*E52 -> 0 | J52: =+'SVD 4140_Pto. 01_Cert. 9'!L52 -> 0 | L52: =+J52+K52 -> 0 | M52: =+G52*J52 -> 0 | N52: =+G52*K52 -> 0 | O52: =+G52*L52 -> 0
B53: 24.1 | C53: Volquetes | D53: mes | E53: 8 | F53: 314138 | G53: =+F53*E53 -> 2513104 | J53: =+'SVD 4140_Pto. 01_Cert. 9'!L53 -> 0.6 | K53: 0.1 | L53: =+J53+K53 -> 0.7 | M53: =+G53*J53 -> 1507862.4 | N53: =+G53*K53 -> 251310.4 | O53: =+G53*L53 -> 1759172.8
B54: 25 | C54: JEFATURA DE OBRA | H54: =SUM(G55:G56) -> 43220384 | I54: =+H54/$H$57 -> 0.10258667
B55: 25.01 | C55: Supervisión profesional de Obra | D55: mes | E55: 8 | F55: 4774106 | G55: =+F55*E55 -> 38192848 | J55: =+'SVD 4140_Pto. 01_Cert. 9'!L55 -> 0.95 | K55: 0.05 | L55: =+J55+K55 -> 1 | M55: =+G55*J55 -> 36283206 | N55: =+G55*K55 -> 1909642.4 | O55: =+G55*L55 -> 38192848
B56: 25.02 | C56: Movilidad y viaticos | D56: mes | E56: 8 | F56: 628442 | G56: =+F56*E56 -> 5027536 | J56: =+'SVD 4140_Pto. 01_Cert. 9'!L56 -> 0.95 | K56: 0.05 | L56: =+J56+K56 -> 1 | M56: =+G56*J56 -> 4776159.2 | N56: =+G56*K56 -> 251376.8 | O56: =+G56*L56 -> 5027536
C57: SUBTOTAL PRESUPUESTO 01 (SIN IVA) | G57: =SUM(G10:G56) -> 4.2130605e+08 | H57: =SUM(H10:H56) -> 421306052 | I57: =+SUM(I10:I56) -> 1 | M57: =+SUM(M10:M56) -> 3.5550684e+08 | N57: =+SUM(N10:N56) -> 24574965 | O57: =+SUM(O10:O56) -> 3.8008181e+08
C58: Presupuesto base Sep-24 | O58: =+O57/H57 -> 0.90215131
C60: RESUMEN CERTIFICADO | L60: CERT. N° | M60: 10 | O60: =+O6 -> 45988
C61: Descripción | N61: % | O61: IMPORTE
B62: A | C62: Presupuesto aprobado | O62: =+H57 -> 421306052
B63: B | C63: Anticipo | N63: 0.2 | O63: =+N63*O62 -> 84261210
B64: C | C64: Certificado actual | O64: =+N57 -> 24574965
B65: D | C65: Desacopio | N65: =-N63 -> -0.2 | O65: =+N65*O64 -> -4914993
B66: E | C66: Subtotal certificacion actual completa (SIN IVA) | O66: =+O64+O65 -> 19659972 | S66: 26800000
C67: Actualización por CAC base Sep-24 por fuera de OC | S67: 32800000

Sheet SVD 4140_Pto. 01_Cert. 11
G2: DÓLAR BNA | H2: DÓLAR MEP
G3: 1005 | H3: 1170
G5: 45628
C6: OBRA: EDIFICIO EL SALVADOR 4140 | J6: Certificado | K6: 11 | O6: 46050
C7: PRESUPUESTO OBRA CIVIL
C8: Descripción | D8: U | E8: Cant | F8: P unit | G8: Subtotal | J8: Avance | M8: Importe
C9: PRESUPUESTO 01 - PRELIMINARES + MOV SUELO + HORMIGON | J9: Anterior | K9: Actual | L9: Acumulado | M9: Anterior | N9: Actual | O9: Acumulado
B10: 1 | C10: TAREAS PRELIMINARES | H10: =SUM(G11:G20) -> 24784163 | I10: =+H10/$H$57 -> 0.058826981
B11: 1.01 | C11: Limpieza y preparación del terreno - No cotiza | D11: gl | E11: 0 | F11: 0 | G11: =+F11*E11 -> 0 | J11: =+'SVD 4140_Pto. 01_Cert. 10'!L11 -> 0 | L11: =+J11+K11 -> 0 | M11: =+G11*J11 -> 0 | N11: =+G11*K11 -> 0 | O11: =+G11*L11 -> 0
B12: 1.02 | C12: Topógrafo - Visita de obra replanteo | D12: un | E12: 3 | F12: 379588 | G12: =+F12*E12 -> 1138764 | J12: =+'SVD 4140_Pto. 01_Cert. 10'!L12 -> 1 | L12: =+J12+K12 -> 1 | M12: =+G12*J12 -> 1138764 | N12: =+G12*K12 -> 0 | O12: =+G12*L12 -> 1138764
B13: 1.03 | C13: Cartel de Obra - No cotiza | D13: gl | E13: 0 | F13: 0 | G13: =+F13*E13 -> 0 | J13: =+'SVD 4140_Pto. 01_Cert. 10'!L13 -> 0 | L13: =+J13+K13 -> 0 | M13: =+G13*J13 -> 0 | N13: =+G13*K13 -> 0 | O13: =+G13*L13 -> 0
B14: 1.04 | C14: Cerco de obra perimetral - En chapa C25 + Concertina + Porton corredizo | D14: ml | E14: 11 | F14: 141220 | G14: =+F14*E14 -> 1553420 | J14: =+'SVD 4140_Pto. 01_Cert. 10'!L14 -> 1 | L14: =+J14+K14 -> 1 | M14: =+G14*J14 -> 1553420 | N14: =+G14*K14 -> 0 | O14: =+G14*L14 -> 1553420
B15: 1.05 | C15: Obrador colgante, pañol y ducha | D15: gl | E15: 1 | F15: 7548771 | G15: =+F15*E15 -> 7548771 | J15: =+'SVD 4140_Pto. 01_Cert. 10'!L15 -> 0.8 | L15: =+J15+K15 -> 0.8 | M15: =+G15*J15 -> 6039016.8 | N15: =+G15*K15 -> 0 | O15: =+G15*L15 -> 6039016.8
B16: 1.06 | C16: Alquiler de baños quimicos y duchas portatiles | D16: mes | E16: 3 | F16: 392028 | G16: =+F16*E16 -> 1176084 | J16: =+'SVD 4140_Pto. 01_Cert. 10'!L16 -> 1 | L16: =+J16+K16 -> 1 | M16: =+G16*J16 -> 1176084 | N16: =+G16*K16 -> 0 | O16: =+G16*L16 -> 1176084
B17: 1.07 | C17: Conexión pilar y luz de obra + Tablero de obra | D17: gl | E17: 1 | F17: 1731320 | G17: =+F17*E17 -> 1731320 | J17: =+'SVD 4140_Pto. 01_Cert. 10'!L17 -> 1 | L17: =+J17+K17 -> 1 | M17: =+G17*J17 -> 1731320 | N17: =+G17*K17 -> 0 | O17: =+G17*L17 -> 1731320
B18: 1.08 | C18: Conexión agua de obra, tanque + bomba | D18: gl | E18: 1 | F18: 1405632 | G18: =+F18*E18 -> 1405632 | J18: =+'SVD 4140_Pto. 01_Cert. 10'!L18 -> 0 | L18: =+J18+K18 -> 0 | M18: =+G18*J18 -> 0 | N18: =+G18*K18 -> 0 | O18: =+G18*L18 -> 0
B19: 1.09 | C19: Tramite luz de obra, certificado luz de obra (2) y medición PAT | D19: gl | E19: 1 | F19: 426487 | G19: =+F19*E19 -> 426487 | J19: =+'SVD 4140_Pto. 01_Cert. 10'!L19 -> 0.65 | L19: =+J19+K19 -> 0.65 | M19: =+G19*J19 -> 277216.55 | N19: =+G19*K19 -> 0 | O19: =+G19*L19 -> 277216.55
B20: 1.1 | C20: Sistema de depresión de napas | D20: gl | E20: 1 | F20: 9803685 | G20: =+F20*E20 -> 9803685 | J20: =+'SVD 4140_Pto. 01_Cert. 10'!L20 -> 1 | L20: =+J20+K20 -> 1 | M20: =+G20*J20 -> 9803685 | N20: =+G20*K20 -> 0 | O20: =+G20*L20 -> 9803685
B21: 2 | C21: MOVIMIENTO DE TIERRA, COMPACTACION Y RELLENO | H21: =SUM(G22:G24) -> 42017464 | I21: =+H21/$H$57 -> 0.099731451
B22: 2.01 | C22: Excavación a maquina para submuración y subsuelo | D22: m3 | E22: 1266 | F22: 33090 | G22: =+F22*E22 -> 41891940 | J22: =+'SVD 4140_Pto. 01_Cert. 10'!L22 -> 1 | L22: =+J22+K22 -> 1 | M22: =+G22*J22 -> 41891940 | N22: =+G22*K22 -> 0 | O22: =+G22*L22 -> 41891940
B23: 2.02 | C23: Demolición y retiro de fundaciones existentes - No cotiza | D23: gl | E23: 0 | F23: 0 | G23: =+F23*E23 -> 0 | J23: =+'SVD 4140_Pto. 01_Cert. 10'!L23 -> 0 | L23: =+J23+K23 -> 0 | M23: =+G23*J23 -> 0 | N23: =+G23*K23 -> 0 | O23: =+G23*L23 -> 0
B24: 2.03 | C24: Excavación manual para pozo de achique y bombeo | D24: m3 | E24: 2 | F24: 62762 | G24: =+F24*E24 -> 125524 | J24: =+'SVD 4140_Pto. 01_Cert. 10'!L24 -> 1 | L24: =+J24+K24 -> 1 | M24: =+G24*J24 -> 125524 | N24: =+G24*K24 -> 0 | O24: =+G24*L24 -> 125524
B25: 3 | C25: ESTRUCTURA RESISTENTE - sin provision de hierro y hormigon (incluye corte y doblado en obra) | H25: =SUM(G26:G42) -> 277149875 | I25: =+H25/$H$57 -> 0.65783502
B26: 3.01 | C26: Hormigón de limpieza - e: 10 cm | D26: m3 | E26: 35 | F26: 314478 | G26: =+F26*E26 -> 11006730 | J26: =+'SVD 4140_Pto. 01_Cert. 10'!L26 -> 1 | L26: =+J26+K26 -> 1 | M26: =+G26*J26 -> 11006730 | N26: =+G26*K26 -> 0 | O26: =+G26*L26 -> 11006730
B27: 3.02 | C27: Tabique submuración - H30 hidrófugo (95 kg/m3 de hierro) | D27: m3 | E27: 40 | F27: 536061.6 | G27: =+F27*E27 -> 21442464 | J27: =+'SVD 4140_Pto. 01_Cert. 10'!L27 -> 1 | L27: =+J27+K27 -> 1 | M27: =+G27*J27 -> 21442464 | N27: =+G27*K27 -> 0 | O27: =+G27*L27 -> 21442464
B28: 3.03 | C28: Zapata corrida tabique - H30 hidrófugo (120 kg/m3) | D28: m3 | E28: 28 | F28: 437680.76 | G28: =+F28*E28 -> 12255061 | J28: =+'SVD 4140_Pto. 01_Cert. 10'!L28 -> 1 | L28: =+J28+K28 -> 1 | M28: =+G28*J28 -> 12255061 | N28: =+G28*K28 -> 0 | O28: =+G28*L28 -> 12255061
B29: 3.04 | C29: Platea - H30 hidrófugo (95 kg/m3 de hierro) | D29: m3 | E29: 179 | F29: 214461.72 | G29: =+F29*E29 -> 38388648 | J29: =+'SVD 4140_Pto. 01_Cert. 10'!L29 -> 1 | L29: =+J29+K29 -> 1 | M29: =+G29*J29 -> 38388648 | N29: =+G29*K29 -> 0 | O29: =+G29*L29 -> 38388648
B30: 3.05 | C30: Rampa - H30 (120 kg/m3 de hierro) | D30: m3 | E30: 10 | F30: 462731.65 | G30: =+F30*E30 -> 4627316.5 | J30: =+'SVD 4140_Pto. 01_Cert. 10'!L30 -> 1 | L30: =+J30+K30 -> 1 | M30: =+G30*J30 -> 4627316.5 | N30: =+G30*K30 -> 0 | O30: =+G30*L30 -> 4627316.5
B31: 3.06 | C31: Losa maciza - H30 (110 kg/m3 de hierro) | D31: m3 | E31: 177 | F31: 317280.61 | G31: =+F31*E31 -> 56158669 | J31: =+'SVD 4140_Pto. 01_Cert. 10'!L31 -> 0.85 | K31: 0.15 | L31: =+J31+K31 -> 1 | M31: =+G31*J31 -> 47734868 | N31: =+G31*K31 -> 8423800.3 | O31: =+G31*L31 -> 56158669
B32: 3.07 | C32: Vigas - H30 (140 kg/m3 de hierro) | D32: m3 | E32: 65 | F32: 789050.44 | G32: =+F32*E32 -> 51288278 | J32: =+'SVD 4140_Pto. 01_Cert. 10'!L32 -> 0.85 | K32: 0.15 | L32: =+J32+K32 -> 1 | M32: =+G32*J32 -> 43595037 | N32: =+G32*K32 -> 7693241.8 | O32: =+G32*L32 -> 51288278
B33: 3.08 | C33: Vigas de H° visto - H30 (140 kg/m3 de hierro) | D33: m3 | E33: 12 | F33: 917117.82 | G33: =+F33*E33 -> 11005414 | J33: =+'SVD 4140_Pto. 01_Cert. 10'!L33 -> 0.95 | K33: 0.05 | L33: =+J33+K33 -> 1 | M33: =+G33*J33 -> 10455143 | N33: =+G33*K33 -> 550270.69 | O33: =+G33*L33 -> 11005414
B34: 3.09 | C34: Tabiques - H30 (120 kg/m3 de hierro) | D34: m3 | E34: 28 | F34: 536061.6 | G34: =+F34*E34 -> 15009725 | J34: =+'SVD 4140_Pto. 01_Cert. 10'!L34 -> 0.65 | K34: 0.35 | L34: =+J34+K34 -> 1 | M34: =+G34*J34 -> 9756321.2 | N34: =+G34*K34 -> 5253403.7 | O34: =+G34*L34 -> 15009725
B35: 3.1 | C35: Columna - H30 (240 Kg/m3 de hierro) | D35: m3 | E35: 54 | F35: 473858.97 | G35: =+F35*E35 -> 25588384 | J35: =+'SVD 4140_Pto. 01_Cert. 10'!L35 -> 0.8 | K35: 0.2 | L35: =+J35+K35 -> 1 | M35: =+G35*J35 -> 20470708 | N35: =+G35*K35 -> 5117676.9 | O35: =+G35*L35 -> 25588384
B36: 3.11 | C36: Escaleras - H30 (105 kg/m3 de hierro) | D36: m3 | E36: 11 | F36: 497587.77 | G36: =+F36*E36 -> 5473465.5 | J36: =+'SVD 4140_Pto. 01_Cert. 10'!L36 -> 0.85 | K36: 0.15 | L36: =+J36+K36 -> 1 | M36: =+G36*J36 -> 4652445.7 | N36: =+G36*K36 -> 821019.83 | O36: =+G36*L36 -> 5473465.5
B37: 3.12 | C37: Tabiques tanques de H° - H30 (120 kg/m3 de hierro) | D37: m3 | E37: 3 | F37: 536061.6 | G37: =+F37*E37 -> 1608184.8 | J37: =+'SVD 4140_Pto. 01_Cert. 10'!L37 -> 0 | K37: 1 | L37: =+J37+K37 -> 1 | M37: =+G37*J37 -> 0 | N37: =+G37*K37 -> 1608184.8 | O37: =+G37*L37 -> 1608184.8
B38: 3.13 | C38: Junta de impermeabilización de PVC - Sika Waterbars v15 x 15mts o similar | D38: ml | E38: 240 | F38: 31137 | G38: =+F38*E38 -> 7472880 | J38: =+'SVD 4140_Pto. 01_Cert. 10'!L38 -> 1 | L38: =+J38+K38 -> 1 | M38: =+G38*J38 -> 7472880 | N38: =+G38*K38 -> 0 | O38: =+G38*L38 -> 7472880
B39: 3.14 | C39: Sistema de apuntalamiento y reapuntalamiento | D39: gl | E39: 1 | F39: 11089161 | G39: =+F39*E39 -> 11089161 | J39: =+'SVD 4140_Pto. 01_Cert. 10'!L39 -> 0.8 | L39: =+J39+K39 -> 0.8 | M39: =+G39*J39 -> 8871328.8 | N39: =+G39*K39 -> 0 | O39: =+G39*L39 -> 8871328.8
B40: 3.15 | C40: Ensayos de Hormigon por etapas de hormigonado | D40: u | E40: 14 | F40: 155217 | G40: =+F40*E40 -> 2173038 | J40: =+'SVD 4140_Pto. 01_Cert. 10'!L40 -> 0.85 | K40: 0.15 | L40: =+J40+K40 -> 1 | M40: =+G40*J40 -> 1847082.3 | N40: =+G40*K40 -> 325955.7 | O40: =+G40*L40 -> 2173038
B41: 3.16 | C41: Permiso de estacionamiento de bomba de hormigón a contramano | D41: gl | E41: 4 | F41: 69129 | G41: =+F41*E41 -> 276516 | J41: =+'SVD 4140_Pto. 01_Cert. 10'!L41 -> 0.75 | K41: 0.25 | L41: =+J41+K41 -> 1 | M41: =+G41*J41 -> 207387 | N41: =+G41*K41 -> 69129 | O41: =+G41*L41 -> 276516
B42: 3.17 | C42: Picado de medianeras para columnas y vigas - Cotizado solo para PB y 1P, No contempla picado en SS | D42: m2 | E42: 93 | F42: 24580 | G42: =+F42*E42 -> 2285940 | J42: =+'SVD 4140_Pto. 01_Cert. 10'!L42 -> 1 | L42: =+J42+K42 -> 1 | M42: =+G42*J42 -> 2285940 | N42: =+G42*K42 -> 0 | O42: =+G42*L42 -> 2285940
B43: 24 | C43: AYUDA DE GREMIOS | H43: =SUM(G44:G53) -> 34134166 | I43: =+H43/$H$57 -> 0.081019881
B44: 24.01 | C44: Sereno | D44: mes | E44: 8 | F44: 753138 | G44: =+F44*E44 -> 6025104 | J44: =+'SVD 4140_Pto. 01_Cert. 10'!L44 -> 1 | L44: =+J44+K44 -> 1 | M44: =+G44*J44 -> 6025104 | N44: =+G44*K44 -> 0 | O44: =+G44*L44 -> 6025104
B45: 24.02 | C45: Tecnico de seguridad & higiene permanente en Obra | D45: mes | E45: 4 | F45: 1944871 | G45: =+F45*E45 -> 7779484 | J45: =+'SVD 4140_Pto. 01_Cert. 10'!L45 -> 1 | L45: =+J45+K45 -> 1 | M45: =+G45*J45 -> 7779484 | N45: =+G45*K45 -> 0 | O45: =+G45*L45 -> 7779484
B46: 24.03 | C46: Higiene y seguridad Res 51 | D46: mes | E46: 8 | F46: 188533 | G46: =+F46*E46 -> 1508264 | J46: =+'SVD 4140_Pto. 01_Cert. 10'!L46 -> 1 | L46: =+J46+K46 -> 1 | M46: =+G46*J46 -> 1508264 | N46: =+G46*K46 -> 0 | O46: =+G46*L46 -> 1508264
B47: 24.04 | C47: Protecciones y defensas | D47: gl | E47: 1 | F47: 4606562 | G47: =+F47*E47 -> 4606562 | J47: =+'SVD 4140_Pto. 01_Cert. 10'!L47 -> 0.5 | K47: 0.3 | L47: =+J47+K47 -> 0.8 | M47: =+G47*J47 -> 2303281 | N47: =+G47*K47 -> 1381968.6 | O47: =+G47*L47 -> 3685249.6
B48: 24.05 | C48: Ayuda de gremios | D48: mes | E48: 8 | F48: 696152 | G48: =+F48*E48 -> 5569216 | J48: =+'SVD 4140_Pto. 01_Cert. 10'!L48 -> 0.6 | K48: 0.2 | L48: =+J48+K48 -> 0.8 | M48: =+G48*J48 -> 3341529.6 | N48: =+G48*K48 -> 1113843.2 | O48: =+G48*L48 -> 4455372.8
B49: 24.06 | C49: Limpieza periodica | D49: mes | E49: 8 | F49: 452333 | G49: =+F49*E49 -> 3618664 | J49: =+'SVD 4140_Pto. 01_Cert. 10'!L49 -> 0.85 | K49: 0.05 | L49: =+J49+K49 -> 0.9 | M49: =+G49*J49 -> 3075864.4 | N49: =+G49*K49 -> 180933.2 | O49: =+G49*L49 -> 3256797.6
B50: 24.07 | C50: Limpieza final de Obra | D50: gl | E50: 0 | F50: 0 | G50: =+F50*E50 -> 0 | J50: =+'SVD 4140_Pto. 01_Cert. 10'!L50 -> 0 | L50: =+J50+K50 -> 0 | M50: =+G50*J50 -> 0 | N50: =+G50*K50 -> 0 | O50: =+G50*L50 -> 0
B51: 24.08 | C51: Fletes | D51: mes | E51: 8 | F51: 314221 | G51: =+F51*E51 -> 2513768 | J51: =+'SVD 4140_Pto. 01_Cert. 10'!L51 -> 0.9 | K51: 0.1 | L51: =+J51+K51 -> 1 | M51: =+G51*J51 -> 2262391.2 | N51: =+G51*K51 -> 251376.8 | O51: =+G51*L51 -> 2513768
B52: 24.09 | C52: Alquiler de equipos - Montacargas, tubos de descarga y balancin | D52: mes | E52: 4 | F52: 0 | G52: =+F52*E52 -> 0 | J52: =+'SVD 4140_Pto. 01_Cert. 10'!L52 -> 0 | L52: =+J52+K52 -> 0 | M52: =+G52*J52 -> 0 | N52: =+G52*K52 -> 0 | O52: =+G52*L52 -> 0
B53: 24.1 | C53: Volquetes | D53: mes | E53: 8 | F53: 314138 | G53: =+F53*E53 -> 2513104 | J53: =+'SVD 4140_Pto. 01_Cert. 10'!L53 -> 0.7 | K53: 0.1 | L53: =+J53+K53 -> 0.8 | M53: =+G53*J53 -> 1759172.8 | N53: =+G53*K53 -> 251310.4 | O53: =+G53*L53 -> 2010483.2
B54: 25 | C54: JEFATURA DE OBRA | H54: =SUM(G55:G56) -> 43220384 | I54: =+H54/$H$57 -> 0.10258667
B55: 25.01 | C55: Supervisión profesional de Obra | D55: mes | E55: 8 | F55: 4774106 | G55: =+F55*E55 -> 38192848 | J55: =+'SVD 4140_Pto. 01_Cert. 10'!L55 -> 1 | L55: =+J55+K55 -> 1 | M55: =+G55*J55 -> 38192848 | N55: =+G55*K55 -> 0 | O55: =+G55*L55 -> 38192848
B56: 25.02 | C56: Movilidad y viaticos | D56: mes | E56: 8 | F56: 628442 | G56: =+F56*E56 -> 5027536 | J56: =+'SVD 4140_Pto. 01_Cert. 10'!L56 -> 1 | L56: =+J56+K56 -> 1 | M56: =+G56*J56 -> 5027536 | N56: =+G56*K56 -> 0 | O56: =+G56*L56 -> 5027536
C57: SUBTOTAL PRESUPUESTO 01 (SIN IVA) | G57: =SUM(G10:G56) -> 4.2130605e+08 | H57: =SUM(H10:H56) -> 421306052 | I57: =+SUM(I10:I56) -> 1 | M57: =+SUM(M10:M56) -> 3.8008181e+08 | N57: =+SUM(N10:N56) -> 33042115 | O57: =+SUM(O10:O56) -> 4.1312392e+08
C58: Presupuesto base Sep-24 | O58: =+O57/H57 -> 0.98057913
C59: DEDUCTIVO
B60: 3.12 | C60: Tabiques tanques de H° - H30 (120 kg/m3 de hierro) | D60: m3 | E60: -3 | F60: 536061.6 | G60: =+F60*E60 -> -1608184.8 | J60: =+'SVD 4140_Pto. 01_Cert. 10'!L61 -> 0 | K60: 1 | L60: =+J60+K60 -> 1 | M60: =+G60*J60 -> 0 | N60: =+G60*K60 -> -1608184.8 | O60: =+G60*L60 -> -1608184.8
C63: RESUMEN CERTIFICADO | L63: CERT. N° | M63: 11 | O63: =+O6 -> 46050
C64: Descripción | N64: % | O64: IMPORTE
B65: A | C65: Presupuesto aprobado | O65: =+H57 -> 421306052
B66: B | C66: Anticipo | N66: 0.2 | O66: =+N66*O65 -> 84261210
B67: C | C67: Certificado actual | O67: =+N57 -> 33042115
B68: D | C68: Desacopio | N68: =-N66 -> -0.2 | O68: =+N68*O67 -> -6608423
B69: E | C69: Deductivo | O69: =+N60 -> -1608184.8
B70: F | C70: Subtotal certificacion actual completa (SIN IVA) | O70: =+O67+O68+O69 -> 24825507
C71: Actualización por CAC base Sep-24 por fuera de OC

Sheet SVD 4140_Pto. 01_Cert. 12
G2: DÓLAR BNA | H2: DÓLAR MEP
G3: 1005 | H3: 1170
G5: 45628
C6: OBRA: EDIFICIO EL SALVADOR 4140 | J6: Certificado | K6: 12 | O6: 46080
C7: PRESUPUESTO OBRA CIVIL
C8: Descripción | D8: U | E8: Cant | F8: P unit | G8: Subtotal | J8: Avance | M8: Importe
C9: PRESUPUESTO 01 - PRELIMINARES + MOV SUELO + HORMIGON | J9: Anterior | K9: Actual | L9: Acumulado | M9: Anterior | N9: Actual | O9: Acumulado
B10: 1 | C10: TAREAS PRELIMINARES | H10: =SUM(G11:G20) -> 24784163 | I10: =+H10/$H$57 -> 0.058826981
B11: 1.01 | C11: Limpieza y preparación del terreno - No cotiza | D11: gl | E11: 0 | F11: 0 | G11: =+F11*E11 -> 0 | J11: =+'SVD 4140_Pto. 01_Cert. 11'!L11 -> 0 | L11: =+J11+K11 -> 0 | M11: =+G11*J11 -> 0 | N11: =+G11*K11 -> 0 | O11: =+G11*L11 -> 0
B12: 1.02 | C12: Topógrafo - Visita de obra replanteo | D12: un | E12: 3 | F12: 379588 | G12: =+F12*E12 -> 1138764 | J12: =+'SVD 4140_Pto. 01_Cert. 11'!L12 -> 1 | L12: =+J12+K12 -> 1 | M12: =+G12*J12 -> 1138764 | N12: =+G12*K12 -> 0 | O12: =+G12*L12 -> 1138764
B13: 1.03 | C13: Cartel de Obra - No cotiza | D13: gl | E13: 0 | F13: 0 | G13: =+F13*E13 -> 0 | J13: =+'SVD 4140_Pto. 01_Cert. 11'!L13 -> 0 | L13: =+J13+K13 -> 0 | M13: =+G13*J13 -> 0 | N13: =+G13*K13 -> 0 | O13: =+G13*L13 -> 0
B14: 1.04 | C14: Cerco de obra perimetral - En chapa C25 + Concertina + Porton corredizo | D14: ml | E14: 11 | F14: 141220 | G14: =+F14*E14 -> 1553420 | J14: =+'SVD 4140_Pto. 01_Cert. 11'!L14 -> 1 | L14: =+J14+K14 -> 1 | M14: =+G14*J14 -> 1553420 | N14: =+G14*K14 -> 0 | O14: =+G14*L14 -> 1553420
B15: 1.05 | C15: Obrador colgante, pañol y ducha | D15: gl | E15: 1 | F15: 7548771 | G15: =+F15*E15 -> 7548771 | J15: =+'SVD 4140_Pto. 01_Cert. 11'!L15 -> 0.8 | K15: 0.2 | L15: =+J15+K15 -> 1 | M15: =+G15*J15 -> 6039016.8 | N15: =+G15*K15 -> 1509754.2 | O15: =+G15*L15 -> 7548771
B16: 1.06 | C16: Alquiler de baños quimicos y duchas portatiles | D16: mes | E16: 3 | F16: 392028 | G16: =+F16*E16 -> 1176084 | J16: =+'SVD 4140_Pto. 01_Cert. 11'!L16 -> 1 | L16: =+J16+K16 -> 1 | M16: =+G16*J16 -> 1176084 | N16: =+G16*K16 -> 0 | O16: =+G16*L16 -> 1176084
B17: 1.07 | C17: Conexión pilar y luz de obra + Tablero de obra | D17: gl | E17: 1 | F17: 1731320 | G17: =+F17*E17 -> 1731320 | J17: =+'SVD 4140_Pto. 01_Cert. 11'!L17 -> 1 | L17: =+J17+K17 -> 1 | M17: =+G17*J17 -> 1731320 | N17: =+G17*K17 -> 0 | O17: =+G17*L17 -> 1731320
B18: 1.08 | C18: Conexión agua de obra, tanque + bomba | D18: gl | E18: 1 | F18: 1405632 | G18: =+F18*E18 -> 1405632 | J18: =+'SVD 4140_Pto. 01_Cert. 11'!L18 -> 0 | K18: 1 | L18: =+J18+K18 -> 1 | M18: =+G18*J18 -> 0 | N18: =+G18*K18 -> 1405632 | O18: =+G18*L18 -> 1405632
B19: 1.09 | C19: Tramite luz de obra, certificado luz de obra (2) y medición PAT | D19: gl | E19: 1 | F19: 426487 | G19: =+F19*E19 -> 426487 | J19: =+'SVD 4140_Pto. 01_Cert. 11'!L19 -> 0.65 | K19: 0.35 | L19: =+J19+K19 -> 1 | M19: =+G19*J19 -> 277216.55 | N19: =+G19*K19 -> 149270.45 | O19: =+G19*L19 -> 426487
B20: 1.1 | C20: Sistema de depresión de napas | D20: gl | E20: 1 | F20: 9803685 | G20: =+F20*E20 -> 9803685 | J20: =+'SVD 4140_Pto. 01_Cert. 11'!L20 -> 1 | L20: =+J20+K20 -> 1 | M20: =+G20*J20 -> 9803685 | N20: =+G20*K20 -> 0 | O20: =+G20*L20 -> 9803685
B21: 2 | C21: MOVIMIENTO DE TIERRA, COMPACTACION Y RELLENO | H21: =SUM(G22:G24) -> 42017464 | I21: =+H21/$H$57 -> 0.099731451
B22: 2.01 | C22: Excavación a maquina para submuración y subsuelo | D22: m3 | E22: 1266 | F22: 33090 | G22: =+F22*E22 -> 41891940 | J22: =+'SVD 4140_Pto. 01_Cert. 11'!L22 -> 1 | L22: =+J22+K22 -> 1 | M22: =+G22*J22 -> 41891940 | N22: =+G22*K22 -> 0 | O22: =+G22*L22 -> 41891940
B23: 2.02 | C23: Demolición y retiro de fundaciones existentes - No cotiza | D23: gl | E23: 0 | F23: 0 | G23: =+F23*E23 -> 0 | J23: =+'SVD 4140_Pto. 01_Cert. 11'!L23 -> 0 | L23: =+J23+K23 -> 0 | M23: =+G23*J23 -> 0 | N23: =+G23*K23 -> 0 | O23: =+G23*L23 -> 0
B24: 2.03 | C24: Excavación manual para pozo de achique y bombeo | D24: m3 | E24: 2 | F24: 62762 | G24: =+F24*E24 -> 125524 | J24: =+'SVD 4140_Pto. 01_Cert. 11'!L24 -> 1 | L24: =+J24+K24 -> 1 | M24: =+G24*J24 -> 125524 | N24: =+G24*K24 -> 0 | O24: =+G24*L24 -> 125524
B25: 3 | C25: ESTRUCTURA RESISTENTE - sin provision de hierro y hormigon (incluye corte y doblado en obra) | H25: =SUM(G26:G42) -> 277149875 | I25: =+H25/$H$57 -> 0.65783502
B26: 3.01 | C26: Hormigón de limpieza - e: 10 cm | D26: m3 | E26: 35 | F26: 314478 | G26: =+F26*E26 -> 11006730 | J26: =+'SVD 4140_Pto. 01_Cert. 11'!L26 -> 1 | L26: =+J26+K26 -> 1 | M26: =+G26*J26 -> 11006730 | N26: =+G26*K26 -> 0 | O26: =+G26*L26 -> 11006730
B27: 3.02 | C27: Tabique submuración - H30 hidrófugo (95 kg/m3 de hierro) | D27: m3 | E27: 40 | F27: 536061.6 | G27: =+F27*E27 -> 21442464 | J27: =+'SVD 4140_Pto. 01_Cert. 11'!L27 -> 1 | L27: =+J27+K27 -> 1 | M27: =+G27*J27 -> 21442464 | N27: =+G27*K27 -> 0 | O27: =+G27*L27 -> 21442464
B28: 3.03 | C28: Zapata corrida tabique - H30 hidrófugo (120 kg/m3) | D28: m3 | E28: 28 | F28: 437680.76 | G28: =+F28*E28 -> 12255061 | J28: =+'SVD 4140_Pto. 01_Cert. 11'!L28 -> 1 | L28: =+J28+K28 -> 1 | M28: =+G28*J28 -> 12255061 | N28: =+G28*K28 -> 0 | O28: =+G28*L28 -> 12255061
B29: 3.04 | C29: Platea - H30 hidrófugo (95 kg/m3 de hierro) | D29: m3 | E29: 179 | F29: 214461.72 | G29: =+F29*E29 -> 38388648 | J29: =+'SVD 4140_Pto. 01_Cert. 11'!L29 -> 1 | L29: =+J29+K29 -> 1 | M29: =+G29*J29 -> 38388648 | N29: =+G29*K29 -> 0 | O29: =+G29*L29 -> 38388648
B30: 3.05 | C30: Rampa - H30 (120 kg/m3 de hierro) | D30: m3 | E30: 10 | F30: 462731.65 | G30: =+F30*E30 -> 4627316.5 | J30: =+'SVD 4140_Pto. 01_Cert. 11'!L30 -> 1 | L30: =+J30+K30 -> 1 | M30: =+G30*J30 -> 4627316.5 | N30: =+G30*K30 -> 0 | O30: =+G30*L30 -> 4627316.5
B31: 3.06 | C31: Losa maciza - H30 (110 kg/m3 de hierro) | D31: m3 | E31: 177 | F31: 317280.61 | G31: =+F31*E31 -> 56158669 | J31: =+'SVD 4140_Pto. 01_Cert. 11'!L31 -> 1 | L31: =+J31+K31 -> 1 | M31: =+G31*J31 -> 56158669 | N31: =+G31*K31 -> 0 | O31: =+G31*L31 -> 56158669
B32: 3.07 | C32: Vigas - H30 (140 kg/m3 de hierro) | D32: m3 | E32: 65 | F32: 789050.44 | G32: =+F32*E32 -> 51288278 | J32: =+'SVD 4140_Pto. 01_Cert. 11'!L32 -> 1 | L32: =+J32+K32 -> 1 | M32: =+G32*J32 -> 51288278 | N32: =+G32*K32 -> 0 | O32: =+G32*L32 -> 51288278
B33: 3.08 | C33: Vigas de H° visto - H30 (140 kg/m3 de hierro) | D33: m3 | E33: 12 | F33: 917117.82 | G33: =+F33*E33 -> 11005414 | J33: =+'SVD 4140_Pto. 01_Cert. 11'!L33 -> 1 | L33: =+J33+K33 -> 1 | M33: =+G33*J33 -> 11005414 | N33: =+G33*K33 -> 0 | O33: =+G33*L33 -> 11005414
B34: 3.09 | C34: Tabiques - H30 (120 kg/m3 de hierro) | D34: m3 | E34: 28 | F34: 536061.6 | G34: =+F34*E34 -> 15009725 | J34: =+'SVD 4140_Pto. 01_Cert. 11'!L34 -> 1 | L34: =+J34+K34 -> 1 | M34: =+G34*J34 -> 15009725 | N34: =+G34*K34 -> 0 | O34: =+G34*L34 -> 15009725
B35: 3.1 | C35: Columna - H30 (240 Kg/m3 de hierro) | D35: m3 | E35: 54 | F35: 473858.97 | G35: =+F35*E35 -> 25588384 | J35: =+'SVD 4140_Pto. 01_Cert. 11'!L35 -> 1 | L35: =+J35+K35 -> 1 | M35: =+G35*J35 -> 25588384 | N35: =+G35*K35 -> 0 | O35: =+G35*L35 -> 25588384
B36: 3.11 | C36: Escaleras - H30 (105 kg/m3 de hierro) | D36: m3 | E36: 11 | F36: 497587.77 | G36: =+F36*E36 -> 5473465.5 | J36: =+'SVD 4140_Pto. 01_Cert. 11'!L36 -> 1 | L36: =+J36+K36 -> 1 | M36: =+G36*J36 -> 5473465.5 | N36: =+G36*K36 -> 0 | O36: =+G36*L36 -> 5473465.5
B37: 3.12 | C37: Tabiques tanques de H° - H30 (120 kg/m3 de hierro) | D37: m3 | E37: 3 | F37: 536061.6 | G37: =+F37*E37 -> 1608184.8 | J37: =+'SVD 4140_Pto. 01_Cert. 11'!L37 -> 1 | L37: =+J37+K37 -> 1 | M37: =+G37*J37 -> 1608184.8 | N37: =+G37*K37 -> 0 | O37: =+G37*L37 -> 1608184.8
B38: 3.13 | C38: Junta de impermeabilización de PVC - Sika Waterbars v15 x 15mts o similar | D38: ml | E38: 240 | F38: 31137 | G38: =+F38*E38 -> 7472880 | J38: =+'SVD 4140_Pto. 01_Cert. 11'!L38 -> 1 | L38: =+J38+K38 -> 1 | M38: =+G38*J38 -> 7472880 | N38: =+G38*K38 -> 0 | O38: =+G38*L38 -> 7472880
B39: 3.14 | C39: Sistema de apuntalamiento y reapuntalamiento | D39: gl | E39: 1 | F39: 11089161 | G39: =+F39*E39 -> 11089161 | J39: =+'SVD 4140_Pto. 01_Cert. 11'!L39 -> 0.8 | K39: 0.2 | L39: =+J39+K39 -> 1 | M39: =+G39*J39 -> 8871328.8 | N39: =+G39*K39 -> 2217832.2 | O39: =+G39*L39 -> 11089161
B40: 3.15 | C40: Ensayos de Hormigon por etapas de hormigonado | D40: u | E40: 14 | F40: 155217 | G40: =+F40*E40 -> 2173038 | J40: =+'SVD 4140_Pto. 01_Cert. 11'!L40 -> 1 | L40: =+J40+K40 -> 1 | M40: =+G40*J40 -> 2173038 | N40: =+G40*K40 -> 0 | O40: =+G40*L40 -> 2173038
B41: 3.16 | C41: Permiso de estacionamiento de bomba de hormigón a contramano | D41: gl | E41: 4 | F41: 69129 | G41: =+F41*E41 -> 276516 | J41: =+'SVD 4140_Pto. 01_Cert. 11'!L41 -> 1 | L41: =+J41+K41 -> 1 | M41: =+G41*J41 -> 276516 | N41: =+G41*K41 -> 0 | O41: =+G41*L41 -> 276516
B42: 3.17 | C42: Picado de medianeras para columnas y vigas - Cotizado solo para PB y 1P, No contempla picado en SS | D42: m2 | E42: 93 | F42: 24580 | G42: =+F42*E42 -> 2285940 | J42: =+'SVD 4140_Pto. 01_Cert. 11'!L42 -> 1 | L42: =+J42+K42 -> 1 | M42: =+G42*J42 -> 2285940 | N42: =+G42*K42 -> 0 | O42: =+G42*L42 -> 2285940
B43: 24 | C43: AYUDA DE GREMIOS | H43: =SUM(G44:G53) -> 34134166 | I43: =+H43/$H$57 -> 0.081019881
B44: 24.01 | C44: Sereno | D44: mes | E44: 8 | F44: 753138 | G44: =+F44*E44 -> 6025104 | J44: =+'SVD 4140_Pto. 01_Cert. 11'!L44 -> 1 | L44: =+J44+K44 -> 1 | M44: =+G44*J44 -> 6025104 | N44: =+G44*K44 -> 0 | O44: =+G44*L44 -> 6025104
B45: 24.02 | C45: Tecnico de seguridad & higiene permanente en Obra | D45: mes | E45: 4 | F45: 1944871 | G45: =+F45*E45 -> 7779484 | J45: =+'SVD 4140_Pto. 01_Cert. 11'!L45 -> 1 | L45: =+J45+K45 -> 1 | M45: =+G45*J45 -> 7779484 | N45: =+G45*K45 -> 0 | O45: =+G45*L45 -> 7779484
B46: 24.03 | C46: Higiene y seguridad Res 51 | D46: mes | E46: 8 | F46: 188533 | G46: =+F46*E46 -> 1508264 | J46: =+'SVD 4140_Pto. 01_Cert. 11'!L46 -> 1 | L46: =+J46+K46 -> 1 | M46: =+G46*J46 -> 1508264 | N46: =+G46*K46 -> 0 | O46: =+G46*L46 -> 1508264
B47: 24.04 | C47: Protecciones y defensas | D47: gl | E47: 1 | F47: 4606562 | G47: =+F47*E47 -> 4606562 | J47: =+'SVD 4140_Pto. 01_Cert. 11'!L47 -> 0.8 | K47: 0.2 | L47: =+J47+K47 -> 1 | M47: =+G47*J47 -> 3685249.6 | N47: =+G47*K47 -> 921312.4 | O47: =+G47*L47 -> 4606562
B48: 24.05 | C48: Ayuda de gremios | D48: mes | E48: 8 | F48: 696152 | G48: =+F48*E48 -> 5569216 | J48: =+'SVD 4140_Pto. 01_Cert. 11'!L48 -> 0.8 | K48: 0.2 | L48: =+J48+K48 -> 1 | M48: =+G48*J48 -> 4455372.8 | N48: =+G48*K48 -> 1113843.2 | O48: =+G48*L48 -> 5569216
B49: 24.06 | C49: Limpieza periodica | D49: mes | E49: 8 | F49: 452333 | G49: =+F49*E49 -> 3618664 | J49: =+'SVD 4140_Pto. 01_Cert. 11'!L49 -> 0.9 | K49: 0.1 | L49: =+J49+K49 -> 1 | M49: =+G49*J49 -> 3256797.6 | N49: =+G49*K49 -> 361866.4 | O49: =+G49*L49 -> 3618664
B50: 24.07 | C50: Limpieza final de Obra | D50: gl | E50: 0 | F50: 0 | G50: =+F50*E50 -> 0 | J50: =+'SVD 4140_Pto. 01_Cert. 11'!L50 -> 0 | L50: =+J50+K50 -> 0 | M50: =+G50*J50 -> 0 | N50: =+G50*K50 -> 0 | O50: =+G50*L50 -> 0
B51: 24.08 | C51: Fletes | D51: mes | E51: 8 | F51: 314221 | G51: =+F51*E51 -> 2513768 | J51: =+'SVD 4140_Pto. 01_Cert. 11'!L51 -> 1 | L51: =+J51+K51 -> 1 | M51: =+G51*J51 -> 2513768 | N51: =+G51*K51 -> 0 | O51: =+G51*L51 -> 2513768
B52: 24.09 | C52: Alquiler de equipos - Montacargas, tubos de descarga y balancin | D52: mes | E52: 4 | F52: 0 | G52: =+F52*E52 -> 0 | J52: =+'SVD 4140_Pto. 01_Cert. 11'!L52 -> 0 | L52: =+J52+K52 -> 0 | M52: =+G52*J52 -> 0 | N52: =+G52*K52 -> 0 | O52: =+G52*L52 -> 0
B53: 24.1 | C53: Volquetes | D53: mes | E53: 8 | F53: 314138 | G53: =+F53*E53 -> 2513104 | J53: =+'SVD 4140_Pto. 01_Cert. 11'!L53 -> 0.8 | K53: 0.2 | L53: =+J53+K53 -> 1 | M53: =+G53*J53 -> 2010483.2 | N53: =+G53*K53 -> 502620.8 | O53: =+G53*L53 -> 2513104
B54: 25 | C54: JEFATURA DE OBRA | H54: =SUM(G55:G56) -> 43220384 | I54: =+H54/$H$57 -> 0.10258667 | J54: =+'SVD 4140_Pto. 01_Cert. 11'!L54 -> 0
B55: 25.01 | C55: Supervisión profesional de Obra | D55: mes | E55: 8 | F55: 4774106 | G55: =+F55*E55 -> 38192848 | J55: =+'SVD 4140_Pto. 01_Cert. 11'!L55 -> 1 | L55: =+J55+K55 -> 1 | M55: =+G55*J55 -> 38192848 | N55: =+G55*K55 -> 0 | O55: =+G55*L55 -> 38192848
B56: 25.02 | C56: Movilidad y viaticos | D56: mes | E56: 8 | F56: 628442 | G56: =+F56*E56 -> 5027536 | J56: =+'SVD 4140_Pto. 01_Cert. 11'!L56 -> 1 | L56: =+J56+K56 -> 1 | M56: =+G56*J56 -> 5027536 | N56: =+G56*K56 -> 0 | O56: =+G56*L56 -> 5027536
C57: SUBTOTAL PRESUPUESTO 01 (SIN IVA) | G57: =SUM(G10:G56) -> 4.2130605e+08 | H57: =SUM(H10:H56) -> 421306052 | I57: =+SUM(I10:I56) -> 1 | J57: =+'SVD 4140_Pto. 01_Cert. 11'!L57 -> 0 | M57: =+SUM(M10:M56) -> 4.1312392e+08 | N57: =+SUM(N10:N56) -> 8182131.7 | O57: =+SUM(O10:O56) -> 4.2130605e+08
C58: Presupuesto base Sep-24 | O58: =+O57/H57 -> 1
C59: DEDUCTIVO
B60: 3.12 | C60: Tabiques tanques de H° - H30 (120 kg/m3 de hierro) | D60: m3 | E60: -3 | F60: 536061.6 | G60: =+F60*E60 -> -1608184.8 | J60: =+'SVD 4140_Pto. 01_Cert. 11'!L60 -> 1 | L60: =+J60+K60 -> 1 | M60: =+G60*J60 -> -1608184.8 | N60: =+G60*K60 -> 0 | O60: =+G60*L60 -> -1608184.8
C63: RESUMEN CERTIFICADO | L63: CERT. N° | M63: =+K6 -> 12 | O63: =+O6 -> 46080
C64: Descripción | N64: % | O64: IMPORTE
B65: A | C65: Presupuesto aprobado | O65: =+H57 -> 421306052
B66: B | C66: Anticipo | N66: 0.2 | O66: =+N66*O65 -> 84261210
B67: C | C67: Certificado actual | O67: =+N57 -> 8182131.7
B68: D | C68: Desacopio | N68: =-N66 -> -0.2 | O68: =+N68*O67 -> -1636426.3
B69: E | C69: Deductivo | O69: =+N60 -> 0
B70: F | C70: Subtotal certificacion actual completa (SIN IVA) | O70: =+O67+O68+O69 -> 6545705.3
C71: Actualización por CAC base Sep-24 por fuera de OC
